course_code,course_name,credits,theory_hours
000001,Sinh hoạt lớp,5,0
000002,Đồ án tốt nghiệp,7,0
000003,Đồ án tốt nghiệp,10,0
000004,Khóa luận tốt nghiệp,7,0
000005,Khóa luận tốt nghiệp,10,0
000006,Đồ án tốt nghiệp,5,0
000007,Cơ sở ngành,3,0
000008,Chuyên ngành,4,0
000009,Cơ sở ngành,2,0
000010,Chuyên ngành,3,0
000011,Cơ sở ngành,4,0
000012,Cơ sở ngành (LLNN & PL),5,0
000013,Chuyên ngành (Luật dân sự),5,0
000014,Cơ sở ngành (Kinh tế học),3,0
000015,Chuyên ngành (KTTC nâng cao),4,0
000016,Cơ sở ngành(TLTE2-TCCHĐ......),4,0
000017,Chuyên ngành(PPDM ở TrườngMN),3,0
000018,Cơ sở ngành (LLNN&PL),3,0
000019,Chuyên ngành (Luật Thương mại),4,0
00002,Lý Thuyết Nghề (TN),1,0
000020,Chuyên ngành (Luật dân sự),4,0
000021,Chuyên ngành (Luật hình sự),4,0
000022,Ôn thi tốt nghiệp,0,0
000023,Chính trị (tốt nghiệp),2,0
000024,Kiểm tra năng lực tiếng Anh đầu vào,0,0
000025,Chuyên đề 1 (SHĐK),0,5
000026,Chuyên đề 2 (SHĐK),0,5
000027,Chuyên đề 3 (SHĐK),0,5
000028,Chuyên đề 4 (SHĐK),0,0
000029,Chuyên đề 5 (SHĐK),0,0
00003,Thực Hành Nghề (TN),1,15
000030,Chuyên đề 6 (SHĐK),0,0
000031,Chuyên đề 7 (SHĐK),0,0
000032,Chuyên đề 8 (SHĐK),0,0
000033,Cơ sở ngành (Dược lý thú y),3,0
000034,Chuyên ngành (Bệnh truyền nhiễm thú y),4,0
000035,Cơ sở ngành (Tâm lý học trẻ em 2 + Tổ chức các hoạt động theo hướng tích hợp),3,0
000036,Chuyên ngành (Lý luận và phương pháp phát triển ngôn ngữ cho trẻ +Lý luận và phương pháp hướng dẫn trẻ làm quen với môi trường xung quanh),4,0
000037,Cơ sở ngành (Giải phẩu - sinh lý),3,0
000038,"Chuyên ngành (Chăm sóc sức khỏe người lớn bệnh Nội khoa,Chăm sóc sức khỏe người lớn bệnh Ngoại khoa, Chăm sóc sức khỏe trẻ em)",4,0
000039,Chuyên ngành (Nghiệp vụ ngân hàng),4,0
00004,Cơ Sở Ngành (Tốt nghiệp CĐ),4,0
000040,"Cơ sở ngành (Vệ sinh trẻ em, Tâm lý học trẻ em)",3,0
000041,"Chuyên ngành (Phương pháp hướng dẫn trẻ làm quen với môi trường xung quanh, Phương pháp phát triển ngôn ngữ cho trẻ em)",4,0
000042,Giáo dục chính trị (TN),2,0
000043,Lý thuyết tổng hợp NN (Tâm lý học trẻ em và Vệ sinh trẻ em),2,0
000044,Thực hành nghề nghiệp (Phương pháp phát triển ngôn ngữ cho trẻ em và phương pháp hướng dẫn trẻ làm quen với môi trường xung quanh),2,0
000045,Tốt nghiệp,7,0
000046,Cơ sở ngành (Academic Reading),3,0
000047,Chuyên ngành (Academic Writing),4,0
000048,"Cơ sở ngành (mạch điện, máy điện)",3,0
000049,"Chuyên ngành (Mạng CC điện, ngắn mạch trong HTĐ)",4,0
00005,Chuyên Ngành (Tốt nghiệp CĐ),4,60
000050,Cơ sở ngành (Mạch điện),2,0
000051,Chuyên ngành (Cung cấp điện),3,0
000052,Cơ sở ngành (hóa phân tích),3,0
000053,"Chuyên ngành (Bào chế, dược lý, dược liệu,PL - TCQL)",4,0
000054,Cơ sở ngành (sức bền vật liệu),3,0
000055,"Chuyên ngành (HS, HH, VS, KST)",7,0
000056,Cơ sở ngành (Dinh dưỡng và vệ sinh an toàn thực phẩm),3,0
000057,Chuyên ngành (LT+TH),7,0
000058,Cơ sở ngành (LT),3,0
000059,Chuyên ngành (TH),4,0
00006,Kinh Tế Chính Trị (Tốt Nghiệp),2,0
000060,Cơ sở ngành (Kinh tế nông thôn),3,0
000061,Chuyên ngành (Quản lý dự án phát triển),4,0
000062,Lý thuýêt tổng hợp nghề nghiệp (Tâm lý - Giáo dục; Tiếng Việt),2,0
000063,Thực hành nghề nghiệp (Phương pháp dạy học Tiếng Việt; Phương pháp dạy học Toán),2,0
000064,Lý thuyết tổng hợp nghề nghiệp (Tâm lý học trẻ em; Vệ sinh trẻ em),2,0
000065,Giáo dục chính trị (Tốt nghiệp),2,0
000066,Thực hành nghề nghiệp (Phương pháp phát triển ngôn ngữ cho trẻ em; Phương pháp hướng dẫn trẻ làm quen với môi trường xung quanh),2,0
000067,Tiếng Anh,4,0
000068,Tin học,2,30
000069,"Chuyên ngành (Quản trị nguồn nhân lực, kỹ thuật tổ chức và điều hành công sở, soạn thảo văn bản)",4,0
00007,Hỗ trợ trình ứng dụng VP,4,0
000070,Cơ sở ngành (Dịch tễ học),3,0
000071,"Chuyên ngành (Tổ chức quản lý y tế, Dinh dưỡng an toàn vệ sinh thực phẩm, Sức khỏe môi trường và thảm họa)",4,0
000072,Tin học,2,0
000073,Lập trình cơ bản,4,0
000074,Hướng dẫn đăng ký môn học trực tuyến,0,0
000075,Giáo Dục Thể Chất (TC->ĐH),3,0
000076,Chính trị,2,0
000077,Pháp luật,1,0
000078,Xử lý ảnh cơ bản,3,22
000079,Thiết kế quảng cáo,3,0
00008,Lý Thuyết  Nghề (TN Nghề),1,0
000080,Thiết kế sản phẩm,4,38
000081,Hệ quản trị CSDL,4,0
000082,Biên tập ảnh nghệ thuật,4,0
000084,Chuyên ngành,5,0
00009,Thực Hành Nghề (TN Nghề),2,0
000091,Co-op 1 (KTHP),3,0
000092,Co-op 2 (KTHP),3,0
000093,Co-op 3 (KTHP),3,0
000094,Co-op 4 (KTHP),3,0
000095,Co-op 5 (KTHP),3,0
000096,Co-op 6 (KTHP),3,0
000097,Co-op 7 (KTHP),3,0
000098,Co-op 3 (KTHP),4,0
000099,Co-op 4 (KTHP),4,0
00010,Chính Trị (Tốt Nghiệp),0,0
000100,Cơ sở ngành (Kỹ thuật tổ chức và điều hành công sở),3,0
000101,Chuyên ngành (Quản trị nguồn nhân lực + Kỹ thuật xây dựng và ban hành văn bản),4,0
000102,Co-op 1,4,0
000103,Co-op 2,4,0
000104,Đồ án tốt nghiệp,8,0
000105,Co-op 1,6,0
000106,Co-op 2,6,0
000107,Co-op 3,6,0
000108,Co-op 4,6,0
000109,Co-op 1,8,0
00011,Thi Tốt Nghiệp,8,0
000110,Co-op 2,8,0
000111,Co-op 3,8,0
000112,Co-op 3,4,0
000113,Co-op 4,4,0
000114,Co-op 5,4,0
000115,Co-op 6,4,0
000116,Co-op 1,12,0
000117,Co-op 2,12,0
000118,Co-op 3,10,0
00012,Khoa Học Mác - Lênin(TN),0,0
00013,Chuyên ngành (Tốt Nghiệp ĐH),4,0
00014,Cơ sở ngành (Tốt Nghiệp ĐH),4,0
00015,Cơ sở ngành (ĐH - Kế toán),5,0
000150,Kỹ năng mềm,2,0
00016,Chuyên Ngành,5,0
00017,Cơ sở ngành,5,0
00018,Chuyên ngành (ĐH - QTKD),5,0
00019,Chuyên ngành,3,0
00020,Cơ sở ngành,2,0
00021,Cơ sở ngành (ĐH),4,0
00022,Chuyên ngành (ĐH),6,0
00023,Cơ sở ngành (TN),3,0
00024,Chuyên ngành,2,0
00025,Cơ sở ngành,6,0
00026,Chuyên ngành (TN),4,0
00027,Cơ sở ngành (CĐ - KT),2,0
00028,Chuyên ngành (CĐ - KT),3,0
00029,Cơ sở ngành,4,0
00030,Chuyên ngành,4,0
00031,Cơ sở ngành (CĐ - CK),2,0
00032,Chuyên ngành (CĐ - CK),3,0
00033,Cơ sở ngành,3,0
00034,Lý thuyết tổng hợp NN(TN),2,0
00035,Thực hành nghề nghiệp (TN),3,0
00036,Thực hành nghề nghiệp (TN),2,0
00037,Khoá Luận Tốt Nghiệp,10,0
00038,Lý Thuyết Nghề Nghiệp (TN),2,0
00039,Thực Hành Nghề Nghiệp (TN),2,0
00040,Cơ Sở Ngành (TN),4,0
00041,Chuyên Ngành (TN),4,0
00042,Cơ Sở Ngành (TN),3,0
00043,Chuyên Ngành (TN),5,0
00044,Chứng chỉ Anh văn,0,0
00045,Chứng chỉ Tin học,0,0
00046,"Đối chiếu bằng (THPT,TC,CĐ)",0,0
00047,Cơ Sở Ngành (ĐH),6,0
00048,Chuyên Ngành (ĐH),4,0
00049,"Lý thuyết tổng hợp nghề nghiệp (Nghiệp vụ văn phòng, kỹ năng giao tiếp)",2,0
00050,"Thực hành nghề nghiệp (Soạn thảo văn bản, lưu trữ văn bản, Xử lý thư và công văn)",2,0
00051,Giáo dục chính trị (TN),2,0
00052,Lý thuýêt tổng hợp nghề nghiệp (Tâm lý - Giáo dục; Tiếng Việt),2,0
00053,Thực hành nghề nghiệp (Phương pháp dạy học Tiếng Việt; Phương pháp dạy học Toán),2,0
094.07,GDTC 4 (Bóng bàn cơ bản),1,0
10001,Chuyên Đề Tiếp Dân Và CTDV,6,0
10002,Chuyên Đề Công Tác ANQP,6,75
10003,Chuyên Đề Công Tác VH-XH-YT,7,0
10004,Chuyên Đề Phát Triển KTĐP,5,0
10005,Chuyên Đề Công Tác Địa Chính,5,0
10006,Chuyên Đề Điều Hành CV UBND,7,0
10007,Chuyên Đề Quản Lý Tài Chính NS,7,60
10008,Chuyên Đề Quản Lý Các DA ĐầuTư,6,0
10009,Chuyên Đề Tư Pháp Hộ Tịch,4,0
10010,Chuyên Đề XD Chiến Lược PTNT,1,0
10011,Cơ Sở Ngành (Tốt Nghiệp ĐH),5,0
10012,Chuyên Ngành (Tốt Nghiệp ĐH),5,0
10013,Giáo Dục Thể Chất (TC->CĐ),0,0
10014,Giáo Dục Thể Chất (CĐ->ĐH),0,0
10015,Giáo Dục Thể Chất (TC->ĐH),0,0
10016,Những NLCB của CNMác-Lênin(TN),0,0
10017,CĐ bồi dưỡng LL chính trị(TN),0,0
10018,Triết Học (Tốt nghiệp),0,0
10019,CĐBD lý luận chính trị (TN),0,0
10020,Những NLCB của CN Mác-Lênin,0,0
10021,Chính trị (TN),2,0
10022,Chính trị (Tốt nghiệp),2,0
10023,Giáo dục thể chất (TC->ĐH),0,0
110000,Vi tích phân A1,3,0
110001,Đại số tuyến tính,2,15
110002,Vi tích phân A2,2,15
110003,Toán rời rạc,2,15
110004,Toán cao cấp A1,3,30
110005,Toán cao cấp A2,2,15
110006,Xác suất thống kê,2,15
110007,Toán cao cấp,4,0
110008,Toán rời rạc,2,0
110009,Toán cao cấp,3,30
11001,Toán 1,5,80
110010,Toán rời rạc,3,45
110011,CĐ KT Kho Bạc & Ngân Sách NN,2,15
110012,CĐ KT Kho Bạc Và KT Ngân Sách,2,15
110013,CĐ Kinh Tế - TC - Ngân Hàng,2,0
110014,Luật Kinh Tế,2,0
110015,Lý Thuyết Kế Toán,5,0
110016,Lý Thuyết Thống Kê,3,0
110017,Lý Thuyết Tài Chính,3,0
110018,Lý Thuyêt Tiền Tệ Tính Dụng,3,0
110019,Luật Kinh Tế,1,30
11002,Toán 2,5,0
110020,Toán đại cương,2,15
110021,Xác Suất Thống Kê 2,3,0
110022,Lý Thuyết Thống Kê,2,0
110023,Lý Thuyết Tài Chính,2,30
110024,Thống Kê Doanh Nghiệp,3,0
110025,TH Kế Toán Doanh Nghiệp,6,0
110026,Sử Dụng Phần Mềm Access,4,0
110027,CĐ Kinh Tế TC Ngân Hàng,1,0
110028,Lý Thuyết Tài Chính,2,0
110029,Thống Kê Doanh Nghiệp,3,0
11003,Toán 3,5,0
110030,Thực Hành Kế Toán Doanh nghiệp,6,0
110031,Lý Thuyết Thống Kê,2,0
110032,Kiểm Toán,1,0
110033,Tài Chính Doanh Nghiệp,3,15
110034,Toán cao cấp A3,2,15
110035,Lý thuyết XS và TK toán,4,0
110036,Vi tích phân A1,3,15
110037,Lý thuyết XS và TK toán,3,30
110038,Vi tích phân,4,0
110039,Xác suất - Thống kê,3,30
11004,Toán 4,5,80
110040,Toán cao cấp,3,0
110041,Vi tích phân,3,0
110042,Vi tích phân A1,3,30
110043,Toán cao cấp,2,15
110044,Hàm phức và toán tử laplace,2,15
110045,Toán cao cấp (C2),3,0
110046,Cấu trúc dữ liệu,3,0
110047,Giải tích 1,3,30
110048,Lập trình căn bản,3,0
110049,Giải tích 2,2,0
11005,Toán 5,5,0
110050,Đại số tuyến tính,3,30
110051,Khám phá tri thức từ dữ liệu,3,0
110052,Phương trình vi phân,3,0
110053,Giải tích 3,3,0
110054,Toán rời rạc,3,0
110055,Hệ điều hành,2,15
110056,Cơ và nhiệt đại cương,2,0
110057,Quy hoạch tuyến tính,2,15
110058,Giải tích hàm,3,0
110059,Thống kê nâng cao,3,30
11006,Toán 6,5,0
110060,Phương pháp mô phỏng ngẫu nhiên,2,0
110061,Giải tích phức,2,0
110062,Xử lí số liệu thống kê,3,0
110063,Phương trình đạo hàm riêng,3,30
110064,Lý thuyết độ đo và tích phân,3,0
110065,Thống kê nhiều chiều,3,0
110066,Thuật toán tối ưu,2,0
110067,Xác suất nâng cao,2,0
110068,Phương pháp tính,2,0
110069,Anh văn chuyên ngành,2,0
11007,Toán 1 (2001),4,60
110070,Thống kê phi tham số,3,30
110071,Thống kê dự báo,3,0
110072,Quá trình ngẫu nhiên,3,0
110073,Thống kê xã hội,2,0
110074,Thống kê sinh học và bố trí thí nghiệm,2,0
110075,Thống kê kinh tế,3,0
110076,Kinh tế học,3,0
110077,Quản trị rủi ro,2,0
110078,Giải thuật và thiết kế giải thuật,3,0
110079,Kiến trúc máy tính,3,30
11008,Toán 2 (2001A),4,0
110080,Nhập môn công nghệ phần mềm,2,0
110081,Chuyên đề tin học,2,15
110082,Chuyên đề xác suất thống kê,2,0
110083,Thống kê Bayes,3,0
110084,Thống kê kinh tế,3,0
110085,Phân loại và nhận dạng thống kê,3,0
110086,Toán tài chính nâng cao,2,0
110087,Phân tích chính sách kinh tế,3,0
110088,Phân tích tài chính,3,30
110089,Hệ quản trị cơ sở dữ liệu,2,0
11009,Toán 2 (2001B),5,0
110090,Quản lý dự án tin học,3,0
110091,Lập trình ứng dụng mạng,3,0
110092,Toán cao cấp,4,0
110093,Đại số tuyến tính,2,30
110094,Vi tích phân A1,2,0
110095,Toán thống kê,2,15
110096,Xác suất thống kê,2,30
110097,Xác suất thống kê ứng dụng,2,0
110098,Phương pháp tính,2,30
11010,Toán 3 (2001A),4,0
11011,Toán 3 (2001B),5,0
11012,Toán 4 (2001A),4,0
11013,Toán 4 (2001B),5,0
11014,Toán 5 (2001),5,0
11015,Toán 6 (2001),5,0
11016,Phương Pháp Tính,4,0
11017,Toán Cao Cấp 1,3,0
11018,Toán Cao Cấp 2,3,0
11019,Toán Cao Cấp 3,2,0
11020,Toán Rời Rạc,4,60
11021,Vi Tích Phân A1,4,60
11022,Vi Tích Phân A2,5,0
11023,Xác Suất Thống Kê,3,0
11024,Đại Số Tuyến Tính,5,0
11025,Tin Học Đại Cương,2,0
11026,Tin Học,3,0
11027,Tin Học Đại Cương,3,0
11028,TH Tin Học Đại Cương,2,0
11029,Đại Số Tuyến Tính,3,0
11030,Toán Cao Cấp A1,5,0
11031,Toán Cao Cấp A2,4,0
11032,Toán Cao Cấp,6,0
11033,Xác Suất Thống Kê,4,0
11034,Toán Cao Cấp A3,3,0
11035,Toán Cao Cấp,5,0
11036,Toán Cao Cấp 1,4,0
11037,Hàm Phức Toán Tử,3,0
11038,Tin học đại cương,4,0
11039,Toán Kinh Tế,4,0
11040,Đại Số Tuyến Tính,4,0
11041,Lý Thuyết Xác Suất Và TK Toán,4,60
11042,Vi Tích Phân A1,5,0
11043,Vi Tích Phân A2,4,0
11044,Toán Kinh Tế,3,0
11045,Toán Cao Cấp A3,4,0
11046,Giải Tích Đại Số,3,0
11047,Hình Học Lượng Giác,3,45
11048,Vật Lý (Cơ Điện),3,45
11049,Vật Lý (Quang+Vật Lý Hạt Nhân),3,0
11050,Văn Học,4,0
11051,Toán 1,4,0
11052,Toán 2,4,0
11053,Toán 3,4,0
11054,Toán 4,4,0
11055,Toán 5,4,0
11056,Toán 6,4,0
11057,Đại Số Tuyến Tính,2,0
11058,Nhập Môn LT Xác Suất & TK Toán,2,0
11059,Toán cao cấp A1,3,30
120000,Vật lý đại cương A1,3,30
120001,Vật lý đại cương A2,3,0
120003,Vật lý đại cương,3,30
120004,Vật lý đại cương,2,15
120005,Vật lý đại cương,4,0
120006,Vật lý đại cương A2,2,15
120007,Vật lý đại cương,3,45
120008,Vật lý đại cương,4,45
120009,Cơ học đại cương,2,15
12001,Vật Lý 1,2,0
120010,Nhiệt học và nhiệt động lực học,3,0
120011,Hóa vô cơ,2,0
120012,Điện và từ,2,0
120013,Quang học,3,0
120014,Phương pháp toán lý,3,0
120015,Hóa  học phân tích,2,0
120016,Anh văn chuyên ngành,2,0
120017,Cơ học lượng tử,3,0
120018,Cấu trúc thấp chiều và công nghệ vật liệu nano,2,0
120019,Nhập môn Khoa học vật liệu,2,15
12002,Vật Lý 2,2,0
120020,Vật lý màng mỏng,3,30
120021,Thực hành chuyên đề 1,1,0
120022,Linh kiện điện tử căn bản,3,0
120023,Kỹ thuật điện tử,2,15
120024,Vật liệu điện,2,0
120025,Seminar chuyên ngành,2,0
120026,Vật lý chất rắn,3,30
120027,Vật lý thống kê,2,0
120028,Thực hành chuyên đề 2,1,0
120029,Vật liệu siêu dẫn và ứng dụng,3,0
12003,Vật Lý 3,2,0
120030,Vật liệu mới trong kỹ thuật,2,15
120031,Vật liệu ceramic,2,0
120032,Vật liệu Polymer và composite,2,0
120033,Phương pháp chế tạo vật liệu,2,0
120034,Phương pháp phân tích đo lường và tính toán trong khoa học vật liệu,3,0
120035,Vật liệu từ,2,0
120036,Vật lý môi trường,2,0
120037,Quang điện tử và quang tử,2,0
120038,Mô phỏng trong khoa học vật liệu,2,0
120039,Thực hành chuyên đề 3,1,0
12004,Vật Lý 4,2,32
120040,Hạt Nano và ứng dụng trong Y – sinh,3,0
120041,Cảm biến và ứng dụng trong Y – sinh,3,0
120042,Khuyết tật trong vật liệu,2,0
120043,Thực hành chuyên đề 4,1,0
120044,Vật liệu và công nghệ xử lý nước,3,0
120045,Thực tập thực tế,2,0
120046,Tiểu luận tốt nghiệp,3,0
120047,Vật liệu linh kiện bán dẫn,3,0
120048,Vật lý Laser và ứng dụng,2,0
120049,Vật liệu cách âm - cách nhiệt cơ học,2,0
12005,Vật Lý 5,2,0
120050,Vật lý đại cương,3,0
120051,Vật lý đại cương (điện - quang),2,15
12006,Vật Lý 6,2,0
12007,Vật Lý 1 (2001),5,0
12008,Vật Lý 2 (2001),5,0
12009,Vật Lý 3 (2001),5,0
12010,Vật Lý Đại Cương,5,75
12011,TH Vật Lý Đại Cương,1,0
12012,Vật Lý Đại Cương A1,4,0
12013,Vật Lý Đại Cương A2,4,0
12014,Vật Lý Đại Cương,6,90
12015,Vật Lý Đại Cương A1,3,0
12016,TH Vật Lý Đại Cương A1,1,0
12017,Vật Lý Đại Cương A2,3,0
12018,Vật Lý đại Cương,3,0
12019,Vật lý đại cương A1,3,0
13000,Hoá Học Đại Cương,4,60
130000,Hóa học đại cương,4,0
130001,Hóa học đại cương,3,0
130002,TH Hoá học đại cương,1,0
130003,Hóa hữu cơ,3,0
130004,TH Hoá hữu cơ,1,0
130005,Hóa học đại cương,3,30
130006,Sinh Hóa,2,0
130007,TH Sinh Hóa,1,0
130008,Sinh học,2,0
130009,TH Sinh học,2,0
13001,Hóa Học 1,2,0
130010,Hóa học đại cương,2,30
130011,TH Hoá học đại cương,1,0
130012,TH Sinh học,1,0
130013,Hóa phân tích,2,0
130014,TH Hóa phân tích,1,0
130015,Hóa hữu cơ,4,0
130016,Hóa hữu cơ,3,30
130017,Hóa học đại cương,3,30
130018,Hóa học trong thủy sản,4,0
130019,Hóa học,3,0
13002,Hóa Học 2,2,0
130020,Hóa phân tích,2,0
130021,Sinh học,3,30
130022,Sinh học,4,0
130023,Hóa học,3,30
130024,Hóa phân tích,3,30
130025,Hóa học đại cương,4,0
130026,Hóa hữu cơ,3,30
130027,Hóa học,4,0
130028,Hóa lý,3,30
130029,Hóa học,2,30
13003,Hóa Học 3,2,32
130030,Hóa sinh,2,0
130031,Hóa lý dược,2,0
130032,Hóa lý,2,15
130033,Hóa học đại cương,2,15
130034,Sinh học đại cương,4,0
13004,Hóa Học 4,2,0
13005,Hóa Học 5,2,0
13006,Hóa Học 6,2,0
13007,Hóa Học Đại Cương,3,0
13008,Hóa Phân Tích,3,0
13009,Hóa Thực Phẩm,3,0
13010,Hóa Học (PT & TS),2,0
13011,TH Hóa Học (PT & TS),2,0
13012,Hóa Phân Tích,2,0
13013,TH Hóa Phân Tích,1,0
13014,Hóa Hữu Cơ,4,0
13015,Sinh Hoá,3,0
13016,TH Sinh Hoá,1,0
13017,Hoá Hữu Cơ,3,0
13018,TH Hoá Hữu Cơ,1,0
13019,Hóa Hữu Cơ,3,0
13020,Hoá Học Vô Cơ I,4,0
13021,TH Hoá Học Vô Cơ I,2,0
13022,Cơ Sở Hoá Học Hữu Cơ I,4,60
13023,TH Cơ Sở Hoá Học Hữu Cơ I,2,0
13024,Cơ Sở Hoá Học Phân Tích I,4,0
13025,TH Cơ Sở Hoá Học Phân Tích I,2,0
13026,Hoá Lý I,4,0
13027,TH Hoá Lý I,2,0
13028,Cơ Sở Hoá Học Hữu Cơ II,4,0
13029,TH Cơ Sở Hoá Học Hữu Cơ II,2,0
13030,Cơ Sở Hoá Học Phân Tích II,4,0
13031,TH Cơ Sở Hoá Học Phân Tích II,2,0
13032,Hoá Lý II,4,0
13033,TH Hoá Lý II,2,0
13034,Hoá Học Vô Cơ II,4,0
13035,TH Hoá Học Vô Cơ II,2,0
13036,Hoá Học Vô Cơ I,6,0
13037,Cơ Sở Hoá Học Hữu Cơ I,6,0
13039,Hoá Lý I,6,60
13040,Cơ Sở Hoá Học Hữu Cơ II,6,0
13041,Cơ Sở Hoá Học Phân Tích II,6,0
13042,Hoá Lý II,6,0
13043,Hoá Học Vô Cơ II,6,0
13068,Cơ Sở Hoá Học Phân Tích I,6,0
13069,Hoá Học Đại Cương,2,0
13070,Hoá Học Đại Cương,3,0
13071,Các PP Phân Tích Quang Phổ I,6,0
13072,Cơ Chế Phản ứng HH Hữu Cơ,6,0
13073,Hoá Học Polymer,6,0
13074,Hoá Lý Polymer,6,0
13075,Các PP Phân Tích Quang Phổ II,6,0
13076,Hoá Học Lập Thể,6,60
13077,Hoá Học Polymer Linh Hoạt I,6,0
13078,Hoá Lý Polymer Linh Hoạt I,6,0
13079,Lab View,6,60
13080,Hoá Học Trong Thuỷ Sản,4,0
13081,TH Hoá Học Trong Thuỷ Sản,1,0
13082,Các Phương Pháp PT Điện Hoá,6,0
13083,Tính Chất Lý Hoá Của VL Nano I,6,0
13084,Hoá Học Polymer Linh Hoạt II,6,0
13085,Hoá Lý Polymer Linh Hoạt II,6,0
13086,Các Quy Định Và CS Trong CNHH,4,0
13087,Tính Chất Lý Hoá Của VL NanoII,6,0
13088,UD Của Polymer LH Trong CN In,6,0
13089,UD Của Polymer LH Trong ĐT&BD,6,0
13090,Ứng Dụng Của Vật Liệu Nano,6,60
13091,Hoá Tin,6,60
13092,DA NC&PT Trong Lĩnh Vực HHPT I,5,0
13093,DA NC&PT Trong LVực VL Nano I,5,0
13094,DA NC&PT Trong LV Polymer LH I,5,0
13095,Hoá Học & Hoá Lý Polymer LH 2,9,0
13096,Thực Tập Thực Tế,2,0
13097,Hoá Học Xanh,3,0
13098,Thiết Kế Đồ Hoạ,3,0
13099,Tính Chất Lý Hoá Của VL Nano 1,3,0
13100,Organic & Printed electronics1,3,0
13101,Thực Tập Thực Tế 2,2,0
13102,Ứng Dụng Tin Học Trong Hoá Học,2,0
13103,Công Nghệ In,3,0
13104,CN Tạo Hình 2 Chiều Và 3 Chiều,3,0
13105,Tính Chất Lý Hoá Của VL Nano 2,3,0
13106,Ứng Dụng Của Vật Liệu Nano,3,0
13107,UD Của Polymer &Composite PHSH,3,0
13108,Polymer Phân Huỷ Sinh Học,3,0
13109,Các Phương Pháp PT Điện Hoá,5,0
13110,Pháp Luật Về Sở Hữu Trí Tuệ,2,0
13111,Tiêu Chuẩn ISO &Tiêu Chuẩn GMP,2,0
13112,Các Quy Định & CS Trong CNHH,2,0
13113,Các PP Phân Tích Quang Phổ 1,5,0
13114,Cơ Chế Phản ứng HH Hữu Cơ,3,45
13115,Hoá Học Và Hoá Lý Polymer,8,0
13116,Ứng Dụng Tin Học Trong HH,2,0
13117,Hoá Học & Hoá Lý Polymer LH 1,9,0
13118,Các PP Phân Tích Quang Phổ 2,5,0
13119,Hoá Học Lập Thể,3,0
13120,Lab View,4,0
13121,Organic &Printed electronics 2,3,0
13122,Ứng Dụng Của Polimer LH,3,0
13123,PP Viết BBKH Bằng Tiếng Anh,3,30
13124,Đồ án Tốt Nghiệp,10,0
13125,Hóa học đại cương - Vô cơ,4,0
13126,Hóa hữu cơ,3,0
13127,Hóa sinh,3,0
13128,Hóa phân tích,5,0
13129,Hóa học đại cương,4,30
14001,Sinh Học 1,1,0
14002,Sinh Học 2,1,0
14003,Sinh Học 3,2,0
14004,Sinh Học 4,1,16
14005,Sinh Học 5,1,0
14006,Sinh Học 6,2,0
14007,Sinh Học Đại Cương,3,0
14008,Sinh Vật 1,1,0
14009,Sinh Vật 2,1,0
14010,Sinh Vật 3,2,0
14011,Sinh Vật 4,1,0
14012,Sinh Vật 5,2,0
14013,Sinh Vật 6,1,0
14014,Vi Sinh Đại Cương,3,0
14015,Vi Sinh Đại Cương,2,0
14016,Vi Sinh Đại Cương - BVTV,3,0
14017,Vi Sinh Thủy Sản,3,0
14018,Vi Sinh Đại Cương - TS (18Th),3,0
14019,Vi Sinh Đại Cương - TS (2001),2,0
14020,Thực Tập Vi Sinh,1,0
14021,Sinh Học,4,0
14022,TH Sinh Học,2,0
14023,Sinh Hoá Đại Cương,3,0
14024,Sinh Học,4,0
14025,Vi Sinh Thú Y,3,0
14026,Chăn Nuôi Bò,2,0
14027,TH Chăn Nuôi Bò,1,0
14028,Chăn Nuôi Dê,2,0
14029,TH Chăn Nuôi Dê,1,0
14030,Bệnh Ký Sinh Trùng,2,0
14031,TH Bệnh Ký Sinh Trùng,1,0
14032,Bệnh Truyền Nhiễm,4,0
14033,TH Bệnh Truyền Nhiễm,2,0
14034,Thụ Tinh Nhân Tạo,3,0
14035,TH Thụ Tinh Nhân Tạo,1,0
14036,Thực Tập Giáo Trình,1,0
14037,Khuyến Nông,2,0
14038,TH Khuyến Nông,1,0
14039,Luật Thú Y - Luật Chăn Nuôi,1,15
14040,Thực Tập Thực Tế,1,0
14041,Vi Sinh Thuỷ Sản,2,30
14042,TH Vi Sinh Thuỷ Sản,1,0
14043,TH Vi Sinh Đại Cương,1,0
14044,Sinh Học,2,0
14045,TH Sinh Học,1,0
14046,TH Vi Sinh Thú Y,1,0
14047,Vi Sinh Thú Y,2,0
14048,TH Sinh Hoá Đại Cương,1,0
14049,Trồng Trọt Đại Cương,1,0
14050,TH Trồng Trọt Đại Cương,1,0
14051,TH Cơ Thể Học,1,0
14052,Vi Sinh Chăn Nuôi,2,0
14053,TH Vi Sinh Chăn Nuôi,1,0
14054,Giống Vật Nuôi,3,0
14055,TH Giống Vật Nuôi,1,0
14056,Sinh Lý Gia Súc,4,0
14057,TH Sinh Lý Gia Súc,1,0
14058,Bệnh Nội Khoa,2,0
14059,TH Bệnh Nội Khoa,1,0
14060,Chăn Nuôi Heo,4,0
14061,Đồng Cỏ - Thức Ăn,2,0
14062,TH Đồng Cỏ - Thức Ăn,1,0
14063,Dinh Dưỡng - Thức Ăn Gia Súc,3,0
14064,TH Dinh Dưỡng Gia Súc,1,0
14065,Thụ Tinh Nhân Tạo,2,0
14066,TH Trồng Trọt Đại cương,3,0
14067,Dinh Dưỡng Và Thức Ăn C.Nuôi,2,30
14068,TH Dinh Dưỡng Và Thức Ăn CN,2,0
14069,Chăn Nuôi Thỏ,2,0
14070,Sinh Học,3,0
14071,Giống Vật Nuôi,2,0
14072,Chăn Nuôi Gia Cầm,3,45
14073,Chuyên Đề Về Kỹ Thuật CN,1,0
14074,Thực Tập Tốt Nghiệp,10,0
14075,Thực Tập Thực Tế,10,0
150000,Kỹ năng mềm (05 kỹ năng),0,0
150001,Kỹ năng mềm (05 kỹ năng),2,0
150002,Kỹ năng mềm,2,0
150003,Kỹ năng mềm - Xây dựng Hồ sơ năng lực điện tử ,0,5
150004,Kỹ năng mềm - Đàm phán,0,5
150005,Kỹ năng mềm - Giải quyết vấn đề,0,5
150006,Kỹ năng mềm - Giao tiếp,0,5
150007,Kỹ năng mềm - Kiểm soát sự căng thẳng,0,5
150008,Kỹ năng mềm - Làm việc nhóm,0,5
150009,Kỹ năng mềm - Quản lý sự thay đổi,0,5
15001,Lịch Sử 1,2,32
150010,Kỹ năng mềm - Quản lý tài chính cá nhân,0,5
150011,Kỹ năng mềm - Quản lý thời gian và tổ chức công việc,0,5
150012,Kỹ năng mềm - Thuyết trình,0,5
150013,Kỹ năng mềm - Tìm kiếm thông tin và đọc hiểu tài liệu,0,5
150014,Kỹ năng mềm - Tư duy phản biện,0,5
150015,Kỹ năng mềm - Tư duy sáng tạo,0,5
150016,Kỹ năng mềm - Bảo vệ môi trường,0,5
150017,Kỹ năng mềm - Thực hiện bình đẳng giới,0,5
150018,Kỹ năng mềm – Khởi nghiệp,0,5
150019,Kỹ năng mềm – Ứng dụng AI trong học tập và nghiên cứu,0,5
15002,Lịch Sử 2,1,0
15003,Lịch Sử 3,1,0
15004,Lịch Sử 4,1,0
15005,Lịch Sử 5,2,0
15006,Lịch Sử 6,1,0
15007,Xác Suất Thống Kê 2,3,0
15008,,3,0
160001,Tiếng Khmer,2,0
160002,Nhập môn công tác xã hội,3,0
160003,Tôn giáo học đại cương,2,0
160004,Phân tích dữ liệu nghiên cứu,2,15
160005,An sinh xã hội và chính sách xã hội,3,30
160006,Tâm lí học phát triển,2,0
160007,Tham vấn trong công tác xã hội,3,30
160008,Công tác xã hội cá nhân,3,0
160009,Vấn đề dân tộc và chính sách dân tộc thiểu số,2,0
16001,Địa Lý 1,1,0
160010,Công tác xã hội trong gia đình và trẻ em,3,30
160011,Công tác xã hội nhóm,2,15
160012,Thực hành công tác xã hội cá nhân,3,0
160013,Công tác xã hội trong lĩnh vực phụ nữ và phát triển,3,30
160014,Công tác xã hội với người lao động,2,15
160015,Xây dựng dự án và quản lí dự án trong công tác xã hội,3,30
160016,Thực hành công tác xã hội nhóm,3,0
160017,Công tác xã hội trong lĩnh vực học đường,3,30
160018,Thực hành công tác xã hội cộng đồng,3,0
160019,Công tác xã hội trong lĩnh vực y tế và chăm sóc sức khỏe,3,30
16002,Địa Lý 2,2,32
160020,Công tác xã hội với người cao tuổi,2,15
160021,Công tác xã hội với người nghèo,2,15
160022,Sức khỏe cộng đồng,2,15
160023,Quản lý trường hợp nâng cao,3,0
160024,Xây dựng dự  án và quản lí dự án trong CTXH,3,0
160025,Truyền thông và vận động xã hội,2,15
160026,Quản trị trong công tác xã hội,2,15
160027,Tâm lí học xã hội,2,0
160028,Lý thuyết về thực hành công tác xã hội,2,0
160029,Kiểm huấn công tác xã hội,2,15
16003,Địa Lý 3,1,0
160030,Công tác xã hội với trẻ em cần sự bảo vệ đặc biệt,2,0
160031,Công tác xã hội với người khuyết tật,2,15
160032,Giáo dục và chăm sóc sức khỏe cộng đồng,2,0
160033,Công bằng xã hội,2,0
160034,Văn hóa – xã hội Nam Bộ,3,0
160035,Văn hóa – xã hội của người Khmer ở Nam Bộ,2,0
160036,Văn hóa – xã hội của người Hoa ở Nam Bộ,2,15
160037,Văn hóa – xã hội của người Chăm ở Nam Bộ,2,0
160038,Thực tập cuối khóa,3,0
160039,Công tác xã hội với dân tộc thiểu số,2,15
16004,Địa Lý 4,1,0
160040,Công tác xã hội trong bệnh viện,3,15
160041,Thực hành công tác xã hội (cá nhân và nhóm),3,0
160042,Chăm sóc sức khỏe tâm thần,2,0
160043,Công tác xã hội trong lĩnh vực phụ nữ và phát triển,2,0
160044,Công tác xã hội trong lĩnh vực pháp luật và tội phạm,2,0
160045,Thiết kế nghiên cứu trong CTXH,3,0
160046,Tâm lý học tệ nạn xã hội,2,15
160047,"Hoạt động Đoàn, Hội trong phát triển công động",2,0
160048,Văn hóa - xã hội Nam Bộ,2,15
160049,Quản lý trường hợp nâng cao,2,0
16005,Địa Lý 5,2,32
160050,Khoa học giao tiếp,2,0
160051,Đạo đức nghề nghiệp,1,0
160052,Công tác xã hội cá nhân,2,15
160053,Công tác xã hội với gia đình và trẻ em,2,15
160054,Quản lý trường hợp,2,15
160055,Thực hành công tác xã hội phát triển cộng đồng,3,0
160056,Công tác xã hội trong lĩnh vực bình đẳng giới và phòng chống bạo lực gia đình,2,15
160057,Thực hành công tác xã hội cá nhân và nhóm,4,0
160058,Công tác xã hội trong lĩnh vực thảm họa,2,15
160059,Công tác xã hội với trẻ em cần sự bảo vệ đặc biệt,2,15
16006,Địa Lý 6,1,0
160060,Hạnh phúc học,2,15
160061,Nhập môn công tác xã hội,3,15
160062,Đạo đức nghề công tác xã hội,2,15
160063,Sơ cấp cứu thông thường và một số bệnh thường gặp,3,30
160064,Công tác xã hội trong lĩnh vực chăm sóc sức khỏe tâm thần,2,15
160065,Thực tập thực tế nghề nghiệp,2,0
160066,Công tác xã hội trong lĩnh vực học đường,2,0
160067,Thực hành công tác xã hội phát triển cộng đồng,2,0
160068,Công tác xã hội với người nhiễm HIV/AIDS,2,15
160069,Thiết kế nghiên cứu công tác xã hội trong lĩnh vực y tế,3,30
16007,Địa Lý Kinh Tế Việt Nam,2,30
160070,Quản lý stress với nhân viên công tác xã hội,2,15
170000,Tiếng Khmer thực hành 1,1,0
170001,Tiếng Khmer thực hành 1,3,0
170002,Tiếng Khmer thực hành 2,3,0
170003,Cơ sở văn hóa Việt Nam,2,15
170004,Ngôn ngữ học đại cương,2,15
170005,Lịch sử văn minh thế giới,3,0
170006,Nhân học đại cương,2,15
170007,Tôn giáo và văn hóa,2,0
170008,Quản lí văn hóa,2,0
170009,Văn hóa học,2,15
17001,PP Nghiên Cứu Khoa Học,2,30
170010,Văn hóa ấn Độ,2,15
170011,Tiếng Việt thực hành,2,15
170012,Đất nước học,3,0
170013,Tiếng Việt thực hành,3,30
170014,Tiếng Việt thực hành,2,0
170015,Tiếng Việt thực hành,3,45
170016,Phật G Trong CĐ Người Khmer NB,4,0
170017,Tiếng Khmer thực hành 3,3,0
170018,Văn học dân gian Khmer,2,15
170019,Văn hoá Đông Nam á,2,15
17002,PP Nghiên Cứu Khoa Học A,2,0
170020,Tiêu đề và PC VB tiếng Việt,2,0
170021,Lý thuyết thông phiên dịch,2,0
170022,Dịch thuật NN Khmer - Việt 1,2,0
170023,Giới và HN GĐ người Khmer NB,2,0
170024,Các nền văn hoá cổ ở Việt Nam,2,0
170025,Tiếng Khmer thực hành 4,3,0
170026,Dịch thuật NN Khmer - Việt 2,2,0
170027,"Phong tục, TN, lễ hội Khmer NB",4,0
170028,Nghệ thuật diễn xướng Khmer NB,3,0
170029,Bảo tàng học,2,0
17003,PP Nghiên Cứu Khoa Học B,1,0
170030,Logic học,2,0
170031,Địa văn hoá Nam Bộ,2,0
170032,Truyền thông đại chúng,2,15
170033,"Phong tục, TN, LH, Khmer NB",3,0
170034,Dịch thuật NN Khmer - Việt 3,4,30
170035,Phật giáo Khmer Nam Bộ,2,0
170036,Văn hoá trong kinh doanh,2,0
170037,"Phum, sóc của người Khmer NB",2,0
170038,Kiến trúc và MT TT Khmer NB,2,0
170039,ẩm thực và TP người Khmer NB,2,0
17004,Cơ Sở Văn Hóa Việt Nam,3,0
170040,Vấn đề GD trong ĐB Khmer,2,0
170041,Văn hoá so sánh,2,0
170042,Tộc người và VH tộc người ở VN,2,0
170043,Văn học Khmer đương đại,2,15
170044,Du lịch học,2,0
170045,Văn hóa nông thôn,2,30
170046,Văn hóa các DTTS Việt Nam,2,0
170047,Văn hóa giao tiếp,2,15
170048,Văn hóa học,3,0
170049,Phong tục & lễ hội Khmer NB,2,0
17005,Ngôn Ngữ Học Đại Cương,4,60
170050,Đất nước học,4,45
170051,Văn hóa dân gian Nam Bộ,2,0
170052,Văn hóa gia đình Nam Bộ,2,0
170053,Tổ chức các SK VH vùng DTTS,3,0
170054,Xây dựng và QL các dự án VH,2,0
170055,Tổ chức và QL hoạt động DL,3,0
170056,Địa danh và địa danh Tây NB,2,0
170057,Nghiệp vụ văn phòng,2,15
170058,Nghiệp vụ du lịch,2,15
170059,"Đường lối VH, V.Nghệ của ĐCSVN",2,15
17006,Thư Tín Giao Dịch,3,0
170060,Tôn giáo và tôn giáo ở Nam Bộ,3,0
170061,Phương pháp điền dã DT học,2,0
170062,Các nền văn hoá cổ ở Nam Bộ,2,0
170063,Kỹ năng soạn thảo văn bản,2,0
170064,Kỹ năng hướng dẫn du lịch,2,15
170065,GL và tiếp biến VH các DTTNB,2,0
170066,Tiếp cận VH từ góc nhìn VH,2,0
170067,VĐ GD trong ĐB người Khmer NB,2,0
170068,Bản sắc văn hóa Việt Nam,3,0
170069,Văn hoá dân gian Nam Bộ,2,15
17007,Tiếng Việt Thực Hành,3,0
170070,Dịch thuật NN Khmer - Việt 4,4,0
170071,Thực tập tốt nghiệp (VH),3,0
170072,Khoá luận tốt nghiệp (VH),10,0
170073,Nghệ thuật diễn xướng Khmer NB,2,0
170074,Dịch thuật NN Khmer - Việt 3,3,0
170075,Nghệ thuật Khmer Nam Bộ,2,15
170076,Công tác dân vận,2,0
170077,Di sản văn hoá Việt Nam,2,0
170078,Văn hoá VN trong bối cảnh ĐNA,3,0
170079,Văn hoá người Chăm ở Nam Bộ,2,0
17008,Văn - Tiếng Việt 1,4,64
170080,Văn hoá người Hoa ở Nam Bộ,2,0
170081,Khoá luận tốt nghiệp (VDT),5,0
170082,Văn hoá gia đình Nam Bộ,2,0
170083,Khoá luận tốt nghiệp (VH),7,0
170084,Tiếng Khmer 3,3,0
170085,Văn hoá ấn độ,2,0
170086,"Văn hoá, văn minh phương Đông",4,0
170087,Tiếng Khmer 4,3,30
170088,Văn hoá giao tiếp,2,0
170089,Tôn giáo và tôn giáo Nam Bộ,2,0
17009,Văn - Tiếng Việt 2,4,0
170090,"Kĩ năng viết tin, bài báo chí",2,0
170091,Kĩ năng quy hoạch và PTđô thị,2,0
170092,Tổ chức & quản lý hoạt động DL,2,0
170093,Giao lưu & TBVH các DT TNB,2,0
170094,Vấn Đề GD Trong ĐBN Khmer NB,2,0
170095,Xử lý văn bản tiếng Khmer TMT,2,15
170096,Văn minh Khmer,2,0
170097,Kỹ năng tư duy,2,0
170098,Tiếng Khmer 4,3,0
170099,Chữ Khmer cổ,2,15
17010,Văn - Tiếng Việt 3,4,0
170100,Tiếng Khmer 3,3,15
170101,Tiếng Khmer 5,3,0
170102,Ngữ pháp Khmer 2,3,0
170103,Viết Khmer 1,2,15
170104,Loại hình ngôn ngữ,2,0
170105,Từ pháp học tiếng Khmer,2,0
170106,Tiếng Khmer 6,3,15
170107,Cú pháp học tiếng Khmer,2,15
170108,Viết Khmer 2,2,15
170109,Ngữ pháp Pali,3,0
17011,Văn - Tiếng Việt 4,4,0
170110,Dự án nghiên cứu ngôn ngữ,3,0
170111,Từ điển học,2,0
170112,Thành ngữ học & TN tiếng Khmer,2,0
170113,Phương ngữ học và PN Khmer,2,0
170114,Ngôn ngữ báo chí,2,15
170115,Dẫn luận ngôn ngữ học UD,2,30
170116,Chính sách ngôn ngữ&VHCDTTSVN,2,30
170117,Ngôn ngữ học đối chiếu,3,0
170118,Ngôn ngữ văn chương,2,0
170119,Thực tập tốt nghiệp (VH),3,0
17012,Văn - Tiếng Việt 5,3,0
170120,Điền dã ngôn ngữ học,2,15
170121,Kỹ năng trình bày (VH),2,0
170122,Ngữ dụng học,2,15
170123,Ngôn ngữ học xã hội (VH),2,15
170124,Khoá luận tốt nghiệp (VH),7,0
170125,Đất nước học,2,30
170126,Loại hình cư trú các DT TNB,2,0
170127,Tôn giáo và tôn giáo TNB,2,0
170128,"Phong tục, lễ hội các DT TNB",3,0
170129,Tín ngưỡng các dân tộc TNB,3,0
17013,Văn - Tiếng Việt 6,4,0
170130,Nghệ thuật các dân tộc TNB,3,0
170131,Địa danh và địa danh TNB,3,15
170132,Ngữ âm Khmer thực hành,2,0
170133,Lịch sử ngôn ngữ Khmer,2,30
170134,Ngữ pháp Khmer,3,15
170135,Biên dịch Khmer - Việt,3,15
170136,Phiên dịch Khmer - Việt,3,0
170137,Phương ngữ học & PN học Khmer,3,0
170138,Ngữ âm - Âm vị học tiếng Khmer,3,0
170139,Ngữ dụng học,3,0
17014,Văn Hoá ấn Độ,4,0
170140,Từ điển học,3,45
170141,Ngôn ngữ học xã hội,2,0
170142,Tổ chức & quản lý hoạt động DL,3,0
170143,Văn hóa quốc tế,2,15
170144,Ngữ âm Khmer thực hành,3,0
170145,Ngữ âm - Âm vị học tiếng Khmer,2,0
170146,KN soạn thảo VB tiếng Khmer,3,0
170147,Biên dịch Khmer - Việt,2,0
170148,Phiên dịch Khmer - Việt,2,0
170149,Tiếng Việt 201,4,0
17015,Văn Hóa Việt Nam,3,0
170150,Tiếng Việt 202,3,30
170151,Tiếng Việt 203,3,0
170152,Cơ sở ngành (LL và PP giảng dạy Ngữ văn Khmer),3,0
170153,Chuyên ngành (Ngữ pháp Khmer),4,0
170154,Cơ sở ngành (Ngôn ngữ học đại cương),2,0
170155,Chuyên ngành (Tiếng Khmer),3,0
170156,Tiếng Khmer chuyên ngành,2,0
170157,Nghiệp vụ du lịch,2,0
170158,Thực hành dịch ngôn ngữ Khmer - Việt,3,0
170159,Tôn giáo và tín ngưỡng Khmer Nam Bộ,2,0
17016,Đất Nước Học,4,0
170160,Phong tục và lễ hội Khmer Nam Bộ,2,15
170161,Văn hóa gia đình Khmer Nam Bộ,2,0
170162,Văn hóa ẩm thực và trang phục Khmer Nam Bộ,2,0
170163,Kĩ thuật viết tin,2,0
170164,Văn hóa Chăm Pa,2,0
170165,Thực tế văn hóa học,2,0
170166,Phương pháp nghiên cứu văn hóa,2,0
170167,Nghệ thuật tạo hình Khmer Nam Bộ,2,0
170168,Maketing văn hóa nghệ thuật,2,0
170169,Nghệ thuật biểu diễn Khmer Nam Bộ,2,15
17017,Việt Nam Học Đại Cương,4,0
170170,Xây dựng và quản lý các dự án văn hóa,2,0
170171,Quản lí di sản văn hóa,2,30
170172,Phát triển văn hóa cộng đồng,2,0
170173,Tiếng Anh chuyên ngành (VHKMNB),2,0
170174,Tổ chức sự kiện,2,15
170175,Văn học dân gian Khmer,3,0
170176,Ngữ âm Khmer thực hành,3,0
170177,Đại cương lịch sử Việt Nam,2,0
170178,Xã hội học văn hóa,2,0
170179,Hán văn cơ sở,2,15
17018,Tiếng Việt Thực Hành 2,3,0
170180,Kinh tế học văn hóa,2,30
170181,Văn hóa học đại cương,3,0
170182,Thực hành văn bản tiếng Việt,2,15
170183,Nhân học văn hóa,2,0
170184,Văn hoá Trung Hoa,2,15
170185,Văn hóa phương Tây,2,15
170186,Văn hóa kinh doanh,2,0
170187,Tiếng Anh chuyên ngành,2,0
170188,Đại cương văn hóa dân gian Việt Nam,2,15
170189,Địa văn hóa thế giới,2,0
17019,Văn Hóa Quốc Tế,3,0
170190,Phương pháp nghiên cứu văn hóa,2,30
170191,Các ngành công nghiệp văn hóa,2,0
170192,Ký hiệu học văn hóa,2,0
170193,Tôn giáo và tín ngưỡng Việt Nam,3,0
170194,Văn hóa giao tiếp,2,0
170195,Văn hóa gia đình,2,0
170196,Nghệ thuật đương đại,2,15
170197,Di tích và thắng cảnh Việt Nam,2,0
170198,Tiếp xúc văn hóa Đông – Tây ở Việt Nam,2,0
170199,Nghệ thuật biểu diễn Việt Nam,2,15
17020,Văn Bản Hành Chính,3,0
170200,Nghệ thuật tạo hình Việt Nam,2,15
170201,Tổ chức sự kiện,3,30
170202,Văn hóa Khmer Nam Bộ,2,0
170203,Đặc trưng văn hoá Việt Nam,3,0
170204,Toàn cầu hóa và hội nhập văn hóa,2,0
170205,Chính sách văn hóa,2,0
170206,Văn hóa Nam Bộ,2,0
170207,Đặc trưng văn hóa Việt Nam,3,30
170208,Giao lưu và tiếp biến văn hóa các dân tộc Tây Nam Bộ,2,0
170209,Địa danh và địa danh Tây Nam Bộ,2,30
17021,Tiếng Việt Thực Hành,4,0
170210,Cơ sở văn hóa Việt Nam,3,30
170211,Kỹ năng tổ chức sự kiện văn hóa vùng dân tộc thiểu số,3,0
170212,Văn hóa người Hoa ở Nam Bộ,2,0
170213,Thực hành dịch ngôn ngữ Khmer - Việt,2,0
170214,Phát triển văn hóa - du lịch cộng đồng,2,0
170215,Vấn đề giáo dục trong đồng bào người Khmer Nam Bộ,2,30
170216,Chính sách Ngôn ngữ văn hóa dân tộc ở Việt Nam,2,30
170217,Ngữ dụng học tiếng Khmer,2,0
170218,Tiếng Việt nâng cao 204,0,0
170219,Di tích và thắng cảnh Việt Nam,2,15
17022,Văn Hóa Việt Nam (KS),2,0
170220,"Kỹ thuật quay phim, chụp ảnh",2,15
170221,Nhân học văn hóa,2,15
170222,Văn hóa trong kinh doanh,2,15
170223,Tiếp xúc văn hóa Đông tây ở Việt Nam,2,15
170224,Văn hóa nông thôn và đô thị,2,15
170225,Văn hóa Chăm Pa,2,15
170226,Nhân học hình ảnh,2,0
170227,Marketing văn hóa nghệ thuật,2,15
170228,Phương pháp nghiên cứu văn hóa,2,15
170229,Các ngành công nghiệp văn hóa,2,0
17023,Văn Hóa Quốc Tế,2,0
170230,Ký hiệu học văn hóa,2,15
170231,"Kỹ thuật viết, biên tập tin",2,15
170232,Xây dựng và quản lý các dự án văn hóa,2,15
170233,Văn hóa Khmer Nam Bộ,2,15
170234,Tôn giáo và tín ngưỡng Việt Nam,2,15
170235,Phát triển văn hóa cộng đồng,2,15
170236,Toàn cầu hóa và hội nhập văn hóa,2,15
170237,Chính sách văn hóa,2,15
170238,Văn hóa Nam Bộ,2,15
170239,Đạo đức học,2,0
17024,Xã Hội Học,3,0
170240,Xã hội học tôn giáo,2,0
170241,Hán văn cở sở,2,0
170242,Lịch sử tư tưởng phương Đông và Việt Nam,2,30
170243,Diễn trình lịch sử Việt Nam,2,0
170244,Địa văn hóa thế giới,2,15
170245,Quản lí di sản văn hóa,2,0
170246,Kinh tế học văn hóa,2,15
170247,Đại cương lịch sử Việt Nam,2,15
170248,Lịch sử ngôn ngữ Khmer,2,15
170249,Văn minh Khmer,2,15
17025,Văn Hóa Doanh Nghiệp,3,0
170250,Ngôn ngữ các dân tộc thiểu số Việt Nam,2,15
170251,Loại hình ngôn ngữ,2,15
170252,Ngôn ngữ học ứng dụng,2,15
170253,Ngôn ngữ văn chương,2,15
170254,Tiếng Khmer nâng cao 3,2,15
170255,Dự án nghiên cứu ngôn ngữ,2,15
170256,Từ pháp học tiếng Khmer,2,15
170257,Ngôn ngữ học tri nhận,2,15
170258,Roneat Thung,2,0
170259,Các hình thái tôn giáo trong lịch sử,2,30
17026,Tiếng Việt Thực Hành,3,0
170260,Nhân học tôn giáo,2,15
170261,Triết học tôn giáo,2,0
170262,"Lý luận chung về tôn giáo, tín ngưỡng",2,0
170263,"Công ước quốc tế về tự do tín ngưỡng, tôn giáo",2,0
170264,Tôn giáo và môi trường,2,0
170265,Các phương pháp nghiên cứu trong tôn giáo,2,0
170266,"Luật tín ngưỡng, tôn giáo và nghiệp vụ công tác tôn giáo",2,0
170267,Tín ngưỡng dân gian Việt Nam,2,0
170268,Nghệ thuật âm nhạc tôn giáo,2,0
170269,"Quản lý nhà nước về tín ngưỡng, tôn giáo",3,0
17027,Tiếng Khmer Thực Hành 1,7,0
170270,Sinh thái học tôn giáo,2,0
170271,Tôn giáo và đạo đức,2,0
170272,Biểu tượng tôn giáo,2,30
170273,Tôn giáo trong bối cảnh toàn cầu hóa,2,0
170274,Tôn giáo học so sánh,2,0
170275,Tôn giáo trong cộng đồng dân tộc thiểu số ở Việt Nam,2,0
170276,Nho giáo và Đạo giáo ở Việt Nam,2,0
170277,Phật giáo ở Việt Nam,2,0
170278,Công tác xã hội của tôn giáo ở Việt Nam,2,0
170279,Giới thiệu chung về kinh sách các tôn giáo,2,0
17028,Con Người Và Văn Hoá Nam Bộ,4,0
170280,Tôn giáo với khoa học và công nghệ,2,0
170281,Kỹ năng lãnh đạo trong tôn giáo,2,0
170282,Islam giáo ở Việt Nam,2,0
170283,Nghệ thuật kiến trúc tôn giáo,2,0
170284,Xử lý khủng hoảng trong tôn giáo,2,0
170285,Tôn giáo mới trên thế giới và Việt Nam,2,15
170286,Nghiên cứu thực tế,2,0
170287,Ki-tô giáo ở Việt Nam,2,15
170288,Phật giáo Nam Tông Khmer ở Nam Bộ,2,30
170289,Báo chí và truyền thông của tôn giáo,2,0
17029,Ngôn Ngữ Học Đại Cương,4,0
170290,Phát triển nhân tài trong tôn giáo,2,0
170291,Văn hoá du lịch tâm linh,2,0
170292,Văn hóa tín ngưỡng ở Nam Bộ,2,15
170293,Quan niệm về Thiện-Mỹ qua biểu tượng của mỹ thuật và văn chương Phật giáo dân tộc,2,0
170294,"Tôn giáo, Tín ngưỡng: những vấn đề lý luận và thực tiễn",3,0
170295,"Tôn giáo, tín ngưỡng: Lịch sử và hiện tại",2,0
170296,Công tác từ thiện xã hội và giáo dục đào tạo trong tôn giáo,2,15
170297,"Tín ngưỡng, tôn giáo bản địa 54 dân tộc Việt Nam và lễ tục vòng đời",2,0
170298,"Quản lý Nhà nước về tín ngưỡng, tôn giáo và giáo hội học tôn giáo",2,0
170299,Văn hóa truyền thông,2,15
17030,Văn Hoá Đông Nam á,4,0
170300,Tiếng Anh chuyên ngành văn hóa học,2,15
170301,Quản lý nhà nước về văn hóa,2,15
170302,Văn hóa các dân tộc thiểu số ở Việt Nam,2,15
170303,Thực tế,2,0
170304,Gây quỹ và tìm tài trợ,2,15
170305,Thiết chế văn hóa,2,15
17031,Tiếng Khmer Thực Hành 2,7,0
17032,Văn Hoá ấn Độ,3,0
17033,Tiếng KhmerThực Hành 1,4,60
17034,TH Tiếng Khmer Thực Hành 1,1,0
17035,Ngôn Ngữ Học Đại Cương,3,0
17036,Xã Hội Học Đại Cương,3,0
17037,Triết Học Phương Đông,4,0
17038,Văn Hoá Đông Nam á,3,45
17039,Tiếng Khmer Thực Hành 2,4,0
17040,TH Tiếng Khmer Thực Hành 2,1,0
17041,Lịch Sử Văn Minh Thế Giới,4,0
17042,Con Người Và Văn Hoá Nam Bộ,3,0
17043,Thực Tập Thực Tế 1,2,0
17044,Ngữ Pháp Khmer 1,3,0
17045,Giáo Dục Học Đại Cương,3,45
17046,Văn Bản Lưu Trữ,3,0
17047,Tôn Giáo Và Văn Hoá,3,0
17048,VĐ Giới TrongXH Người Khmer NB,3,0
17049,Tiêu Đề Và PC V.Bản Tiếng Việt,4,0
17050,Lược Sử Vùng Đất Nam Bộ,3,0
17051,Giáo Dục Học đại Cương,4,0
17052,Tiếng Khmer Căn Bản 1,4,0
17053,Tiếng Khmer Căn Bản 2,6,0
17054,Tâm Lý Học Lứa Tuổi Và G.Tiếp,5,0
17055,Văn hoá quốc tế,3,0
17061,Văn - Tiếng Việt 1,3,0
17062,Văn - Tiếng Việt 2,3,0
17063,Văn - Tiếng Việt 3,3,0
17064,Phương Pháp Nghiên Cứu KH,4,0
17065,Tiếng Khmer Căn Bản 3,6,0
17066,Từ Vựng Khmer 1,5,0
17067,Ngữ Âm Khmer 1,5,0
17068,Logic Học,4,0
17069,Ngữ Âm Khmer 2,5,0
17070,Từ Vựng Khmer 2,5,0
17071,Văn Học Việt Nam Trung Đại,4,60
17072,Lịch Sử Việt Nam,4,0
17073,TH Tiếng Khmer Trên Máy Tính,2,0
17074,Cơ Sở Văn Hoá Việt Nam,4,60
17075,"Du Lịch, Danh Thắng Nam Bộ",3,0
17076,"TH Du Lịch, Danh Thắng Nam Bộ",1,0
17077,Văn Hoá Phật Giáo,4,60
17078,Logic Học,3,0
17079,Văn Học Dân Gian Khmer 1,4,0
17080,Phong Cách Báo Chí,4,0
17081,Thực Tập Thực Tế 2,2,0
17082,Ngữ Pháp Khmer 1,5,0
17083,Viết Khmer 1,4,0
17084,Phương Pháp Dạy Tiếng Khmer 1,4,0
17085,Văn Học Việt Nam Hiện Đại,4,0
17086,Lý Luận Dạy Học,3,45
17087,Kiến Tập Sư Phạm,2,0
17088,Niên Luận 1,2,0
17089,Ngữ Pháp Khmer 2,5,0
17090,Ngữ Pháp Pali 1,4,0
17091,Viết Khmer 2,4,60
17092,Phương Pháp Dạy Tiếng Khmer 2,4,0
17093,Mỹ Học,3,0
17094,Thực Tập Thực Tế,2,0
17095,Niên Luận 2,2,0
17096,Ngữ Pháp Pali 2,4,60
17097,Phương Pháp Dạy Tiếng Khmer 3,4,0
17098,Phương Pháp Đánh Giá,2,0
17099,Quản Lý HCNN Và QL GDĐT,2,0
17100,Phong Tục Và Lễ Hội Khmer NB,4,0
17101,Văn Học Dân Gian Khmer NB,5,0
17102,Kỹ Năng Xây Dựng Câu Hỏi,2,0
17103,Tập Giảng,2,0
17104,ẩm Thực Và TP Người Khmer NB,3,0
17105,Kiến Trúc Và MTTT Khmer NB,3,45
17106,Thực Tập Sư Phạm,8,0
17107,Phương Pháp Nghiên Cứu KH,4,45
180000,Những NL CB của CN Mác - Lênin,5,75
180001,Tư tưởng Hồ Chí Minh,2,30
180002,Chính trị (TCCN),6,0
180003,Chính trị (TC Nghề),2,0
180004,Đường Lối CM Của Đảng CSVN,3,45
180005,Chính trị (TCCN),5,60
180006,Giáo dục chính trị (hệ THPT),5,0
180007,Chính trị (TN),2,0
180008,Giáo dục chính trị (hệ THCS),7,0
180009,Giáo dục chính trị,5,0
18001,Chính Trị,4,0
180010,Đường lối CM của Đảng CSVN,2,0
180011,Lịch sử tư tưởng xã hội chủ nghĩa,2,30
180013,Phương pháp nghiên cứu khoa học – chính trị học,2,15
180014,Lịch sử văn minh Việt Nam,2,0
180015,Những vấn đề thời đại ngày nay,3,45
180016,Lý luận và lịch sử tôn giáo,3,45
180017,Chính trị học đại cương,3,45
180018,Lý luận chung về nhà nước và pháp luật,3,45
180019,Lịch sử ngoại giao Việt Nam,2,0
18002,Triết Học Mac - Lênin,5,0
180020,Lịch sử phong trào cộng sản và công nhân quốc tế,2,30
180021,Lịch sử các học thuyết kinh tế,2,30
180022,Xây dựng Đảng,2,0
180023,Chính sách công,3,45
180024,Đại cương chính trị học so sánh,3,0
180025,Lịch sử tư tưởng chính trị,4,0
180026,Phương pháp giảng dạy chính trị học,3,30
180027,Khoa học quản lý,3,0
180028,Chính trị Việt Nam trong thời kỳ quá độ lên Chủ nghĩa xã hội,2,0
180029,Chính trị học phát triển,3,45
18003,Chủ Nghĩa Xã Hội Khoa Học,3,0
180030,Các xu hướng chính trị đương đại,2,30
180031,Quyết sách chính trị,3,45
180032,Phương pháp tiếp cận và xử lý tình huống chính trị,3,0
180033,Địa chính trị,2,0
180034,Niên luận chính trị học,2,0
180035,Đảng chính trị,2,30
180036,Chính sách đối ngoại của Đảng và Nhà nước ta hiện nay,2,30
180037,Quan hệ chính trị quốc tế,3,45
180038,Quyền lực chính trị,3,45
180039,Thể chế chính trị thế giới đương đại,3,45
18004,Kinh Tế Chính Trị,5,0
180040,Thực tập tốt nghiệp,5,0
180041,Tiểu luận tốt nghiệp,1,0
180042,Chuyên đề lịch sử tư tưởng Việt Nam,2,30
180043,Lịch sử khẩn hoang Nam Bộ,2,30
180044,Phong tục tập quán lễ hội Việt Nam,2,30
180045,Lịch sử triết học,2,30
180046,Khoa học quản lý,3,0
180047,Thực tập cuối khóa,5,0
18005,Lịch Sử Đảng,3,0
180050,Triết học Mác - Lênin,3,45
180051,Kinh tế chính trị Mác - Lênin,2,30
180052,Chủ nghĩa xã hội khoa học,2,30
180053,Lịch sử Đảng Cộng sản Việt Nam,2,30
180054,Triết học Mác - Lênin,4,60
180055,Kinh tế chính trị Mác - Lênin,3,45
180056,Lịch sử Đảng Cộng sản Việt Nam,3,45
180057,Giáo dục chính trị,4,0
180058,Niên luận chính trị học,2,0
180059,Địa chính trị,3,45
18006,Kinh Tế Học Đại Cương,4,0
180060,Phương pháp tiếp cận và xử lý tình huống chính trị,3,45
180061,Chính phủ điện tử,2,30
180062,Đạo đức học,2,30
180063,Đại cương chính trị học so sánh,2,30
180064,Lịch sử tư tưởng chính trị,3,45
180065,Trí thức và công tác trí thức trong thời kỳ đổi mới,2,30
180066,Xây dựng Đảng,3,45
180067,Các xu hướng chính trị đương đại,3,45
180068,Phân tích một số tác phẩm kinh điển,3,45
180069,Niên luận chính trị học,2,0
18007,Triết Học Mác - Lênin,4,60
180070,Chủ nghĩa xã hội khoa học,2,30
180071,Tư tưởng Hồ Chí Minh,2,0
180072,Mỹ học đại cương,2,30
18008,Kinh Tế Chính Trị,4,0
180086,Thực tế nghề nghiệp 1,2,0
18009,Tư Tưởng Hồ Chí Minh,3,0
18010,Pháp Luật,2,0
18011,Triết Học Mac-Lênin,6,0
18012,Chủ Nghĩa Xã Hội Khoa Học,4,0
18013,Lịch Sử Đảng CSVN,4,0
18014,Kinh Tế Chính Trị,6,0
18015,Chính Trị,6,0
18016,Giáo Dục Pháp Luật,1,0
18017,Chính Trị,2,0
18018,Pháp Luật,1,0
18019,CĐ BD Các Môn Lý Luận CTrị,5,75
18020,Những Nguyên Lý CB Của CNML,5,0
18021,Tư Tưởng Hồ Chí Minh,2,30
18022,Đường Lối CM Của Đảng CSVN,3,0
18023,Chính Trị,3,0
18024,CĐ BD KT Các Môn LL Chính Trị,6,0
18025,Chuyên đề BD Các Môn LL CTrị,6,0
18026,Chính Trị (TC Nghề),2,0
18027,Chính Trị,8,120
18028,Những NLCB của CNMác-Lênin,8,75
18029,Đường Lối CM của Đảng CSVN,5,75
18055,Lý luận NN & Pháp luật,4,60
18056,Đường Lối CM của Đảng CSVN,4,0
18057,Những NLCB của CN Mác-Lênin,8,0
18058,Giáo dục chính trị,5,60
190000,Giáo dục thể chất 1,1,0
190001,Giáo dục thể chất 2,1,0
190002,Giáo dục thể chất 3,1,0
190003,Giáo dục thể chất 4,1,0
190004,Giáo dục thể chất 5,1,0
190005,Giáo dục quốc phòng - AN(ĐH),1,0
190006,Giáo dục quốc phòng - AN(CĐ),0,0
190007,Giáo dục quốc phòng - AN(TCCN),0,0
190008,Giáo dục quốc phòng - AN (TCN),0,0
190009,Giáo dục thể chất,1,0
19001,HP1:Đối tượng và PPNC môn học,0,0
190010,Giáo dục quốc phòng (hệ 9/12),0,0
190011,"Giáo dục thể chất (CĐ->ĐH:4,5)",0,0
190012,"Giáo dục thể chất(TC-ĐH:3,4,5)",0,0
190013,Giáo dục thể chất (TC->CĐ:3),0,0
190014,HP I  (3TC): Đường lối QS Của Đảng,0,0
190015,"HP II:Công tác QP,AN",0,0
190016,HP III:QS chung&chiến thuật,0,0
190017,HP IV: Chiến thuật (TC),0,0
190018,"HPII (2TC): Công tác Quốc phòng, An ninh",0,0
190019,HP3 (3TC): QS chung và chiến thuật,0,0
19002,HP1:Quan điểm CB của CNML...,0,0
190020,GDTC 2 (Cầu lông cơ bản),1,0
190021,GDTC 2 (Bóng bàn cơ bản),1,0
190022,GDTC 2 (Võ Taekwondo cơ bản),1,0
190023,GDTC 2 (Bơi lội cơ bản),1,0
190024,HPIII: Quân sự chung,0,0
190025,"Giáo dục thể chất (VB2:1,2,3,4,5)",5,0
190026,Giáo dục quốc phòng - An ninh (ĐH),0,45
190027,Học phần 1 (2TC): Đường lối quốc phòng và an ninh của Đảng Cộng sản Việt Nam,0,0
190028,Học phần 2 (2TC): Công tác quốc phòng và an ninh,0,30
190029,"Học phần 3 (3TC): Quân sự chung, chiến thuật, kỹ thuật bắn súng ngắn và sử dụng lựu đạn",0,0
19003,HP1:Xây dựng nền QP toàn dân.,0,0
190030,"Học phần 4 (1TC): Hiểu biết chung về quân, binh chủng",0,0
190031,Điền kinh,2,0
190032,Thể dục,2,0
190033,Trò chơi vận động,2,0
190034,Bơi lội,2,0
190035,Cờ vua,2,0
190036,Giáo dục quốc phòng và an ninh (CĐNN),3,0
190037,Bóng đá,3,0
190038,Quản lý thể thao thành tích cao,2,30
190039,Quản lý công trình thể thao,2,30
19004,HP1:Chiến tranh nhân dân BVTQ,0,0
190040,Quản lý báo chí và truyền thông thể thao,2,30
190041,Bóng chuyền,3,0
190042,Luật thể dục thể thao,2,30
190043,Bóng bàn,3,0
190044,Quần vợt,3,0
190045,Cầu lông,3,0
190046,Bóng rổ,3,0
190047,Phương pháp NCKH trong quản lý TDTT,2,0
190048,Quản lý thể dục thể thao quần chúng,2,30
190049,Kinh tế thể dục thể thao,2,30
19005,HP1:Xây dựng LLVTND VN...,0,0
190050,Taekwondo,2,0
190051,Y học - Thể dục thể thao,2,30
190052,Tổ chức thi đấu thể thao,2,0
190053,Xã hội học thể dục thể thao,2,30
190054,Quản lý câu lạc bộ thể dục thể thao,2,30
190055,Quản trị nhân sự,2,0
190056,Tổ chức sự kiện thể thao 1,4,0
190057,Truyền thông - marketing thể thao 1,4,60
190058,Quản lý thể dục thể thao,2,30
190059,Lý luận và phương pháp giáo dục TDTT,3,0
19006,HP1:Kết hợp phát triển KT...,0,9
190060,Kế hoạch hóa thể dục thể thao,2,30
190061,Anh văn chuyên ngành,3,0
190062,Quản lý trí tuệ,2,0
190063,Thể thao giải trí,2,30
190064,Tâm lý học thể dục thể thao,2,30
190065,Lịch sử thể dục thể thao,2,30
190066,Tổ chức sự kiện thể thao 2,4,0
190067,Truyền thông - marketing thể thao 3,4,0
190068,Tổ chức sự kiện thể thao 3,4,0
190069,Truyền thông - marketing thể thao 2,4,0
19007,HP1:Nghệ thuật QS Việt Nam,0,0
190070,Thực tập cuối khóa,4,0
190071,Lý luận và phương pháp thể thao trường học,4,0
190072,Tài chính thể thao,3,0
190073,Khóa luận tốt nghiệp,7,0
190074,Giáo dục học Thể dục Thể thao,2,15
190075,Bóng đá,2,0
190076,Bóng chuyền,2,0
190077,Bóng bàn,2,0
190078,Quần vợt,2,0
190079,Bóng rổ,2,0
19008,HP2:Phòng chống CLDBHB....,0,0
190080,Cầu lông,2,0
190081,Học phần I: Đường lối QP và an ninh của ĐCSVN,3,37
190082,Học phần II: Công tác quốc phòng và an ninh,2,22
190083,Học phần III: Quân sự chung,1,14
190084,Học phần IV: Kỹ thuật chiến đấu bộ binh và chiến thuật,2,4
190085,Giáo dục quốc phòng và an ninh,4,0
190087,Thực tế nghề nghiệp 2,2,0
190088,Lý luận và phương pháp thể thao trường học,2,30
190089,Khoa học tuyển chọn tài năng thể thao,2,30
19009,HP2:Phòng chống địch tiếncông,0,0
190090,Vệ sinh thể dục thể thao,2,30
190091,Sinh lý thể dục thể thao,2,30
190092,Tài chính thể thao,2,30
190093,Đo lường thể dục thể thao,2,30
190094,Tổ chức sự kiện thể thao 1,2,0
190095,Truyền thông thể thao 1,2,0
190096,Marketing thể thao 1,2,0
190097,Anh văn chuyên ngành (GDTC),4,0
190098,Quản lý hành chính nhà nước,2,30
190099,Tổ chức sự kiện thể thao 2,3,0
19010,HP2:Xây dựng LL DQ tự vệ,0,0
190100,Truyền thông thể thao 2,3,0
190101,Marketing thể thao 2,3,0
190102,Khoa học quản lý nâng cao,3,45
190103,Quản lý thể dục thể thao nâng cao,4,60
190104,Phương pháp nghiên cứu khoa học trong thể dục thể thao,2,30
190105,Marketing thể thao,3,15
190106,Truyền thông thể thao,3,15
190107,Pickleball,1,0
190108,Cờ vua,1,0
190109,Tổ chức sự kiện thể thao,4,45
19011,HP2:Xây dựng và BV chủ quyền,0,0
190110,Anh văn chuyên ngành quản lý thể dục thể thao,4,45
19012,"HP2:Một số nội dung CB về DT,",0,0
19013,HP2:Những vấn đề CB về BVANQG,0,0
19014,HP2:Xây dựng phong trào TDBVA,0,0
19015,HP2:Những CDCB về DTPCTP vàXH,0,0
19016,HP3: Quân sự,0,0
19017,HP4: Chiến thuật,0,6
1903.1,,1,0
1903.2,,1,0
1903.3,GDTC 3 (Bóng đá cơ bản),1,0
1903.4,GDTC 3 (Bóng đá nâng cao),1,0
1903.5,,1,0
1903.6,,1,0
1903.7,,1,0
1903.8,,1,0
1903.9,,1,0
191.00,Giáo dục thể chất 1 (Điền kinh),1,0
191001,Giáo dục thể chất 1(điền kinh),1,0
191002,Giáo dục thể chất 1 (điền kinh),1,0
19101,Giáo Dục Thể Chất 1,1,0
19102,Thể Dục 1,1,0
19103,Giáo Dục Thể Chất 2,1,0
19104,Thể Dục 2,1,0
19105,Giáo Dục Thể Chất 3,1,0
19106,Giáo Dục Thể Chất 4A,1,0
19107,Giáo Dục Thể Chất 5A,1,0
19108,Giáo Dục Thể Chất 4,1,0
19109,Giáo Dục Quốc Phòng-Học Phần 2,0,0
19110,Giáo Dục Quốc Phòng-Học Phần 3,0,0
19111,Giáo Dục Quốc Phòng-Học Phần 4,0,0
19112,Giáo Dục Thể Chất,1,0
19113,Giáo Dục Thể Chất 5,1,0
192.01,GDTC 2 (Bóng chuyền cơ bản),1,0
192.02,GDTC 2 (Bóng đá cơ bản),1,0
192.03,GDTC 2 (Cầu lông cơ bản),1,0
192.04,GDTC 2 (Bóng bàn cơ bản),1,0
192.05,GDTC 2 (Võ Taekwondo cơ bản),1,0
192.06,GDTC 2 (Bơi lội cơ bản),1,0
192.07,Giáo dục thể chất 2 (Cờ vua),1,0
192.08,Giáo dục thể chất 2 (bóng đá),1,0
192.09,Giáo dục thể chất 2 (võ Taekwondo),1,0
192.10,Giáo dục thể chất 2 (bóng bàn),1,0
192.11,Giáo dục thể chất 2 (bóng chuyền),1,0
192.12,Giáo dục thể chất 2 (Bóng rổ),1,0
192.13,Giáo dục thể chất 2 (Cầu lông),1,0
192001,Giáo dục thể chất 2 (Bóng đá),1,0
192002,Giáo dục thể chất 2 (Bóng chuyền),1,0
192003,Giáo dục thể chất 2 (Teakwondo),1,0
192004,Giáo dục thể chất 2 (Bóng rổ),1,0
192005,Giáo dục thể chất 2 (Cờ vua),1,0
193.01,GDTC 3 (Bóng chuyền cơ bản),1,0
193.02,GDTC 3 (Bóng chuyền nâng cao),1,0
193.03,GDTC 3 (Bóng đá cơ bản),1,0
193.04,GDTC 3 (Bóng đá nâng cao),1,0
193.05,GDTC 3 (Cầu lông cơ bản),1,0
193.06,GDTC 3 (Cầu lông nâng cao),1,0
193.07,GDTC 3 (Bóng bàn cơ bản),1,0
193.08,GDTC 3 (Bóng bàn nâng cao),1,0
193.09,GDTC 3 (Võ Taekwondo cơ bản),1,0
193.10,GDTC 3 (Võ Taekwondo nâng cao),1,0
193.11,GDTC 3 (Bơi lội cơ bản),1,0
193.12,GDTC 3 (Bơi lội nâng cao),1,0
193.13,Giáo dục thể chất 3 (Cờ tướng),1,0
193.14,Giáo dục thể chất 3 (cầu lông),1,0
193.15,Giáo dục thể chất 3 (bóng chuyền),1,0
193.16,Giáo dục thể chất 3 (bơi lội),1,0
193.17,Giáo dục thể chất 3 (bóng bàn),1,0
193.18,Giáo dục thể chất 3 (Bi sắt),1,0
193001,Giáo dục thể chất 3 (Cờ tướng),1,0
193002,Giáo dục thể chất 3 (Cầu lông),1,0
193003,Giáo dục thể chất 3 (Bơi lội),1,0
193004,Giáo dục thể chất 3 (Bi sắt),1,0
193005,Giáo dục thể chất 3 (Bóng bàn),1,0
194.01,GDTC 4 (Bóng chuyền cơ bản),1,0
194.02,GDTC 4 (Bóng chuyền nâng cao),1,0
194.03,GDTC 4 (Bóng đá cơ bản),1,0
194.04,GDTC 4 (Bóng đá nâng cao),1,0
194.05,GDTC 4 (Cầu lông cơ bản),1,0
194.06,GDTC 4 (Cầu lông nâng cao),1,0
194.07,GDTC 4 (Bóng bàn cơ bản),1,0
194.08,GDTC 4 (Bóng bàn nâng cao),1,0
194.09,GDTC 4 (Võ Taekwondo cơ bản),1,0
194.10,GDTC 4 (Võ Taekwondo nâng cao),1,0
194.11,GDTC 4 (Bơi lội cơ bản),1,0
194.12,GDTC 4 (Bơi lội nâng cao),1,0
195.01,GDTC 5 (Bóng chuyền cơ bản),1,0
195.02,GDTC 5 (Bóng chuyền nâng cao),1,0
195.03,GDTC 5 (Bóng đá cơ bản),1,0
195.04,GDTC 5 (Bóng đá nâng cao),1,0
195.05,GDTC 5 (Cầu lông cơ bản),1,0
195.06,GDTC 5 (Cầu lông nâng cao),1,0
195.07,GDTC 5 (Bóng bàn cơ bản),1,0
195.08,GDTC 5 (Bóng bàn nâng cao),1,0
195.09,GDTC 5 (Võ Taekwondo cơ bản),1,0
195.10,GDTC 5 (Võ Taekwondo nâng cao),1,0
195.11,GDTC 5 (Bơi lội cơ bản),1,0
195.12,GDTC 5 (Bơi lội nâng cao),1,0
195001,Giáo dục quốc phòng - An ninh,0,0
195002,Giáo dục quốc phòng - An ninh,0,0
195003,Giáo dục quốc phòng - An ninh (165t),0,0
19501,Quân Sự (GDQP),2,0
19502,Giáo Dục Quốc Phòng,0,0
19503,Giáo Dục Quốc Phòng,0,0
19504,Giáo Dục Quốc Phòng - An Ninh,0,60
19505,Giáo Dục Quốc Phòng - An Ninh,0,0
19506,Giáo Dục Quốc Phòng - An Ninh,0,30
19507,Giáo Dục Quốc Phòng - An Ninh,0,0
19508,Giáo Dục Quốc Phòng - An Ninh,0,0
19509,Giáo Dục Quốc Phòng,0,0
20000,Dân Tộc Học Đại Cương,4,60
200000,Tiếng việt thực hành,2,15
200001,Cơ sở văn hoá Việt Nam,2,15
200002,Tiếng Khmer căn bản 1,3,0
200003,Tâm lý học đại cương,2,30
200004,Giáo dục học đại cương,2,30
200005,Văn bản lưu trữ,2,0
200006,Pháp luật đại cương,2,30
200007,Cơ sở văn hoá Việt Nam,2,0
200008,Tiếng Khmer căn bản 2,4,0
200009,Văn học dân gian Việt Nam,3,0
20001,Tiếng Khmer Thực Hành 3,5,0
200010,Tiếng Việt thực hành,3,0
200011,Tâm lý học lứa tuổi GT sư phạm,2,0
200012,Tiếng Việt thực hành,3,0
200013,Tiếng Khmer thực hành 1,3,0
200014,Ngôn ngữ học đại cương,2,0
200015,Xã hội học đại cương,2,15
200016,Nhân học đại cương,2,15
200017,Lịch sử văn minh thế giới,2,15
200018,Tiếng Khmer thực hành 2,3,0
200019,Văn hoá học,2,0
20002,TH Tiếng Khmer Thực Hành 3,2,0
200020,Mĩ học đại cương,2,15
200021,Triết học phương đông,2,0
200022,Dân tộc học đại cương,2,0
200023,Tiếng Khmer căn bản 3,4,30
200024,Từ vựng Khmer 1,4,0
200025,Ngữ âm Khmer 1,4,0
200026,Văn học Việt Nam trung đại,3,0
200027,Ngữ âm Khmer 2,4,0
200028,Từ vựng Khmer 2,4,0
200029,TH Tiếng Khmer trên máy tính,2,0
20003,Lý Luận Văn Hoá Học,4,0
200030,Văn học Việt Nam hiện đại,3,0
200031,Lý luận dạy học,2,15
200032,Ngữ pháp Khmer 1,4,0
200033,Viết Khmer 1,4,0
200034,Kỹ năng xây dựng câu hỏi,2,15
200035,Niên luận 1,1,0
200036,Kiến tập sư phạm,2,0
200037,Ngữ pháp Khmer 2,4,30
200038,Ngữ pháp Pali 1,3,0
200039,Viết Khmer 2,4,0
20004,Văn Học Dân Gian Khmer,4,60
200040,Phương pháp đánh giá,2,0
200041,Niên luận 2,1,0
200042,Văn học dân gian Khmer NB,3,0
200043,Ứng dụng CNTT trong GDNV Khmer,1,0
200044,Ngữ pháp Pali 2,3,30
200045,Dịch Khmer 1,2,15
200046,Tổ chức dạy học hợp tác,2,0
200047,Niên luận 1,2,0
200048,Lý luận dạy học,3,0
200049,Lịch sử Việt Nam,2,0
20005,Dịch 1 (Khmer),4,60
200050,Mỹ học,2,0
200051,Logic học,2,30
200052,Lịch sử văn minh thế giới,2,30
200053,Văn hóa học đại cương,2,15
200054,Văn hoá Nam Bộ,2,0
200055,Lược sử vùng đất Nam Bộ,2,0
200056,Tiếng Khmer 1,4,0
200057,Môi trường và phát triển,2,30
200058,Văn minh Đông Nam á,2,0
200059,Tiếng Khmer 2,4,0
20006,Tiếng Khmer Thực Hành 4,5,0
200060,Tôn giáo học đại cương,2,0
200061,Văn hoá ĐB sông Cửu Long,2,0
200062,Xã hội học đại cương,2,0
200063,Tiến trình lịch sử Việt Nam,2,0
200064,Địa lý và cư dân các nước ĐNA,2,0
200065,Tâm lí học đại cương,2,0
200066,Dịch thuật NN Khmer - Việt 4,3,0
200067,Xã hội học văn hóa,2,15
200068,PP giảng dạy Ngữ văn Khmer,3,0
200069,Dịch Khmer 2,2,0
20007,TH Tiếng Khmer Thực Hành 4,2,0
200070,Quản lý HCNN & Quản lý GDĐT,2,0
200071,Tập giảng,2,15
200072,Niên luận 2,2,0
200073,Thực tập sư phạm,4,0
200074,Khoá luận tốt nghiệp,7,0
200075,TH giảng dạy Ngữ văn Khmer,3,15
200076,Các ngôn ngữ DTTS ở Việt Nam,2,0
200077,Tiếng Khmer 3,4,0
200078,Tiếng Khmer 4,4,0
200079,Ngữ âm học tiếng Khmer,2,0
20008,Dân Tộc Học Đại Cương,3,0
200080,Lịch sử ngôn ngữ học &NN Khmer,2,30
200081,Thực hành chữ Khmer trên MT,1,0
200082,Văn bản lưu trữ,2,0
200083,Từ vựng học tiếng Khmer,2,15
200084,Văn học dân gian Khmer,3,0
200085,Ngôn ngữ học đối chiếu,2,0
200086,Địa lý Việt Nam,2,0
200087,Cơ sở Ngôn ngữ học,2,0
200088,Các dân tộc ở Việt Nam,2,15
200089,Phong tục và lễ hội Việt Nam,2,15
20009,Tiếng Khmer Thực Hành 1,5,60
200090,Nghiệp vụ hướng dẫn du lịch,3,15
200091,Dân tộc học đại cương,2,0
200092,Văn hóa ĐB sông Cửu Long,2,0
200093,Thống kê xã hội học,2,0
200094,Lý luận văn học 1,2,0
200095,Hán Nôm 1,4,45
200096,Văn hóa phương Tây,2,30
200097,Văn hóa Việt Nam,2,0
200098,Tiếng Khmer 1,3,0
200099,Tiếng Hoa 1,3,30
20010,Tiếng Khmer Thực Hành 2,5,0
200100,Tiếng Chăm 1,3,0
200101,Tiếng Khmer 2,3,0
200102,Tiếng Hoa 2,3,0
200103,Tiếng Chăm 2,3,30
200104,Nghệ thuật học,2,15
200105,Âm nhạc học đại cương,2,15
200106,Lịch sử âm nhạc phương Tây I,3,0
200107,Lịch sử âm nhạc phương Đông,3,30
200108,Quản lý dự án văn hoá,2,15
200109,Quản lí di sản VH Việt Nam,2,0
20011,Văn Học Dân Gian Việt Nam,4,0
200110,Biên tập &dàn dựng CT ca nhạc,2,0
200111,Tiếng Khmer,2,0
200112,Nhạc lí cơ bản,2,0
200113,Bản sắc văn hoá Việt Nam,2,0
200114,Lễ hội của người Khmer Nam Bộ,2,0
200115,Nhạc khí của người Khmer NB,2,0
200116,Hành vi con người và MT XH,2,15
200117,Nhập môn công tác xã hội,4,0
200118,Toán thống kê trong KHXH,2,15
200119,Tiếng Khmer 5,4,0
20012,Tiếng Khmer Thực Hành 3,4,60
200120,Ngữ pháp Pali 1,4,0
200121,Ngữ nghĩa học tiếng Khmer,2,15
200122,Ngữ pháp học tiếng Khmer,3,0
200123,"Tôn giáo, TN,PT và LH Khmer NB",3,0
200124,Lý thuyết dịch (VH),3,0
200125,Tiếng Khmer 6,4,0
200126,Viết Khmer,3,0
200127,Phong cách học tiếng Khmer,2,0
200128,Ngữ pháp Pali 2,4,0
200129,Thực hành dịch 1 (VH),2,0
20013,Tiếng Khmer Thực Hành 4,4,0
200130,Niên luận,2,0
200131,Phát triển cộng đồng,4,30
200132,An sinh xã hội,3,0
200133,Công tác xã hội cá nhân,4,0
200134,Công tác xã hội với các DTTS,2,0
200135,Thực hành công tác xã hội 1,2,0
200136,Gia đình học,2,15
200137,Môi trường và phát triển,2,15
200138,Pháp luật về các vấn đề XH,2,0
200139,Công tác xã hội nhóm,4,0
20014,Tiếng Khmer Thực Hành 5,4,0
200140,Tham vấn cơ bản,2,0
200141,Phương pháp và KTNC trong KHXH,2,15
200142,Thực hành công tác xã hội 2,2,0
200143,Anh văn chuyên ngành (CXH),2,15
200144,Tâm lí học xã hội,2,0
200145,Sức khoẻ cộng đồng,2,0
200146,Chính sách xã hội,2,0
200147,Dịch vụ xã hội,2,15
200148,Nghiệp vụ báo chí,2,0
200149,Công tác xã hội nông thôn,2,0
20015,TH Tiếng Khmer Thực Hành 3,1,0
200150,Phân tích DL với PM SPSS,2,0
200151,TH hỗ trợ N.cao NL cộng đồng,3,0
200152,Thực hành công tác xã hội 3,2,0
200153,Công tác XH tại các khu LĐ,2,0
200154,Công tác XH trong trường học,2,0
200155,Công tác XH trong bệnh viện,2,0
200156,Công tác XH với người nghèo,2,0
200157,CTXH với trẻ em cần sự BVĐB,2,15
200158,"CTXH trong HN, GĐ và trẻ em",2,0
200159,CTXH với người cao tuổi,2,0
20016,TH Tiếng Khmer Thực Hành 4,1,0
200160,CTXH với người khuyết tật,2,0
200161,Xây dựng DA và QLDA trong CTXH,2,0
200162,Văn hoá - xã hội Nam Bộ,3,0
200163,VHXH của người Khmer ở NB,2,0
200164,VHXH của người Chăm ở NB,2,0
200165,VHXH của người Hoa ở NB,2,0
200166,Lịch sử âm nhạc phương tây II,3,0
200167,Hoà âm I,3,0
200168,Kí - xướng âm I,3,0
200169,Lịch sử âm nhạc Việt Nam,3,0
20017,TH Tiếng Khmer Thực Hành 5,1,0
200170,Phân tích âm nhạc I,3,0
200171,Dàn nhạc I,2,0
200172,Dàn nhạc Ngũ âm I,2,0
200173,Hoà âm II,2,0
200174,Kí - xướng âm II,2,15
200175,Phương pháp sư phạm chuyên ngành,2,15
200176,Tổ chức các sự kiện văn hóa vùng dân tộc thiểu số,2,15
200177,Âm nhạc truyền thống Việt Nam,3,0
200178,Kí - xướng âm nhạc T.thống,2,15
200179,Phân tích âm nhạc II,3,0
20018,Dịch 2 (Khmer),4,0
200180,Hoà tấu nhạc truyền thống I,2,0
200181,Dàn nhạc II,2,0
200182,Dàn nhạc Ngũ âm II,2,0
200183,Hoà tấu nhạc truyền thống II,2,0
200184,Dàn nhạc III,2,0
200185,Ca - hát truyền thống I,2,0
200186,Dàn nhạc cưới Khmer I,2,0
200187,Hoà tấu nhạc Ngũ âm Khmer I,2,15
200188,Dàn nhạc Ngũ âm III,2,0
200189,Ca - hát truyền thống Khmer I,2,0
20019,Quản Lý Văn Hoá,3,0
200190,Đờn cò,2,0
200191,Đờn Takhe,2,0
200192,Trống Chhay-Yam,2,0
200193,Hoà tấu nhạc truyền thống III,2,0
200194,Ca - hát truyền thống II,2,0
200195,Ca - hát truyền thống Khmer II,2,0
200196,Dàn nhạc cưới Khmer II,2,0
200197,Hoà tấu nhạc Ngũ âm Khmer II,2,0
200198,Dàn nhạc ngũ âm IV,2,0
200199,Sko Thum,2,0
20020,"Tín Ngưỡng, Lễ Hội Khmer N.Bộ",2,0
200200,Sko Sampho,2,0
200201,Sko Daey,2,0
200202,Ca - hát truyền thống III,2,0
200203,Dàn nhạc cưới Khmer III,2,0
200204,Dàn nhạc ngũ âm V,2,15
200205,Biểu diễn,2,0
200206,Roneat Ek,2,15
200207,Roneat Thung,2,0
200208,Roneat Đek,2,0
200209,Koong Vong Thum,2,0
20021,"TH Tín Ngưỡng, Lễ Hội Khmer NB",4,0
200210,Khưm,2,0
200211,Thực tập tốt nghiệp (VH),3,0
200212,"Tôn giáo, TN,PT & LH Khmer NB",2,0
200213,Ngôn ngữ báo chí,3,0
200214,Lý thuyết dịch (VH),2,30
200215,Tổ chức dạy học hợp tác,3,0
200216,Ngữ nghĩa học tiếng Khmer,3,0
200217,Thực hành dịch 1,2,0
200218,Phong cách học tiếng Khmer,3,0
200219,Thành ngữ học & TN tiếng Khmer,3,0
20022,Múa Truyền Thống Khmer N.Bộ,3,45
200220,Thực hành dịch 2 (VH),2,0
200221,Phương pháp GD Ngữ văn Khmer,3,0
200222,Tập giảng,2,0
200223,Niên luận (VH),2,0
200224,Tham quan thực tế (VH),1,0
200225,Địa danh học Việt Nam,3,0
200226,Đặc điểm tục ngữ Khmer NB,2,0
200227,Phương ngữ học &PN tiếng Khmer,2,0
200228,Lý luận dạy học,2,0
200229,Lược sử vùng đất Nam Bộ,2,0
20023,TH Múa Truyền Thống Khmer N.Bộ,3,0
200230,Ngữ âm Pali,2,0
200231,Từ vựng Pali,2,0
200232,Đọc - Dịch Pali,4,30
200233,Lịch sử âm nhạc phương Tây,3,0
200234,Hoà âm,3,0
200235,Kí - xướng âm,3,15
200236,Phân tích âm nhạc,3,0
200237,Ngữ pháp Khmer 1,3,0
200238,Mĩ học,2,30
200239,Tâm lý học lứa tuổi và giao tiếp sư phạm,2,15
20024,Dịch 3 (Khmer),4,0
200240,Tiếng Khmer căn bản 2,3,0
200241,Ngữ âm Khmer 1,2,0
200242,Kỹ năng tư duy,2,15
200243,Ngữ âm Khmer 2,2,15
200244,Từ vựng Khmer 1,3,0
200245,Từ vựng Khmer 2,3,0
200246,Pali căn bản 1,2,0
200247,Pali căn bản 2,2,0
200248,Viết Khmer 1,3,0
200249,Phương pháp dạy học Tiếng Khmer,3,0
20025,"Bảo Tồn, Bảo Tàng",3,0
200250,Ứng dụng công nghệ thông tin trong giảng dạy Tiếng Khmer,2,0
200251,Viết Khmer 2,3,0
200252,Tham quan thực tế,1,0
200253,Lịch sử văn hóa và giáo dục Việt Nam,2,0
200254,Thực hành giảng dạy Tiếng Khmer,3,0
200255,Phân tích chương trình sách giáo khoa Tiếng Khmer,2,0
200256,Kỹ năng xây dựng câu hỏi trong dạy học Tiếng Khmer,2,0
200257,Đặc điểm tục ngữ Khmer Nam Bộ,2,0
200258,Văn hóa Đông Nam Á,2,15
200259,Đại cương văn hóa dân gian Việt Nam,2,0
20026,Luật Di Sản Văn Hoá,3,0
200260,Lược sử vùng đất Nam Bộ,2,30
200261,Tôn giáo và tín ngưỡng Việt Nam,2,0
200262,Văn hóa du lịch,2,15
200263,Văn hóa nông thôn và đô thị,2,0
200264,Truyền thông đại chúng,2,0
200265,Văn hóa học đại cương,2,0
200266,"Đường lối văn hóa, văn nghệ của Đảng Cộng sản Việt Nam",2,30
200267,Đại cương văn hóa Phương Đông,2,0
200268,Lịch sử tư tưởng phương Đông và Việt Nam,2,0
200269,Văn hóa Ấn Độ,2,0
20027,Văn Hoá Phật Giáo,4,0
200270,Văn học dân gian Khmer Nam Bộ,2,30
200271,Văn hóa trong kinh doanh,2,0
200272,Công tác dân vận,2,0
200273,Văn hóa vùng và văn hóa tộc người ở Việt Nam,2,15
200274,Văn hóa các dân tộc thiểu số Tây Nam Bộ,2,0
200275,Tiếng Khmer,3,0
200276,"Phum, sóc của người Khmer Nam Bộ",2,0
200277,Lịch sử âm nhạc phương Tây,2,15
200278,Lịch sử âm nhạc phương Đông,2,0
200279,Nhạc khí dân tộc Khmer Nam Bộ,2,15
20028,"CS Của Đảng Về VĐ Dân Tộc, TG",3,0
200280,Tiếng Khmer cơ bản,2,15
200281,Hòa âm nhạc truyền thống Khmer,3,15
200282,Kí – xướng âm I,2,0
200283,Trống Thum,2,0
200284,Trống Sampho,2,0
200285,Trống Daey,2,0
200286,Cồng Vong Tuôch,2,0
200287,Cồng Vong Thum,2,0
200288,Chhưng,2,0
200289,Lịch sử âm nhạc truyền thống Việt Nam,3,45
20029,Thực Tập Thực Tế,2,0
200290,Kí – xướng âm II,2,0
200291,Dàn nhạc I,2,0
200292,Dàn nhạc Ngũ âm I,3,0
200293,Thực tế I,1,0
200294,Đờn Khưm,2,0
200295,Đờn Roneak Đek,2,0
200296,Đờn Roneat Thung,2,0
200297,Phân tích âm nhạc Khmer I,2,0
200298,Dàn nhạc II,2,0
200299,Dàn nhạc Ngũ âm II,3,0
20030,Cơ Sở Văn Hoá Việt Nam,3,30
200300,Ca hát truyền thống,2,0
200301,Dàn nhạc cưới Khmer I,3,0
200302,Kèn Sro lay,3,0
200303,Đờn Cò,3,0
200304,Phân tích âm nhạc Khmer II,2,0
200305,Hòa tấu nhạc truyền thống I,2,0
200306,Dàn nhạc Ngũ âm III,3,0
200307,Hòa tấu nhạc Ngũ âm Khmer I,3,0
200308,Thực tế II,1,0
200309,Dàn nhạc cưới Khmer II,3,0
20031,Văn Học Dân Gian Khmer,3,0
200310,Đờn Takhe,3,0
200311,Đờn Roneat Ek,3,0
200312,Hòa tấu nhạc truyền thống II,2,0
200313,Dàn nhạc Ngũ âm IV,3,15
200314,Hòa tấu nhạc Ngũ âm Khmer II,3,0
200315,Ca hát truyền thống Khmer I,2,0
200316,Biểu diễn I,2,15
200317,Đờn Gáo,3,0
200318,Sáo,3,0
200319,Dàn nhạc Ngũ âm V,3,0
20032,Tôn Giáo Và Văn Hoá,3,0
200320,Hòa tấu nhạc Ngũ âm Khmer III,3,0
200321,Ca - hát truyền thống Khmer II,2,0
200322,Biểu diễn II,2,15
200323,Thực tế III,1,0
200324,Biểu diễn tốt nghiệp,7,0
200325,Tiếng Khmer cơ bản 1,3,0
200326,Tiếng Khmer cơ bản 2,3,0
200327,Ngôn ngữ và văn hoá,2,30
200328,Tiếng Khmer cơ bản 3,3,0
200329,Ngôn ngữ các dân tộc thiểu số Việt Nam,2,0
20033,Lý Thuyết Thông - Phiên Dịch,3,30
200330,Tiếng Khmer nâng cao 1,3,15
200331,Ngữ pháp tiếng Khmer 1,2,15
200332,Phương pháp luận nghiên cứu ngôn ngữ,2,15
200333,Kỹ năng thuyết trình,2,15
200334,Tiếng Khmer nâng cao 2,3,15
200335,Ngữ pháp tiếng Khmer 2,2,0
200336,Tiếng Khmer nâng cao 3,3,0
200337,Ngôn ngữ học đối chiếu,2,15
200338,Thành ngữ học và thành ngữ Khmer,2,30
200339,Phân tích diễn ngôn,2,0
20034,Giới Và HN GĐ Người Khmer NB,3,0
200340,Ngôn ngữ học ứng dụng,2,0
200341,Phương ngữ học tiếng Khmer,2,15
200342,Thực tập thực địa,1,0
200343,Ngôn ngữ học và phương pháp dạy học ngoại ngữ,2,15
200344,Ngôn ngữ học tri nhận,2,0
200345,Dự án nghiên cứu ngôn ngữ,2,0
200346,Từ điển học,3,15
200347,Văn học dân gian Khmer,2,0
200348,Phong cách học tiếng Khmer,2,30
200349,Tâm lý học sư phạm,2,0
20035,Các Nền Văn Hoá Cổ ở Việt Nam,3,0
200350,Thực tập sư phạm 1,3,0
200351,Dẫn luận ngôn ngữ học,2,15
200352,Ngôn ngữ và văn hóa,2,0
200353,Tiếng Khmer căn bản 1,4,0
200354,Tiếng Khmer căn bản 2,3,0
200355,Đất nước học,2,15
200356,Tiếng Khmer căn bản 1,3,15
200357,Tiếng Khmer căn bản 3,3,0
200358,Tổ chức dạy học hợp tác,2,0
200359,Thành ngữ học và thành ngữ Khmer,2,15
20036,Dịch Thuật NN Khmer - Việt 1,3,0
200360,Từ điển học,3,30
200361,Nhập môn nghề giáo,1,0
200362,Ngôn ngữ và văn học,2,15
200363,Phương pháp nghiên cứu khoa học giáo dục,2,15
200364,Ký - Xướng âm 1,2,15
200365,Organ,2,0
200366,Dàn nhạc ngũ âm,3,0
200367,Hòa tấu nhạc ngũ âm 1,3,0
200368,Đờn Roneat Ek,2,0
200369,Hòa tấu nhạc ngũ âm 2,3,0
20037,Tiêu Đề Và PC VB Tiếng Việt,3,0
200370,Sáo,2,0
200371,Hòa tấu nhạc ngũ âm 3,3,0
200372,Hòa tấu nhạc cưới Khmer 1,3,0
200373,Biểu diễn,2,15
200374,Kèn Sro lay,2,0
200375,Dàn nhạc cưới Khmer,3,0
200376,Hòa tấu nhạc cưới Khmer 2,3,0
200377,Đờn Gáo,2,0
200378,Đờn Takhe,2,0
200379,Hòa tấu nhạc cưới Khmer3,3,0
20038,"Phong Tục, TN, LH, Khmer NB",6,0
200380,Phân tích âm nhạc Khmer 2,2,0
200381,Hòa tấu nhạc ngũ âm 4,3,0
200382,Thực tập cuối khóa,3,0
200383,Pali căn bản,3,15
200384,Ngữ pháp tiếng Khmer,3,15
200385,Thực hành dịch 3,2,0
200386,Từ vựng Khmer 1,2,15
200387,Phương pháp dạy học Tiếng Khmer,2,15
200388,Văn học Khmer,3,0
200389,Văn hóa Khmer,2,15
20039,Quản Lí Văn Hoá,3,30
200390,Ngôn ngữ báo chí tiếng Khmer,2,0
200391,"Tiếng Khmer văn hóa, du lịch, lễ hội",2,15
200392,"Tiếng Khmer pháp luật, hành chính, văn phòng",2,15
200393,Tiếng Khmer văn học -  nghệ thuật,2,15
200394,Phương pháp dạy học tiếp nhận và tạo lập văn bản tiếng Khmer,2,15
200395,Từ vựng Khmer 2,2,0
200396,"Kiểm tra, đánh giá kết quả học tập môn tiếng Khmer",2,15
200397,Lý luận văn học Khmer,2,15
200398,Viết tiếng Khmer,3,0
200399,"Biên, phiên dịch tiếng Khmer",3,15
20040,Mĩ Học Đại Cương,3,0
200400,Tiếng Pali cơ bản,3,0
200401,Tổ chức hoạt động GD ở trường phổ thông,2,15
200402,Phân tích và PT chương trình tiếng Khmer,2,15
200403,Hoạt động trải nghiệm sáng tạo trong dạy học tiếng Khmer,2,0
200404,Thực tập sư phạm 2,4,0
200405,Dạy học đọc hiểu VB tiếng Khmer trong nhà trường,3,0
200406,Giáo dục ngôn ngữ Khmer trong nhà trường,2,0
200407,Tiếp cận văn học Khmer trong nhà trường,2,15
200408,Ngữ âm Khmer,3,15
200409,Tâm lý học giáo dục,2,15
20041,Logic Học,3,0
200410,Ngữ pháp Khmer 1,2,0
200411,Trống Chay Dăm,2,0
200412,Dân ca Khmer 2,2,0
200413,Quản lý hành chính Nhà nước & quản lý ngành GD&ĐT,2,30
200414,Ứng dụng công nghệ thông tin và truyền thông trong dạy học Tiếng Khmer,2,15
200415,Địa danh học Việt Nam,2,15
200416,Kí - Xướng âm 2,2,0
200417,Hán Nôm 1,2,15
200418,Âm vị học tiếng Việt,2,15
200419,Văn hóa học đường,2,15
20042,Phương Pháp Nghiên Cứu KH,2,0
200420,Ngữ pháp Khmer 2,3,0
200421,Phương pháp dạy học tiếp nhận và tạo lập văn bản tiếng Khmer,3,0
200422,Lí luận văn học,2,15
200423,Từ vựng – Ngữ nghĩa học Tiếng Việt,2,0
200424,Hán Nôm 2,2,15
200425,Văn học trung đại Việt Nam 1,3,0
200426,Thi pháp học,2,15
200427,Văn học phương Tây,2,0
200428,Ngữ pháp Tiếng Việt,2,15
200429,Văn học hiện đại Việt Nam 1,2,15
20043,Văn Hoá So Sánh,3,0
200430,Văn học trung đại Việt Nam 2,2,15
200431,Một số vấn đề lí luận văn học đương đại,2,15
200432,Phân tích và phát triển CT Ngữ văn bậc THPT,2,0
200433,Truyền thông và tiếp nhận văn học,2,15
200434,Lý thuyết tiếp nhận và dạy học văn bản văn học,2,15
200435,Ứng dụng công nghệ thông tin trong dạy học Ngữ văn,2,0
200436,Phương pháp dạy học Ngữ văn,2,0
200437,Văn học hiện đại Việt Nam 2,2,0
200438,Văn học Trung quốc,2,15
200439,Văn học Nga,2,0
20044,Tộc Người & VH Tộc Người ở VN,3,0
200440,Kĩ năng xây dựng câu hỏi trong dạy học Ngữ văn,2,0
200441,Hoạt động trải nghiệm sáng tạo trong dạy học Ngữ văn,2,0
200442,"Kiểm tra, đánh giá kết quả học tập môn Ngữ văn",2,15
200443,Văn học Ấn Độ - Nhật,2,0
200444,Văn học Đông Nam Á,2,0
200445,Văn học Bắc Mĩ – Mĩ Latinh,2,0
200446,Phong cách học Tiếng Việt,2,15
200447,Phương ngữ và phương ngữ học Tiếng Việt,2,0
200448,Ngữ dụng học Tiếng Việt,2,0
200449,Thơ Việt Nam hiện đại,2,15
20045,Múa Truyền Thống Kmer N Bộ,6,0
200450,Văn học quốc ngữ Nam Bộ cuối TK XIX đầu TK XX,2,15
200451,Tiếp cận văn học trong nhà trường,2,0
200452,Giáo dục ngôn ngữ trong Nhà trường,2,15
200453,Dạy học đọc hiểu văn bản trong nhà trường,3,0
200454,Văn hóa Việt Nam,2,15
200455,Piano 1,3,15
200456,Piano 2,2,0
200457,Tính năng nhạc cụ,2,30
200458,Lịch sử âm nhạc thế giới 1,3,0
200459,Lịch sử âm nhạc thế giới 2,2,0
20046,"Tín Ngưỡng, Lễ Hội Khmer N.Bộ",6,0
200460,Guitar 1,2,15
200461,Guitar 2,2,0
200462,Biểu diễn nhạc cụ truyền thống Khmer 3,2,0
200463,Phân tích tác phẩm âm nhạc,2,0
200464,Hình thức âm nhạc,2,15
200465,Roneat Ek 1,2,0
200466,Roneat Ek 2,2,0
200467,Trô U 1,2,0
200468,Trô U 2,2,0
200469,Trô Sô 1,2,0
20047,Dịch Thuật NN Khmer - Việt 2,3,0
200470,Trô Sô 2,2,0
200471,Sáng tác nhạc Khmer,2,0
200472,Dân ca Khmer 1,2,15
200473,Dân ca Khmer 2,2,0
200474,Kông Vong,2,0
200475,Khlôy,2,0
200476,Skô Thôn Rumani,2,0
200477,Hòa tấu nhạc Mô Hô Ry,2,0
200478,Nhạc lý cơ bản,3,30
200479,Nhân học văn hóa – xã hội,2,0
20048,Địa Văn Hoá Nam Bộ,3,0
200480,Phương ngữ tiếng Khmer,2,15
200481,Organ 1,3,15
200482,Hòa tấu nhạc Ngũ âm 1,2,0
200483,Âm nhạc và Lễ hội Khmer Nam Bộ,2,0
200484,Skô Thum - Samphô,2,0
200486,Hòa tấu nhạc ngũ âm 2,2,0
200487,Dàn nhạc cưới Khmer,2,15
200488,Hòa tấu nhạc cưới Khmer 1,2,0
200489,Hòa tấu nhạc cưới Khmer 2,2,0
20049,Nghệ Thuật Diễn Xướng Khmer NB,6,0
200490,Khưm Tuôch,2,0
200491,Srolay,2,0
200493,Organ,2,0
200494,Tà Khê,2,0
200495,Ca hát truyền thống,2,0
200496,Phân tích tác phẩm âm nhạc,2,0
200498,Âm nhạc cỗ truyền Việt Nam,2,0
200499,Hòa tấu Mô Hô Ry,2,0
20050,Bảo Tàng Học,3,30
200500,Skô Thôn - Rumani,2,0
200501,Sáng tác âm nhạc Khmer,2,15
200502,Văn học trung đại Việt Nam 1,2,15
200503,Từ vựng - Ngữ nghĩa học tiếng Việt,3,30
200504,Ngữ pháp tiếng Việt,3,15
200505,Văn học phương Đông,3,30
200506,Xây dựng câu hỏi trong dạy học Ngữ văn,2,15
200507,Phân tích và phát triển chương trình Ngữ văn,2,15
200508,Phương pháp dạy học Ngữ văn,3,30
200509,Văn học phương Tây,3,30
20051,Phật Giáo Khmer Nam Bộ,3,0
200510,Văn học hiện đại Việt Nam 1,3,30
200511,Sáng tác văn học,2,15
200512,Văn học hiện đại Việt Nam 2,3,30
200513,Dạy học tạo lập văn bản trong nhà trường,2,0
200514,Dạy học tiếp nhận văn bản trong nhà trường,2,0
200515,Quản lý hành chính Nhà nước và quản lý Giáo dục và Đào tạo,2,15
200516,Ứng dụng công nghệ thông tin - truyền thông trong dạy học Ngữ văn,2,15
200517,Ngôn ngữ và văn học,2,15
200518,Thực hành sử dụng từ Hán Việt,2,15
200519,Tích hợp và phân hóa trong dạy học Ngữ văn,3,30
20052,"Phum, Sóc Của Người Khmer NB",2,0
200520,Dạy học tiếp nhận văn bản ở trường trung học theo đặc trưng loại thể,2,15
200521,Tiếp cận văn học nước ngoài trong nhà trường,2,15
200522,Văn học dân gian Đông Nam Á,2,15
200523,Từ vựng Khmer,3,15
200524,Thực hành biểu diễn nghệ thuật Khmer trong nhà trường,2,15
200525,Kỹ năng xây dựng câu hỏi trong dạy học tiếng Khmer,2,15
200526,Hoạt động trải nghiệm trong dạy học tiếng Khmer,2,15
200527,Văn học viết Khmer,2,15
200528,Viết tiếng Khmer 1,2,0
200529,Viết tiếng Khmer 2,2,15
20053,Kiến Trúc & MT TT Khmer NB,2,15
200530,Hoạt động giao tiếp và thực hành văn bản tiếng Khmer,3,30
200531,Dạy học tiếng Khmer như một ngoại ngữ,2,15
200532,Dàn nhạc ngũ âm,2,15
200533,Hoạt động trải nghiệm trong dạy học Ngữ văn,2,15
200534,Phương ngữ học và phương ngữ tiếng Việt,2,15
200535,Hòa tấu nhạc cụ truyền thống,2,0
200536,Quản lí dự án văn hóa - nghệ thuật,2,15
200537,Biên tập và Dàn dựng nghệ thuật,2,15
200538,Tiếng pali căn bản,3,15
200539,Tiếng Khmer 1,3,15
20054,Văn Hoá Trong Kinh Doanh,2,0
200540,Tiếng Khmer 2,3,15
200541,Âm nhạc trong lễ hội Khmer Nam Bộ,2,0
200542,Phương pháp nghiên cứu khoa học xã hội,2,15
200543,Ngữ âm học,2,15
200544,Văn học dân gian Việt Nam,3,15
200545,Ngữ âm học tiếng Việt,2,15
200546,Văn bản Hán Nôm Việt Nam,3,15
200547,Nhạc lý cơ bản 1,2,15
200548,Nhạc khí Khmer Nam Bộ,2,15
200549,Nhạc lý cơ bản 2,2,15
20055,VĐề GD Trong ĐB Người Khmer NB,2,0
200550,Lịch sử âm nhạc thế giới 1,2,15
200551,Kí – xướng âm 1,2,15
200552,Phân tích tác phẩm văn học Khmer,2,15
20056,ẩm Thực & TP Ngưởi Khmer NB,2,0
20057,Dịch Thuật NN Khmer - Việt 3,4,30
20058,Văn Học Khmer Đương Đại,3,0
20059,Truyền Thông Đại Chúng,3,0
20060,Du Lịch Học,3,30
20061,Con Người Và Văn Hoá Nam Bộ,2,0
20062,Giáo Dục Thể Chất,2,0
20063,Vấn Đề GD Trong ĐB Khmer NB,2,0
20064,Dịch Thuật NN Khmer - Việt 4,4,0
20065,Thực Tập Tốt Nghiệp,3,0
20066,Công Tác Dân Vận,2,0
210000,Dung sai - Kỹ thuật đo,2,0
210001,An toàn và môi trường CN,2,0
210002,Vật liệu học,2,30
210003,Thực hành hàn,2,0
210004,Hình họa - Vẽ kỹ thuật,3,0
210005,Thực hành nguội,2,0
210006,Cơ kỹ thuật,3,0
210007,Kỹ thuật điện,2,0
210008,Nguyên lý cắt gọt kim loại,2,0
210009,Thực hành tiện 1,6,0
21001,TH Kỹ Thuật Tiện 4,14,0
210010,Động cơ đốt trong,3,0
210011,Thực hành động cơ 1,4,0
210012,Thực hành điện ô tô 1,3,0
210013,Hệ thống điện - điện tử ô tô,3,45
210014,Vẽ kỹ thuật cơ khí,3,0
210015,Dung sai - Đo lường,2,0
210016,Thực hành qua ban nguội,2,0
210017,Thực hành động cơ 2,4,0
210018,Cơ lý thuyết,3,0
210019,Sức bền vật liệu,2,0
21002,Nhập môn lập trình(ôn thi TS),2,0
210020,Auto CAD căn bản,2,0
210021,Thực hành tiện 1,6,0
210022,Công nghệ chế tạo máy 1,2,0
210023,Công nghệ khí nén - Thuỷ lực,3,30
210024,Nguyên lý - Chi tiết máy,3,0
210025,Kỹ thuật điện,2,0
210026,Kỹ thuật điện tử,2,0
210027,Máy cắt kim loại,2,0
210028,Thực hành tiện 2,6,0
210029,Công nghệ chế tạo máy,2,30
21003,,2,0
210030,Kỹ thuật ĐK khí nén - Thuỷ lực,3,0
210031,Thực hành hàn,2,0
210032,Thực hành tiện 2,6,0
210033,Trang bị điện trong máy CN,2,0
210034,Công nghệ CAD/CAM/CNC,3,0
210035,Thực hành phay,4,0
210036,Thực tập tốt nghiệp,4,0
210037,Thực hành ô tô,4,0
210038,Lý thuyết ô tô,3,0
210039,Thực hành điện ô tô 2,3,0
21004,Cơ Kỹ Thuật,3,0
210040,Thực hành xe gắn máy,4,0
210041,Thực hành máy công trình,4,0
210042,Thực hành máy tàu,4,0
210043,Truyền nhiệt,2,0
210044,Thực tập tốt nghiệp,2,0
210045,Cấu tạo ô tô,3,0
210046,Thực Hành Nguội,2,0
210047,Công nghệ gia công CAD/CAM/CNC,3,0
210048,Công nghệ chế tạo máy 2,2,30
210049,Đồ án chế tạo máy,1,0
21005,Cấu Tạo Ô Tô 1,2,0
210050,Công nghệ gia công áp lực,2,0
210051,Công nghệ xử lý vật liệu,2,0
210052,Công nghệ Robots công nghiệp,2,0
210053,Công nghệ nâng vận chuyển,2,0
210054,Tự động hoá quá trình SX,2,30
210055,Công nghệ đúc kim loại,2,0
210056,Công nghệ phun phủ bề mặt,2,0
210057,Công nghệ hàn,2,0
210058,Công nghệ cán kim loại,2,0
210059,Hệ thống PLC,2,0
21006,Cấu Tạo Ô Tô 2,4,60
210060,Tổ chức quản lý kinh tế KT,2,0
210061,Khoá luận tốt nghiệp,5,0
210062,Thi tốt nghiệp,5,0
210063,Thực hành qua ban máy công cụ,2,0
210064,Thực hành ô tô 1,3,0
210065,Thực hành ô tô 2,3,0
210066,Hệ thống điện - điện tử ô tô,4,0
210067,Thực hành tiện 1,4,0
210068,Động cơ đốt trong,4,0
210069,Anh văn chuyên ngành CN ô tô,2,0
21007,Cấu Tạo Động Cơ,4,0
210070,Đồ án nguyên lý - chi tiết máy,1,0
210071,Đồ án công nghệ chế tạo máy,1,0
210072,Lý thuyết ô tô,4,0
210073,Kỹ thuật nhiệt,2,0
210074,Kỹ thuật khí nén - Thuỷ lực,2,0
210075,Auto CAD,3,0
210076,Thực hành tiện 2,4,0
210077,Công nghệ khí nén - Thuỷ lực,4,0
210078,Công nghệ khuôn mẫu,2,0
210079,Gia công áp lực bằng PP BDD KL,2,0
21008,Dung Sai - Đo Lường,2,0
210080,Đo lường nâng cao,1,0
210081,AutoCAD cơ bản,3,0
210082,Công nghệ gia công CAD/CAM/CNC,4,30
210083,Thực hành tiện 3,4,0
210084,Thực tập xí nghiệp,3,0
210085,Hình họa - vẽ kỹ thuật,3,0
210086,Dung sai - kỹ thuật đo,3,0
210087,Vật liệu cơ khí,2,30
210088,Dung sai kỹ thuật đo,2,0
210089,Cơ lý thuyết,2,0
21009,Khảo Nghiệm Ô Tô,3,0
210090,Nhập môn ngành CNKT cơ khí,2,15
210091,Ôtô và môi trường,2,0
210092,Ôtô sử dụng năng lượng mới,2,0
210093,Kiểm định và chẩn đoán ôtô,2,0
210094,Điều khiển động cơ xăng-Diesel,2,0
210095,Dao động ôtô,1,0
210096,ổn định ôtô,1,0
210097,Hệ thống điều hoà không khí,1,0
210098,Kỹ thuật điện - điện tử,3,30
210099,Động cơ đốt trong,3,30
21010,Kỹ Thuật CNC,3,0
210100,Cơ học lưu chất (CK),2,0
210101,Sức bền vật liệu,3,45
210102,Ô tô 1,3,0
210103,Thực hành động cơ 1,3,0
210104,Thực hành động cơ 2,3,0
210105,Thực hành ô tô 1,2,0
210106,Dao động trong kỹ thuật,2,30
210107,Thực hành điện ô tô 2,2,0
210108,Công nghệ khí nén thuỷ lực,2,15
210109,Cơ sở công nghệ chế tạo máy,2,15
21011,Kỹ Thuật Chuyên Môn Cơ Khí 1A,3,0
210110,Công nghệ kim loại,2,30
210111,Kỹ thuật số và xử lý TH số,2,0
210112,Vi điều khiển,2,0
210113,Kỹ thuật máy nâng vận chuyển,2,0
210114,Anh văn chuyên ngành CN ôtô,2,0
210115,Thiết kế với CATIA,2,0
210116,Kiểm định và chẩn đoán KT ôtô,2,0
210117,Công nghệ lắp ráp ôtô,2,30
210118,Kỹ thuật mô tô - xe máy,2,15
210119,Thực hành ô tô 2,2,0
21012,Kỹ Thuật Chuyên Môn Cơ Khí 1B,2,0
210120,Thực hành cơ khí cơ bản,2,0
210121,Thực hành máy công trình,2,0
210122,Điều khiển ĐC xăng Diesel,2,0
210123,Ô tô sử dụng năng lượng mới,1,15
210124,Ô tô và môi trường,1,0
210125,Văn hoá Việt Nam,2,15
210126,Cơ sở Công nghệ chế tạo máy,2,30
210127,Nguyên lý - chi tiết máy,3,30
210128,Thí nghiệm cơ học,1,0
210129,Giải tích mạch,2,0
21013,Kỹ Thuật Chuyên Môn Cơ Khí 2A,4,0
210130,Điện tử công suất ứng dụng,3,0
210131,Kỹ thuật số và XL tín hiệu số,3,0
210132,Công nghệ chế tạo máy,2,15
210133,Kỹ thuật máy nâng vận chuyển,2,0
210134,Máy thuỷ lực và khí nén,2,0
210135,Trang bị điện,2,0
210136,Kỹ thuật đo lường và cảm biến,3,0
210137,Vi điều khiển,3,0
210138,Truyền động điện trong HT CĐT,3,0
210139,Thực hành cơ khí cơ bản,2,0
21014,Kỹ Thuật Chuyên Môn Cơ Khí 2B,4,0
210140,Co - op 1,3,0
210141,Co - op 2,3,0
210142,Công nghệ nano,2,0
210143,Quy hoạch thực nghiệm,2,30
210144,Mạch điện tử,2,0
210145,Kỹ thuật điều khiển tự động,2,15
210146,Kỹ thuật lập trình,2,0
210147,Thiết kế và mô phỏng mạch in,2,0
210148,Tự động hoá quá trình s.xuất,3,0
210149,Robot công nghiệp,2,15
21015,Kỹ Thuật Chuyên Môn Cơ Khí 3A,3,0
210150,Lập trình PLC,3,30
210151,TH truyền động điện & ĐTCS,2,0
210152,TH đo lường và cảm biến,2,0
210153,Công nghệ CAD/CAM/CNC,3,0
210154,Phân tích và TKHT cơ điện tử,3,0
210155,Co - op 3,3,0
210156,Co - op 4,3,0
210157,Co - op 5,3,0
210158,Co - op 6,3,0
210159,Anh văn chuyên ngành (CDL),2,0
21016,Kỹ Thuật Chuyên Môn Cơ Khí 3B,4,0
210160,Servo điện thuỷ khí,2,0
210161,Công nghệ gia công khuôn mẫu,2,0
210162,Công nghệ in 3D,2,0
210163,Mạng truyền thông công nghiệp,2,30
210164,Hệ thống sản xuất modul (MPS),2,0
210165,Hệ thống CIM,2,0
210166,"Mô hình hoá, mô phỏng HT CĐT",2,0
210167,Thiết lập hệ thống mạng SCADA,2,0
210168,Co - op 7,3,0
210169,Co - op 8,3,0
21017,Lý Thuyết Phai Bào,4,60
210170,Đồ án tốt nghiệp (CDL),7,0
210171,Hệ thống sản xuất tự động FMS,2,0
210172,Hệ thống ĐK quá trình (PCS),2,0
210173,Hệ thống ĐK phân tán (DCS),2,0
210174,Phân tích máy,1,0
210175,Thực tập tốt nghiệp (CK),3,0
210176,Auto CAD căn bản,3,0
210177,Hệ thống điện - điện tử ô tô,3,30
210178,Thực hành máy công trình,3,0
210179,Cơ sở công nghệ chế tạo máy,3,0
21018,Nguyên Lý Cắt Gọt,4,0
210180,Thực hành tiện 1,3,0
210181,Động cơ đốt trong 1,2,30
210182,Động cơ đốt trong 2,2,0
210183,Động cơ đốt trong 3,3,0
210184,Công nghệ CAD/CAM/CNC,2,15
210185,Máy chế biến lương thực TP,2,30
210186,Công nghệ và thiết bị sấy,2,0
210187,Thiết kế với CATIA,2,0
210188,Lập trình PLC,2,15
210189,Thiết kế với SolidWork,2,30
21019,Nguyên Lý Cắt Gọt Kim Loại,4,0
210190,Phương pháp gia công áp lực,2,0
210191,Tin học chuyên ngành (CK),2,0
210192,Vật liệu mới,2,0
210193,Thực hành CNC,2,0
210194,Đo lường nâng cao,1,0
210195,Đồ án tốt nghiệp (CDL),5,0
210196,Công nghệ chế tạo máy,3,30
210197,Bảo trì và SC máy công nghiệp,3,30
210198,Lập trình Labview,2,0
210199,Thiết kế với SolidWork,2,0
21020,Nguyên Lý Động Cơ,4,0
210200,Thiết kế mô phỏng với PM Ansys,2,0
210201,Phương pháp tính trong KT,2,0
210202,Các phương pháp gia công TT,2,0
210203,Kỹ thuật Robot và ĐK số,2,0
210204,Công nghệ VL nhựa & khuôn mẫu,3,0
210205,Hệ thống điện động cơ 1,2,0
210206,Hệ thống điện động cơ 2,2,0
210207,Ô tô 2,2,0
210208,Ô tô 3,2,0
210209,Thực hành điện ô tô 1,2,0
21021,TH Điều Khiển Động Cơ Điện,2,0
210210,HT điện thân xe & ĐKTĐ  ô tô,3,0
210211,Thí nghiệm động cơ và ô tô,2,0
210212,Ô tô sử dụng năng lượng mới,2,0
210213,Ô tô và môi trường,2,0
210214,Công nghệ ĐK Đ.tử trên ô tô,2,0
210215,HT an toàn & ổn định trên ô tô,3,0
210216,HT điều hoà&tbt.nghi trên ôtô,2,0
210217,Thực hành cắt gọt 1,3,0
210218,Đồ án chi tiết máy,1,0
210219,Trang bị điện trong máy CN,2,0
21022,TH Chuyên Ngành Cắt Gọt 1A,5,0
210220,Thực hành cắt gọt 2,2,0
210221,Thực tập xí nghiệp,2,0
210222,Bảo trì và SC máy công nghiệp,2,0
210223,Máy khí nén - thuỷ lực,2,30
210224,Máy chế biến lương thực,2,30
210225,Thiết kế với sự trợ giúp của máy tính,2,0
210226,Các phương pháp gia công mới,2,0
210227,Sức bền vật liệu,2,15
210228,Nguyên lý động cơ đốt trong,2,0
210229,Động cơ đốt trong 1 (Nguyên lý - Kết cấu ĐCĐT),3,0
21023,TH Chuyên Ngành Cắt Gọt 1B,2,0
210230,Thực hành động cơ,4,0
210231,Động cơ đốt trong 2 (tính toán động cơ đốt trong),2,0
210232,Ô tô 1 (lý thuyết ô tô),3,0
210233,Hệ thống điện động cơ,3,30
210234,ô tô 2 (kết cấu và tính toán ô tô),3,0
210235,Hệ thống điện thân xe và điều khiển tự động ô tô,3,0
210236,Thực hành điều khiển động cơ,3,0
210237,Ô tô Hybrid,2,0
210238,Công nghệ điều khiển điện tử trên ô tô,2,0
210239,Hệ thống an toàn và ổn định  trên ô tô,3,45
21024,TH Chuyên Ngành Cắt Gọt 2A,5,0
210240,Hệ thống điều hòa và thiết bị tiện nghi trên ô tô,2,15
210241,Đồ án chuyên ngành công nghệ ô tô,1,0
210242,Anh văn chuyên ngành cơ khí,2,30
210243,Thực hành điện ô tô,3,0
210244,Thực hành ô tô,3,0
210245,Lý thuyết ô tô,3,30
210246,An toàn lao động và môi trường công nghiệp,2,30
210247,Tư duy hệ thống,2,15
210248,Vẽ kỹ thuật với CAD,2,15
210249,Kỹ thuật số,2,15
21025,TH Chuyên Ngành Cắt Gọt 2B,6,0
210250,Nguyên lý động cơ đốt trong,3,0
210251,Thực hành hệ thống truyền động ô tô,3,0
210252,Cảm biến trên ô tô,2,0
210253,Kỹ thuật khí nén - Thủy lực,2,0
210254,Kết cấu và tính toán động cơ đốt trong,3,30
210255,Thực hành động cơ đốt trong,4,0
210256,Hệ thống điện thân xe,4,0
210257,Kết cấu tính toán ô tô,3,0
210258,Chẩn đoán và bảo trì động cơ,2,15
210259,Thí nghiệm điện - điện tử ô tô,2,0
21026,TH Chuyên Ngành Cắt Gọt 3B,6,0
210260,Ô tô điện,2,0
210261,Ô tô và môi trường,2,0
210262,Hệ thống điều hòa không khí trên ô tô,2,0
210263,Thực hành hệ thống vận hành và điều khiển ô tô,3,0
210264,Đồ án chuyên ngành ô tô,1,0
210265,Hệ thống điều khiển động cơ,4,0
210266,Kỹ thuật mô tô xe máy,2,0
210267,Kiểm định và chẩn đoán kỹ thuật ô tô,2,15
210268,Xe chuyên dùng,2,0
210269,Hệ thống định vị ô tô (GPS),2,0
21027,TH Chuyên Ngành Cắt Gọt 4B,6,0
210270,Ô tô sử dụng năng lượng mới,2,15
210271,"Chuyên đề tính toán, thiết kế ô tô",2,15
210272,Chuyên đề hệ thống điều khiển ô tô,3,0
210273,Chuyên đề công nghệ mới trên ô tô,2,15
210274,Hệ thống điện động cơ,4,0
210275,Hình họa - Vẽ kỹ thuật,2,15
210276,Dung sai - Kỹ thuật đo,2,15
210277,Cơ học ứng dụng,3,30
210278,Hệ thống điện-điện tử ô tô,4,0
210279,Cơ học lưu chất,2,15
21028,TH Chuyên Ngành Ô Tô 1,5,0
210280,Thực hành điện ô tô,4,0
210281,Anh văn chuyên ngành ô tô,2,30
210282,Thực hành điều khiển động cơ,2,0
210283,Chuyên đề ô tô điện,1,0
210284,Quản trị sản xuất và chất lượng,2,30
210285,"Trang bị điện, Điện tử trong máy công nghiệp",2,0
210286,Tối ưu hóa trong kỹ thuật,2,0
210287,Kỹ thuật độ tin cậy,2,0
210288,Điều khiển tự động,2,0
210289,Thực hành tiện 2,3,0
21029,TH Chuyên Ngành Ô Tô 1B,2,0
210290,Bảo trì và bảo dưỡng công nghiệp,2,0
210291,Công nghệ khuôn mẫu,2,0
210292,Tự động hóa quá trình sản xuất,2,15
210293,Thiết kế sản phẩm công nghiệp,2,15
210294,Ma sát học,2,0
210295,Thiết kế mô phỏng hệ thống máy,2,0
210296,Năng lượng và quản lý năng lượng,2,0
210297,Các phương pháp gia công đặc biệt,2,0
210298,"Chuyên đề tính toán, thiết kế trong cơ khí",2,0
210299,Chuyên đề các phương pháp gia công mới,3,30
21030,TH Chuyên Ngành Ô Tô 2,15,0
210300,Chuyên đề công nghệ và vật liệu mới,2,0
210301,Thực hành phay,2,0
210302,Cơ lý thuyết,2,15
210303,Vẽ kỹ thuật - CAD,3,0
210304,Vật liệu cơ khí,2,15
210305,Thực hành qua ban cơ khí,3,0
210306,Kỹ thuật nhiệt,2,0
210307,Anh văn kỹ thuật,2,0
210308,Cấu tạo ô tô,2,0
210309,Thực hành động cơ,5,0
21031,TH Chuyên Ngành Ô Tô 2B,6,0
210310,Hệ thống điều hòa không khí trên ô tô,2,0
210311,Hệ thống điện thân xe và điều khiển ô tô,5,0
210312,Thực hành ô tô,5,0
210313,Thực tập cuối khóa,6,0
210314,Đồ án tốt nghiệp,5,0
210315,Kỹ thuật điện - điện tử ô tô,3,30
210317,Anh văn kỹ thuật,2,0
210318,Công nghệ CAD/ CAM/ CNC,3,15
210319,Tin học chuyên ngành,3,0
21032,TH Chuyên Ngành Ô Tô 3B,6,0
210320,Thực hành cắt gọt 2,3,0
210321,Thực hành cắt gọt 2,4,0
210322,Văn hóa Việt Nam,2,0
210323,Thực hành phay,3,0
210324,Thực tập thực tế,6,0
210325,Tối ưu hóa trong kỹ thuật,2,0
210326,Anh văn kỹ thuật,2,30
210327,Phương pháp gia công đặc biệt,2,0
210328,Máy chế biến lương thực,2,15
210329,Công nghệ và thiết bị sấy,2,15
21033,TH Chuyên Ngành Ô Tô 4B,6,0
210330,Bảo trì công nghiệp,2,15
210331,Thực hành hàn nâng cao,2,0
210332,Kết cấu và tính toán ô tô,3,0
210333,Thực hành hệ thống vận hành và điều khiển ô tô,4,0
210334,Ô tô sử dụng năng lượng thay thế,2,0
210335,Thực hành Động cơ đốt trong,3,0
210336,Thực hành hệ thống truyền động ô tô,4,0
210337,Đo lường và cảm biến,2,15
210338,Công nghệ khuôn mẫu,3,0
210339,Co-op 3,3,0
21034,TH Kỹ Thuật Tiện 1,7,0
210340,Co-op 4,3,0
210341,Co-op 5,3,0
210342,Co-op 6,3,0
210343,Nhập môn công nghệ kỹ thuật ô tô,2,15
210344,Tổ chức quản lý sản xuất,2,30
210345,Tư duy sáng tạo,2,15
210346,Đồ án tính toán và sửa chữa ô tô,1,0
210347,Thực hành hệ thống điện động cơ,4,0
210348,Tính toán và thiết kế hệ thống cơ khí,2,0
210349,Thực hành gia công cơ khí,3,0
21035,TH Kỹ Thuật Tiện 2,7,0
210350,Đồ án tính toán và sửa chữa hệ thống cơ khí,1,0
210351,Lập trình vi điều khiển,2,15
210352,Điều khiển tự động hệ thống cơ khí,2,0
210353,Đồ án điều khiển hệ thống cơ khí,1,0
210354,Truyền động điện và điều khiển động cơ điện,2,15
210355,Thực hành máy tàu thủy,2,0
210356,Chuyên đề thiết kế và mô phỏng hệ thống cơ khí,2,0
210357,Chuyên đề điều khiển hệ thống cơ khí,3,30
210358,Chuyên đề kỹ thuật cơ khí động lực tiên tiến,2,0
210359,Thực hành hệ thống vận hành và ổn định ô tô,3,0
21036,TH Kỹ Thuật Tiện 3,7,0
210360,Thực hành hệ thống điện thân xe và điều khiển ô tô,4,0
210361,Đồ án điều khiển ô tô,1,0
210362,Thực hành ô tô,5,0
210363,Dự án cộng đồng,4,0
210364,Nguyên lý và kết cấu động cơ đốt trong,3,0
210365,Nhiệt kỹ thuật,2,0
210366,Thực hành nguội cơ bản,2,0
210367,Kỹ thuật xung số,2,15
210368,"Chuyên đề tính toán, thiết kế trong cơ khí",3,30
210369,"Chuyên đề tính toán, thiết kế trong cơ khí",4,45
21037,TH Lắp Đặt Điện Dân Dụng,4,0
210370,Chuyên đề công nghệ và vật liệu mới,3,30
210371,"Chuyên đề tính toán, thiết kế ô tô",4,0
210372,Chuyên đề công nghệ mới trên ô tô,3,0
210373,Thực hành hệ thống vận hành và ổn định ô tô,4,0
210374,Công nghệ kim loại,2,0
210375,Máy cắt kim loại,2,15
210376,Thực hành cắt gọt 1,4,0
210377,Điện kỹ thuật,2,30
210378,Tính toán động cơ đốt trong,2,0
210379,Vi điều khiển ứng dụng,2,15
21038,TH Qua Ban Gò,2,0
210380,Lập trình C,2,0
210381,Thiết kế với sự trợ giúp của máy tính (CAD),2,0
210382,Ma sát và mài mòn,2,0
210383,Phương pháp phần tử hữu hạn,2,15
210384,Co-op 1,12,0
210385,Co-op 2,12,0
210386,Công nghệ thiết kế và tạo mẫu nhanh,2,15
210387,Trang bị điện và điện tử trong máy công nghiệp,2,15
210388,Matlab ứng dụng,3,0
210389,Thực hành hệ thống điều khiển động cơ,3,0
21039,TH Điện Dân Dụng,6,0
210390,Thực hành hệ thống điện động cơ,3,0
210391,Kết cấu và tính toán ô tô,2,0
210392,Thực hành hệ thống điện thân xe và điều khiển ô tô,3,0
210393,Ô tô chuyên dùng,2,0
210394,Phân phối công suất và ổn định chuyển động ô tô,2,15
210395,Ô tô sử dụng năng lượng thay thế,2,0
210396,Hệ thống an toàn và tiện nghi trên ô tô,2,0
210398,Matlab ứng dụng,3,15
210399,Kiểm định kỹ thuật ô tô,3,0
21040,TH Qua Ban Máy Công Cụ,3,0
210400,Chẩn đoán kỹ thuật ô tô,2,0
210401,Kỹ thuật mô tô xe máy,3,15
210402,Ô tô chuyên dùng,3,15
210403,Kỹ thuật đồng sơn ô tô,3,15
210404,Ô tô điện,3,30
210405,Quản lý dịch vụ ô tô,2,15
210406,Chuyên đề đặc biệt,2,15
210407,Matlab cơ bản,2,0
210408,Thiết kế mạch điện ô tô,2,0
210409,Carsim cơ bản,2,0
21041,TH Qua Ban Nguội,3,0
210410,Hình họa - Vẽ kỹ thuật,3,15
210411,Nhập môn công nghệ kỹ thuật cơ khí,2,15
210412,Nhập môn công nghệ kỹ thuật Cơ điện tử,2,15
210413,Vẽ thiết kế cơ khí với sự trợ giúp của máy tính,4,30
210414,Đo lường cơ khí,2,15
210415,Dao động trong kỹ thuật,2,15
210416,Toán ứng dụng trong kỹ thuật,3,30
210417,Ứng dụng CAE trong thiết kế cơ khí,3,15
210418,Cảm biến công nghiệp,2,15
210419,Mô hình hóa hệ thống cơ khí và mô phỏng,3,15
21042,TH Qua Ban Nguội (Điện),3,0
210420,Thiết kế và mô phỏng khuôn mẫu,3,30
210421,Thực hành gia công cơ khí,4,0
210422,Điện tử công suất ,2,15
210423,Kỹ thuật cảm biến,2,15
210424,Cấu trúc dữ liệu và giải thuật ,2,15
210425,Máy điện,2,15
210426,Máy học,2,15
210427,Lập trình Python,2,15
210428,Truyền động điện và điều khiển động cơ điện,3,15
210429,Vi điều khiển ứng dụng,3,15
21043,TH Qua Ban Nguội - Gò,2,0
210430,Thiết kế hệ thống cơ điện tử,3,30
210431,Thực tập thực tế,4,0
210432,Kỹ thuật IoT và ứng dụng,3,30
210433,Đồ án thiết kế hệ thống cơ điện tử,1,0
210434,Ứng dụng trí tuệ nhân tạo trong cơ điện tử,3,30
210435,Ứng dụng CĐT tử trên ô tô,3,15
210436,Mạng truyền thông công nghiệp,3,30
210437,Thị giác máy tính,2,15
210438,Năng lượng tái tạo và ứng dụng,2,15
210439,Điều khiển thông minh,2,15
21044,Kỹ Năng Hỗ Trợ Nghề Nghiệp,2,0
210440,Hệ thống điều khiển quá trình ,2,15
210441,"Chuyên đề tính toán, thiết kế trong cơ điện tử",2,15
210442,Chuyên đề lập trình điều khiển hệ thống cơ điện tử,3,30
210443,Chuyên đề giao tiếp và điều khiển không dây,2,15
210444,"Kết cấu, tính toán và bảo dưỡng ô tô",3,30
210445,Thực hành hệ thống điện động cơ,2,0
210446,Thực hành hệ thống truyền lực ô tô,3,0
210447,Thực hành hệ thống điều khiển và chuyển động ô tô,3,0
210448,Quy hoạch thực nghiệm,2,15
210449,Đồ án tính toán và bảo dưỡng ô tô,1,0
21045,Thực Hành Động Cơ 2,6,0
210450,Kiểm định và chẩn đoán kỹ thuật ô tô,3,15
210451,Thực hành hệ thống điện thân xe,3,0
210452,An toàn và tiện nghi trên ô tô,3,30
210453,Hệ thống điều khiển tự động trên ô tô,3,30
210454,"Chất phụ gia, bôi trơn và tẩy rửa",2,15
210455,Chuyên đề điều khiển ô tô,3,30
210456,Chuyên đề thiết kế ô tô ,2,15
210457,Chuyên đề công nghệ mới trên ô tô,2,15
21046,Thực Hành Động Cơ 1,6,0
21047,Máy Cắt Kim Loại,3,0
21048,Thực Tập Dã Ngoại (Cơ Khí),6,0
21049,Thực Tập Dã Ngoại (Ô Tô),6,0
21050,Thực Tập Tốt Nghiệp,4,0
21051,Trang Bị Điện Ô Tô,4,0
21052,Vật Liệu Cơ Khí,3,0
21053,Vẽ Kỹ Thuật (Cơ Khí),5,0
21054,Vẽ Kỹ Thuật (Nữ Công),5,75
21055,Vẽ Kỹ Thuật (Điện),5,0
21056,,3,0
21057,,3,0
21058,TH Sửa Chữa Động Cơ 1,5,0
21059,Vẽ Kỹ Thuật,4,0
21060,Vẽ Kỹ Thuật 1 (Xây Dựng),3,45
21061,Vẽ Kỹ Thuật Xây Dựng,5,0
21062,Môđul Ô Tô,5,0
21063,Môđul Điện Ô Tô,5,0
21064,Pan Động Cơ,4,0
21065,Cơ Khí &Xây Dựng Trong NN,4,0
21066,TH Cơ Khí Xây Dựng,2,0
21067,Môđul Động Cơ 1,7,0
21068,Môđul Động Cơ 2,7,0
21069,Cấu Tạo Ô Tô 1,3,0
21070,TH Qua Ban Hàn,3,0
21071,Môđul Máy Kéo,5,0
21072,Môđul Xe Gắn Máy,7,0
21073,TH Chuyên Ngành Cắt Gọt 2,12,0
21074,TH Chuyên Ngành Cắt Gọt 3,10,0
21075,Cấu Tạo Ô Tô,6,0
21076,Cấu Tạo Ô Tô 2,3,0
21077,TH Qua Ban Máy Công Cụ,3,0
21078,TH Phay Bào,3,0
21079,Cơ Lý Thuyết,3,0
21080,Sức Bền Vật Liệu,2,0
21081,Vật Liệu Học,2,0
21082,TH Xe Gắn Máy,6,0
21083,Nguyên Lý Chi Tiết Máy,3,45
21084,An Toàn Và Môi Trường CN,2,30
21085,Kỹ Thuật Điện Tử,2,0
21086,Động Cơ Đốt Trong,5,0
21087,TH Ô tô,6,0
21088,TH Điện Ô Tô 1,5,0
21089,AutoCad Căn Bản,3,0
21090,Thủy Lực Và Máy Thủy Lực,3,0
21091,Ô Tô,5,0
21092,Hệ Thống Điện Và Điện Tử Ôtô,5,0
21093,TH Máy Công Trình,6,0
21094,TH Điện Ô Tô 2,5,0
21095,Công Nghệ Bảo Dưỡng Và SC Ôtô,2,30
21096,Kiểm Định Và Chuẩn Đoán KT Oto,3,45
21097,TH Máy Tàu,5,0
21098,TH Lái Ô Tô,1,0
21099,TH Kỹ Thuật Tiện 4,7,0
21100,Vẽ Kỹ Thuật Điện,4,0
21101,TH Điện Chuyên Ngành 1,4,0
21102,TH Điện Chuyên Ngành 2,8,0
21103,TH Điện Chuyên Ngành 3,8,0
21104,Công Nghệ Chế Tạo Máy 1,3,45
21105,Thực Hành Tiện 1,8,0
21106,Công Nghệ Chế Tạo Máy 2,3,0
21107,Thực Hành Tiện 2,8,0
21108,Kỹ Thuật Phai Bào,3,0
21109,Thực Hành Tiện 3,8,0
21110,TH Phai Bào,5,0
21111,TH Ôtô,6,0
21112,TH Điện Ôtô,6,0
21113,TH Máy Kéo,6,0
21114,TH Xe Gắn Máy,8,0
21115,Trang bị điện máy công cụ,3,0
21116,MôĐul Xe Gắn Máy,10,0
21117,MôDul Ô Tô,7,0
21118,Đại Số Tuyến Tính,4,60
21119,TH Qua Ban Nguội,2,0
21120,Dung Sai Kỹ Thuật Đo,2,0
21121,Cơ Kỹ Thuật,4,0
21122,Vẽ Kỹ Thuật Điện,2,0
21123,Điện tử căn bản,2,0
21124,Khí Cụ Điện,3,0
21125,Mạch Điện,2,30
21126,TH Lắp Đặt Điện Dân Dụng & CN,5,0
21127,Công Nghệ Chế Tạo Máy 1,4,0
21128,Thực Hành Tiện 1,7,0
21129,Kỹ Thuật Hàn,2,30
21130,Công Nghệ Chế Tạo Máy 2,4,0
21131,Thực Hành Tiện 2,7,0
21133,Cơ Khí & XD Trong NN,3,0
21134,TH Chính Sách Chiến Lượt PTNN,1,0
21135,Vẽ Điện Với CAD,3,0
21136,Thực Hành Ôtô,5,0
21137,Ô Tô,4,60
21138,TH Máy Công Trình,5,0
21139,Autocad 2D,3,30
21140,Kỹ Thuật Tiện,2,0
21141,Thực Hành Hàn,3,0
21142,Thực Hành Tiện 3,7,0
21143,Kỹ Thuật Điều Khiển K.Nén - TL,3,0
21144,Trang Bị Điện Trên Máy CN,2,0
21145,Tổ Chức Sản Xuất,2,0
21146,Thực Hành Phay,6,0
21147,Vẽ Kỹ Thuật Điện Với CAD,4,60
21148,TH Hàn,6,0
21149,TH Lắp Đặt Điện Dân Dụng Và CN,4,0
21150,Vẽ Kỹ Thuật Cơ Khí,3,0
21151,Cấu Tạo Ôtô,4,60
21152,Công Nghệ Khí Nén - Thủy Lực,4,0
21153,Đồ án Chi Tiết Máy,1,0
21154,Kỹ Năng Hỗ Trợ Nghề Nghiệp,2,30
21155,Hình hoạ - Vẽ kỹ thuật,3,0
21156,Dung sai - kỹ thuật đo,2,0
21157,Cơ học ứng dụng,3,0
21158,Kỹ thuật điện,2,0
21159,Kỹ thuật điện tử,2,30
21160,Vật liệu cơ khí,2,0
21161,Nguyên lý - chi tiết máy,3,30
21162,An toàn và môi trường CN,2,0
21163,AutoCAD căn bản,3,0
21164,Tổ chức quản lý sản xuất,2,0
21165,Công nghệ khí nén - thuỷ lực,3,0
21166,Kỹ thuật sửa chữa,2,0
21167,Máy cắt kim loại,3,0
21168,Cơ sở công nghệ chế tạo máy,3,0
21169,Đồ gá,2,0
21170,Công nghệ CNC,3,0
21171,Nguyên lý cắt,3,30
21172,Công nghệ chế tạo máy,3,0
21173,Công nghệ CAD/CAM,2,0
21174,Các phương pháp gia công ĐB,2,15
21175,Thực hành hàn,2,0
21176,"Thực hành phay, bào",4,0
21177,Thực hành tiện 1,4,0
21178,Thực hành tiện 2,4,0
21179,Thực hành điện cơ bản,3,0
21180,TH bảo trì SC thiết bị cơ khí,4,0
21181,Thực hành sửa chữa điện,3,0
21182,Thực tập tốt nghiệp (CDL),4,0
21183,Cơ học lưu chất,2,15
21184,Đo lường điện và thiết bị đo,3,0
21185,Kỹ thuật nhiệt,2,0
21186,Động cơ đốt trong,4,0
21187,Kỹ thuật máy nâng vận chuyển,3,0
21188,Quản lý và kỹ thuật BTCN,3,0
21189,Truyền động điện,3,30
21190,Tổ chức quản lý sản xuất,2,0
21191,Máy chế biến thực phẩm,3,0
21192,Máy điện,3,30
21193,Thực hành cơ khí cơ bản,3,0
21194,Thực hành động cơ 1,4,0
21195,Thực hành động cơ 2,4,0
21196,Dung sai và đo lường cơ khí,2,0
21197,Điện tử công suất ứng dụng,3,0
21198,Trang bị điện,2,0
21199,Kỹ thuật số và xử lý TH số,3,0
21200,Kỹ thuật đo lường và cảm biến,2,0
21201,Truyền động điện trong HT CĐT,2,15
21202,Vi điều khiển,3,0
21203,Cơ điện tử,2,0
21204,Công nghệ CAD/CAM/CNC,3,0
21205,Hệ thống sản xuất tự động,2,15
21206,Thiết kế mạch điện tử,2,0
21207,Robot công nghiệp,3,30
21208,Cơ cấu servo điện-thuỷ-khí,3,30
21209,Thực hành qua ban cơ khí,2,0
21210,Thực hành PLC,2,0
21211,TH truyền động điện&điện tử CS,3,0
21212,TH servo điện thuỷ khí,3,0
21213,TH công nghệ khí nén-thuỷ lực,2,0
21214,Thực hành CNC,3,0
21215,Thực tập tốt nghiệp (CDL),4,0
21216,Lý thuyết ô tô-máy kéo,4,0
21217,Kết cấu ô tô-máy kéo,3,0
21218,Hệ thống điện ĐC ô tô-máy kéo,3,0
21219,Hệ thống điện thân xe,3,45
21220,Công nghệ BD-SC ô tô-máy kéo,3,0
21221,"Thiết bị chẩn đoán,KĐ KT ô tô",2,0
21222,Hệ thống ĐHKK trên ôtô-máy kéo,3,0
21223,TH ô tô máy - kéo 1,3,0
21224,TH ô tô máy - kéo 2,4,0
21225,TH hệ thống điện động cơ,4,0
21226,TH hệ thống điện thân xe,3,0
21227,TH mô tô - xe máy,4,0
21228,TH bảo trì SC thiết bị cơ khí,3,0
21229,Quản lý & KT BT công nghiệp,3,0
21230,Trang bị điện trong máy CN,3,0
21231,Máy khí nén - Thuỷ lực,3,30
21232,Công nghệ chế tạo máy,3,30
21233,Dung sai - Kỹ thuật đo,3,0
21234,Cơ học ứng dụng,4,0
21235,Thuỷ lực,2,0
21236,Nguyên lý - Chi tiết máy,4,0
21237,AutoCAD căn bản,4,45
21238,Đo lường điện và TB đo,2,15
21239,Nguyên lý động cơ đốt trong,3,0
21240,Cấu tạo ô tô - máy kéo,3,0
21241,Hệ thống điện - điện tử ô tô,5,0
21242,Công nghệ BD SC ô tô -máy kéo,3,0
21243,"Thiết bị chẩn đoán,KĐ KTô tô",2,0
21244,TH cơ khí cơ bản,2,0
21245,TH động cơ,5,0
21246,TH hệ thống điều khiển ĐC,3,0
21247,TH ô tô - máy kéo,4,0
21248,TH điện ô tô - máy kéo,4,0
21249,TH xe gắn máy,3,0
21250,TH máy công trình,3,0
220000,Tin học đại cương,4,0
220001,Kiến trúc máy tính,3,45
220002,Nhập môn lập trình,3,30
220003,Truyền thông điện tử,2,0
220004,Cài đặt và XL sự cố máy tính,3,0
220005,Đồ họa ứng dụng,4,30
220006,Nhập môn lập trình,4,0
220007,Kiến trúc máy tính,2,30
220008,Mạng máy tính,4,0
220009,Cấu trúc máy tính và cài đặt,2,0
22001,Anh Văn Chuyên Ngành 1,4,0
220010,Tin học UD trong ngành may,2,15
220011,Kỹ thuật sử dụng phím,2,0
220012,Xử lý bảng tính,2,15
220013,Nhập môn lập trình,5,45
220014,Cài đặt và XL sự cố MT1,3,30
220015,Cơ sở dữ liệu,5,45
220016,Đồ hoạ ứng dụng,4,0
220017,Cài đặt và XL sự cố MT 2,3,15
220018,Mạng máy tính,3,30
220019,Cài đặt và XL sự cố MT 3,3,0
22002,Anh Văn Chuyên Ngành 2,4,0
220020,Kỹ năng tiếp cận & PTNN,2,15
220021,Thực tập tốt nghiệp,2,0
220022,Anh văn chuyên ngành,2,0
220023,Anh văn chuyên ngành,3,0
220024,Hệ điều hành,4,0
220025,Cấu trúc dữ liệu & giải thuật,4,45
220026,Cơ sở dữ liệu,4,0
220027,Quản trị mạng,4,30
220028,Niên luận,2,0
220029,Lập trình hướng đối tượng,4,0
22003,Cài Đặt Và Xử Lý Sự Cố 1,3,0
220030,Thiết kế web,4,0
220031,Công nghệ phần mềm,4,0
220032,Phân tích thiết kế HTTT,4,0
220033,Chuyên đề Java,3,30
220034,Chuyên đề Linux,3,30
220035,Chuyên đề công nghệ XML & UD,3,0
220036,Cơ sở dữ liệu,4,45
220037,Kỹ thuật lập trình,3,0
220038,Hệ điều hành,4,0
220039,Lập trình hướng đối tượng,4,0
22004,Cài Đặt Và Xử Lý Sự Cố 2,3,15
220040,Lý thuyết đồ thị,3,0
220041,Cấu trúc dữ liệu &giải thuật 1,3,0
220042,Mạng máy tính,3,0
220043,Niên luận,2,0
220044,Thiết kế đồ hoạ,4,0
220045,Thiết kế Web,3,15
220046,Lập trình Web,5,0
220047,Quản trị mạng,5,0
220048,Lập trình trên Windows,3,0
220049,Cấu trúc dữ liệu &giải thuật 2,3,0
22005,Cài Đặt Và Xử Lý Sự Cố 3,3,0
220050,Phân tích & thiết kế UML,3,0
220051,PTUD webvới Servlet&JV SV page,3,0
220052,Thiết kế và lập trình web 2,3,0
220053,Lập trình ứng dụng Windows,4,0
220054,Lập trình Web,4,0
220055,Công nghệ phần mềm,3,30
220056,Quản trị mạng,3,30
220057,Xử lý ảnh,3,0
220058,Đồ hoạ ứng dụng,3,0
220059,Trí tuệ nhân tạo,3,30
22006,Các Cơ Sở Dữ Liệu,5,0
220060,Hệ quản trị cơ sở dữ liệu,3,30
220061,Thiết kế và lập trình Web 1,3,0
220062,Quản trị doanh nghiệp,3,0
220063,Lập trình ứng dụng Windows,3,0
220064,Chuyên đề ASP.net,3,0
220065,Thương mại điện tử,3,30
220066,An toàn HT & AN mạng,3,0
220067,Phát triển ứng dụng Web với Servlet & Java Server Page,3,0
220068,Xây dựng PM hướng đối tượng,3,30
220069,Lập trình Java,3,0
22007,Các Hệ Điều Hành,4,30
220070,Lập trình UD phân tán ĐT,3,0
220071,Lập trình thiết bị di động,3,30
220072,Tin học đại cương,3,0
220073,Đồ hoạ ứng dụng,3,15
220074,Nhập môn lập trình,4,0
220075,Thiết kế đồ hoạ,4,30
220076,Cấu trúc dữ liệu & giải thuật,3,0
220077,Anh văn chuyên ngành cơ khí,2,0
220078,Quản trị dự án công nghệ thông tin,3,30
220079,Chuyên đề phân tích &T.kế UML,2,15
22008,Cấu Trúc Máy Tính B,4,0
220080,Thực tập tốt nghiệp (CNTT),4,0
220081,Cài đặt và XL sự cố MT 2,3,0
220082,Khai khoáng dữ liệu,4,0
220083,Phát triển hệ thống thông tin,3,0
220084,Mạng máy tính,4,0
220085,Lập trình trên TB di động,3,0
220086,Lập trình ứng dụng trên Windows,3,0
220087,An toàn hệ thống & AN mạng,3,0
220088,Khai khoáng dữ liệu,4,0
220089,Phát triển hệ thống thông tin,3,0
22009,Tin Học Đại Cương,5,30
220090,Khoá luận tốt nghiệp (CNTT),10,0
220091,Chuyên đề Linux,2,0
220092,Nhập môn công nghệ thông tin,2,15
220093,Phân tích và thiết kế UML,2,0
220094,Thiết kế và lập trình web,3,30
220095,Đồ án tốt nghiệp (CNTT),7,0
220096,Cơ sở dữ liệu,3,30
220097,Đồ họa ứng dụng,2,0
220098,Tiếng Anh chuyên ngành (CNTT),2,15
220099,Lập trình hướng đối tượng,3,30
22010,Giới Thiệu Về Mạng & QL Mạng,4,0
220100,Lý thuyết đồ thị,3,30
220101,Hệ điều hành,3,30
220102,Đồ án cơ sở ngành,2,0
220103,Phân tích và thiết kế HTTT,3,30
220104,Cấu trúc dữ liệu & G.thuật 2,2,0
220105,Chuyên đề T.thông & mạng KD,2,15
220106,Tin học ứng dụng trong KD,2,15
220107,Chuyên đề nhận dạng & XL ảnh,3,0
220108,Chuyên đề bảo mật thông tin,3,0
220109,Khai khoáng dữ liệu,3,30
22011,Help Desk,2,0
220110,Chuyên đề điện toán đám mây,3,0
220111,Xây dựng phần mềm hướng ĐT,4,45
220112,Chuyên đề Oracle,3,0
220113,Chuyên đề DB2,3,0
220114,Thực tập tốt nghiệp (CNTT),3,0
220115,Khoá luận tốt nghiệp (CNTT),7,0
220116,Thực tập tốt nghiệp (CNTT),3,0
220117,Đồ án tốt nghiệp (CNTT),5,0
220118,Chuyên đề điện toán đám mây,2,0
220119,Phân tích thiết kế UML,3,0
22012,Tin Học Văn Phòng,4,0
220120,Xây dựng phần mềm hướng đối tượng,3,0
220121,"Cơ sở ngành (CTDL&GT, KTLT)",3,0
220122,"Chuyên ngành(PT&TKUML,XDPMHDT)",4,0
220123,Tiếng Anh chuyên ngành CNTT,3,0
220124,Lập trình Web nâng cao,3,15
220125,Cơ sở ngành (CTDL&GT2 &KTLT),3,0
220126,An toàn và bảo mật thông tin,3,30
220127,Xây dựng phần mềm hướng đối tượng,4,0
220128,Lập trình web nâng cao,3,0
220129,Thiết kế lập trình Web,3,0
22013,Hỗ Trợ Các Trình ứng Dụng VP,3,30
220130,"Chuyên ngành (Hệ QT CSDL, xây dựng PM HĐT)",4,0
220131,"Cơ sở ngành (CTDL và GT 1, 2 & KT lập trình)",3,0
220132,Chuyên đề Lập trình UD và phân tán hướng đối tượng,4,0
220133,Đồ án chuyên ngành (CNTT),2,0
220134,Truyền số liệu,2,30
220135,Giao thức định tuyến,3,0
220136,Quản trị mạng Windows,3,0
220137,Quản trị mạng Linux,3,0
220138,Mạng chuyển mạch LAN,3,0
220139,Lập trình mạng,3,30
22014,Hỗ Trợ Máy Tính 1,3,0
220140,Thiết kế hệ thống mạng,3,0
220141,Tổng quan Internet và E-learning,4,30
220142,Bảo mật hệ thống mạng,3,0
220143,Chuyên đề mạng WAN,3,0
220144,Tin học ứng dụng nâng cao,3,0
220145,Thiết kế hệ thống mạng,3,0
220146,Bảo trì hệ thống mạng,3,0
220147,Hệ quản trị cở sở dữ liệu Micrrosoft Access,3,0
220148,Thiết kế và lập trình web,4,0
220149,Lập trình ứng dụng Windows,3,15
22015,Hỗ Trợ Máy Tính 2,5,0
220150,An toàn mạng,3,0
220151,Chuyên đề truyền thông và mạng không dây,3,0
220152,Nhập môn ngành,2,0
220153,Cấu trúc dữ liệu và giải thuật,3,0
220154,Chuyên đề truyền thông và mạng không dây,2,0
220155,Mạng cảm biến không dây,2,0
220156,Tiếng Anh chuyên ngành,3,30
220157,Kỹ thuật điện tử cơ bản,3,0
220158,Thiết bị định tuyến và chuyển mạch,3,0
220159,Thiết kế và lập trình ứng dụng IoT,3,30
22016,Internet,3,0
220160,Thiết kế và bảo mật hệ thống mạng,3,0
220161,Phát triển hệ thống thông tin,3,0
220162,Chuyên đề Thiết bị định tuyến và chuyển mạch nâng cao,3,0
220163,Dữ liệu lớn,3,0
220164,Chuyên đề an toàn và bảo mật thông tin,3,0
22017,Kỹ Năng Máy Tính,2,0
22018,Kỹ Thuật Sử Dụng Bàn Phím,1,0
22019,Đồ án Tin Học Văn Phòng,4,0
22020,Ngôn Ngữ HTML,2,0
22021,Lập Trình Căn Bản,4,30
22022,Lập Trình Hệ Thống,4,0
220220,Tin học ứng dụng cơ bản,3,15
220221,Tiếng Anh chuyên ngành công nghệ thông tin,3,0
220222,Thực tập thực tế,2,0
220223,Thực tập cuối khóa,3,0
220224,Hệ điều hành Linux,3,0
220225,Khóa luận tốt nghiệp,5,0
220226,Nhập môn hệ thống thông tin quản lý,2,0
220227,Kỹ thuật xây dựng và ban hành văn bản,2,0
220228,Kỹ thuật lập trình,4,30
220229,Hệ thống mạng,4,30
22023,,6,90
220230,Chuyên đề lập trình ứng dụng phân tán đối tượng,4,0
220231,Chuyên đề điện toán đám mây,4,0
220232,Hệ thống thông tin quản lý,3,30
220233,Đại số đại cương,2,15
220234,Cấu trúc dữ liệu và giải thuật,4,30
220235,Vi tích phân A2,2,0
220236,Thiết kế Web,3,30
220237,Lý thuyết xếp hàng,2,15
220238,Đồ án cơ sở ngành,3,0
220239,Phân tích và thiết kế hệ thống thông tin,3,30
22024,Tin Học,2,0
220240,Tin học,3,0
220241,Đồ họa ứng dụng,3,30
220242,Cơ sở trí tuệ nhân tạo,3,0
220243,Phát triển ứng dụng Web với mã nguồn mở,3,0
220244,Đồ án chuyên ngành,3,0
220245,Tương tác người - máy,3,30
220246,Hệ hỗ trợ ra quyết định,3,0
220247,Blockchaine,3,0
220248,Máy học ứng dụng,3,0
220249,Thị giác máy tính,4,0
22025,Mạng Máy Tính,4,60
220250,Anh văn chuyên ngành công nghệ thông tin,3,30
220251,Tổng quan Internet và E- learning,4,30
22026,Tin Học Đại Cương (QTVP),3,0
220263,Hệ thống nhúng,3,0
220264,Phương pháp nghiên cứu khoa học,2,0
220265,Thực tập đồ án cơ sở ngành,3,0
220266,Thực tập đồ án chuyên ngành,3,0
220267,Điện toán đám mây,3,30
220268,Phát triển ứng dụng hướng dịch vụ,3,30
220269,Khai phá dữ liệu,3,30
22027,Lập Trình Căn Bản,5,0
220270,Nhập môn ngành Trí tuệ nhân tạo,3,0
220271,Toán cho máy học,3,30
220272,Biên tập và Phân tích dữ liệu,3,30
220273,Phân tích báo cáo dữ liệu kinh doanh,4,30
220274,Máy học,3,30
220275,Thị giác máy tính 1,3,30
220276,Xử lý ngôn ngữ tự nhiên 1,3,30
220277,Thị giác máy tính 2,3,30
220278,Xử lý ngôn ngữ tự nhiên 2,3,30
220279,Thực tập Đồ án Chuyên ngành,4,0
22028,,6,0
220280,Hệ hỗ trợ quyết định,3,30
220281,Khai phá dữ liệu web,3,30
220282,Phát triển hệ thống thông minh,3,30
220283,Phát triển ứng dụng Web mã nguồn mở,3,30
220284,Nhập môn ngành Trí tuệ nhân tạo,2,15
220285,Phát triển ứng dụng đơn trang,3,30
220286,Phân tích và thiết kế hướng đối tượng,3,30
220287,Lập trình Web API với .NET Core,3,30
220288,Định tuyến và chuyển mạch,3,30
220289,Thiết kế và vận hành mạng,3,30
22029,Truyền Thông Điện Tử,2,15
220290,Phát triển ứng dụng di động,3,30
220291,Công nghệ .NET,3,30
220292,Công nghệ số và ứng dụng,3,15
220293,Kiểm thử và đảm bảo chất lượng phần mềm,3,30
220294,Thị giác máy tính,3,30
220295,Quản lý và giám sát mạng,3,30
220296,Phát triển ứng dụng IoT,3,30
220297,Thực tập cuối khóa,4,0
220298,Kinh doanh thông minh,4,30
22030,Tạo Trang Web,2,0
22031,Xử Lý Bảng Tính,3,0
22032,Xử Lý Văn Bản 1,1,0
22033,Xử Lý Văn Bản 2,1,0
22034,Đồ Họa Trình Diễn,2,0
22035,Đồ án Chuyên Môn Máy Tính,2,84
22036,Tin Học Thực Hành,6,0
22037,Tin Học Văn Phòng,4,60
22038,Kỹ Năng Máy Tính B,1,0
22039,Các Hệ Điều Hành,5,0
22040,TH Đồ Họa Trình Diễn,1,0
22041,Cài Đặt & Xử Lý Sự Cố 1B,2,0
22042,Cài Đặt & Xử Lý Sự Cố 2B,2,0
22043,Cài Đặt & Xử Lý Sự Cố 3B,2,0
22044,Lập Trình Căn Bản,3,0
22045,Hỗ Trợ Máy Tính 1B,2,0
22046,Hỗ Trợ Máy Tính 2B,3,0
22047,Cấu Trúc Dữ Liệu Và Giải Thuật,4,0
22048,TH Cấu Trúc Dữ Liệu Và GT,1,0
22049,Giới Thiệu Về Mạng & QL Mạng,4,30
22050,Thiết Kế Trang Web,3,0
22051,Truyền Thông Điện Tử,1,0
22053,Xử Lý Văn Bản 1 (QTVP),3,30
22054,Xử Lý Văn Bản 2 (QTVP),3,30
22055,Kỹ Thuật Sử Dụng Phím 1 (QTVP),1,0
22056,Cơ Sở Dữ Liệu,4,0
22057,Xử Lý Văn Bản,3,30
22058,Tin Học Căn Bản,3,0
22059,Tin Học Đại Cương,4,0
22060,Tin Học Đại Cương (Anh Văn),6,0
22061,TH Kỹ Năng Máy Tính,1,0
22062,TH Xử Lý Văn Bản,1,0
22063,TH Xử Lý Bảng Tính,1,0
22064,TH Các Hệ Điều Hành,0,0
22065,TH Đồ Họa Trình Diễn,1,0
22066,TH Cài Đặt Và Xử Lý Sự Cố 2,2,0
22067,TH Tin Học Đại Cương (QTVP),2,0
22068,TH Tin Học Căn Bản,1,0
22069,Tin Học ứng Dụng (AV),5,0
22070,Truyền Thông Điện Tử (AV),3,0
22071,Kỹ Thuật Sử Dụng Phím 2 (QTVP),1,0
22072,TH Hỗ Trợ Các Trình ứngDụng VP,1,0
22073,TH Hỗ Trợ Máy Tính 1A,1,0
22074,TH Help Desk,1,0
22075,TH G.Thiệu Về Mạng & QL Mạng,1,0
22076,TH Lập Trình Căn Bản,2,0
22077,TH Tin Học Đại Cương,2,0
22078,Tin Học Căn Bản (AV),2,15
22079,TH Tin Học ứng Dụng (AV),2,0
22080,,4,0
22081,Khái Niệm Mạng 1,4,30
22082,Khái Niệm Mạng 2,3,0
22083,Hệ Điều Hành Mạng,4,0
22084,Quản Trị Mạng 1,4,0
22085,Quản Trị Mạng 2,2,15
22086,Quản Trị Mạng 3,3,0
22087,Quản Trị Mạng 4,4,0
22088,An toàn lao động,3,0
22089,Thực Tập Thực Tế (CNTT),9,45
22090,Sử Dụng Cơ Sở Dữ Liệu,6,0
22091,Sử Dụng Mạng Máy Tính,3,0
22092,Thực Tập Tốt Nghiệp,8,0
22093,TH Truyền Thông Điện Tử (AV),1,0
22094,TH Các Hệ Điều Hành,2,0
22095,TH Cơ Sở Dữ Liệu,1,0
22096,Tin Học ứng Dụng,4,0
22097,TH Tin Học UD Trong CNTP,2,0
22098,TH Tạo Trang Web,1,0
22099,TH Quản Trị Mạng 1,2,0
22100,TH Sử Dụng Mạng Máy Tính,1,0
22101,TH Khái Niệm Mạng 1,1,0
22102,TH Khái Niệm Mạng 2,1,0
22103,Tin Học Văn Phòng,5,0
22104,Cài Đặt Và Xử Lý Sự Cố MT 1,4,45
22105,Cài Đặt Và Xử Lý Sự Cố MT 2,4,0
22106,Cài Đặt Và Xử Lý Sự Cố MT 3,4,0
22107,An Toàn Lao Động,2,0
22108,Sử Dụng Cơ sở Dữ Liệu,5,0
22109,Đồ Hoạ Trình Diễn,2,0
22110,Hỗ Trợ Máy Tính 2,4,0
22111,Giới Thiệu Về Mạng & QL Mạng,3,0
22112,Đồ án Cuối Khoá,4,0
22113,Đồ án Tin Học Phần Cứng MT,4,0
22114,Phương Pháp Lập Trình Hướng ĐT,0,0
22116,Kỹ Thuật Lập Trình,4,0
22117,Hệ Điều Hành,0,0
22118,Phương Pháp Tính,4,45
22119,Niên Luận,1,0
22120,Phân Tích Thiết Kế HTTT,5,0
22121,Cấu Trúc Dữ Liệu Và Giải Thuật,6,75
22122,Nhập Môn CNPM,3,0
22123,Mạng Máy Tính,4,0
22124,Kỹ Thuật XD Và Ban Hành VB,2,0
22125,Nguyên Lý Kế Toán,3,45
22126,Hệ Quản Trị CSDL,4,0
22127,Xây Dựng ứng DụngClient/Server,3,0
22128,Thiết Kế Và Lập Trình Web 1,5,0
22129,Đồ Hoạ ứng Dụng,5,0
22130,Niên Luận 2,1,0
22131,Quản Trị Mạng,5,0
22132,Xây Dựng ứng Dụng Quản Lý 2,3,15
22133,Thiết Kế Và Lập Trình Web 2,3,0
22134,Chuyên Đề An Ninh Mạng,1,0
22135,Chuyên Đề Linux,0,0
22136,Nghệ Thuật Giao Tiếp,2,0
22137,Thi Tốt Nghiệp Hoặc Làm DATN,0,0
22138,Lập Trình Hướng Đối Tượng,4,0
22139,Kiến Trúc Máy Tính,3,0
22140,Hệ Điều Hành,4,0
22141,An Toàn Lao Động,2,30
22142,TH An Toàn Lao Động,1,0
22143,Kiến Trúc Máy Tính (LT),4,60
22144,Mạng Máy Tính(LT),5,0
22145,"Cài đặt & XL sự cố(1,2 H.desk)",6,0
22146,Xây Dựng ứng Dụng Quản Lý 1(LT,5,60
22147,Thiết Kế Và Lập Trình Web 1 LT,5,60
22148,Đồ Hoạ ứng Dụng,5,0
22149,Xây Dựng ứng Dụng QLý 2,5,45
22150,Thiết Kế Và Lập Trình Web 2,5,0
22151,Thi Tốt Nghiệp,5,0
22152,Thực Tập Tốt Nghiệp,0,0
22153,Các cơ sở dữ liệu,4,0
22154,Thiết Kế Trang Web,2,0
22155,Quản Trị Cơ Sở Dữ Liệu,4,30
22156,Phân Tích Hệ Thống,4,0
22157,Đồ án Phần Cứng Máy Tính,4,0
22158,Xử Lý ảnh,3,30
22159,Thiết Kế Web Với Dream Weaver,2,0
22160,Lập Trình ASP,3,0
22161,Quản Trị Các DV Trên Internet,2,0
22162,Đồ án Thiết Kế Web,4,0
22163,Thực Tập Tốt Nghiệp,6,0
22164,Nhập Môn Lập Trình,4,0
22165,Cơ Sở Dữ Liệu,4,0
22166,Cấu Trúc DL & Giải Thuật,5,0
22167,Cấu Trúc Dữ Liệu Và Giải Thuật,5,0
22168,Công Nghệ Phần Mềm,4,0
22169,Xây Dựng ứng DụngClient/Server,3,0
22170,Thiết Kế Và Lập Trình Web 1,5,0
22171,Đồ Hoạ ứng Dụng,5,0
22172,Thiết Kế Và Lập Trình Web 2,4,30
22173,Chuyên Đề Java,3,0
22174,Chuyên Đề Linux,3,0
22175,Kỹ Năng Nghề Nghiệp,2,0
22176,Đồ án Tốt Nghiệp,4,0
22177,Thi Tốt Nghiệp,5,0
22178,Cài Đặt Và Xử Lý Sự Cố,5,0
22179,Phương Pháp Lập Trình,4,0
22180,Cơ Sở Dữ Liệu,5,0
22181,Niên Luận 1,2,0
22182,Cấu Trúc DL và Giải Thuật,6,0
22183,Kỹ Thuật XD Và Ban Hành VB,3,0
22184,Niên Luận,2,0
22185,Truyền Thông Điện Tử,4,0
22186,Niên Luân,0,0
22187,Tin Học Đại Cương,5,0
22188,Xây Dựng ứng DụngClient/Server,0,0
22189,Xây Dựng ứng DụngClient/Server,4,0
22190,Sử Dụng Mạng Máy Tính,2,0
22191,Cài Đặt Và Xử Lý Sự Cố MT,4,0
22192,Thiết Kế Web,4,0
22193,Thiết Kế Website 1,3,0
22194,Xử Lý Văn Bản,4,30
22195,Xử Lý Văn Bản 1,2,0
22196,Xử Lý Văn Bản 2,2,0
22197,Kỹ Năng Máy Tính,4,0
22198,Kỹ Thuật Lập Trình (LT),3,0
22199,Kỹ Thuật Lập Trình (TH),1,0
22200,Cấu Trúc DL Và Giải Thuật 1,4,0
22201,Cấu Trúc DL Và Giải Thuật 2,4,45
22202,Hệ Điều Hành Nâng Cao,4,0
22203,Đồ án Tốt Nghiệp,8,0
22204,Niên Luận 2,4,0
22205,Thiết Kế Website 2,3,0
22206,Tin Học Văn Phòng,3,0
22207,Tin Học ứng Dụng Trong Ng.May,2,0
22208,Xử Lý Bảng Tính,4,0
22209,Phân Tích Thiết Kế,4,0
22210,Lập Trình ứng Dụng,5,45
22211,Lập Trình ứng Dụng Web,4,0
22212,Đồ án Xây Dựng ứng Dụng Web/QL,4,0
22213,Lập Trình Hướng Đối Tượng,4,0
22214,Cấu Trúc Máy Tính Và Cài Đặt,4,45
22215,Nhập Môn Lập Trình,6,60
22216,Lập Trình Hướng Đối Tượng,5,0
22217,Hệ Điều Hành,6,0
22218,Kỹ Thuật Sử Dụng Phím,2,0
22219,Cài Đặt Và Xử Lý Sự Cố MT 2,3,0
22220,Quản Trị Mạng,4,0
22221,Thực Tập Tốt Nghiệp,4,0
22222,Thiết Kế Đồ Hoạ,4,0
22223,Tin Học Căn Bản,3,0
22224,Cài Đặt Và Xử Lý Sự Cố MT 1,4,0
22225,Cài Đặt Và Xử Lý Sự Cố MT 2,4,30
22226,Quản Trị Mạng 1,3,15
22227,Quản Trị Mạng 2,3,0
22228,Thiết Kế Web,5,0
22229,Lập Trình Web,5,0
22230,Nhập Môn CNPM,4,0
22231,Cơ Sở Dữ Liệu,6,0
22232,Lập Trình Web,4,0
22233,Đồ án Tốt Nghiệp,4,0
22234,Lập Trình ứng Dụng Web,5,45
22235,Tin Học Văn Phòng 1,4,0
22236,Tin Học Văn Phòng 2,4,30
22237,Lập Trình ứng Dụng Windows,5,0
22238,Chuyên Đề Tự Chọn,3,0
22239,Cấu Trúc Dữ Liệu & Giải Thuật,4,0
22240,Niên Luận,4,0
22241,Thiết Kế Trang Web,2,15
22242,Lập Trình Trên Windows,4,0
22243,Xây Dựng PM Hướng Đối Tượng,4,0
22244,Trí Tuệ Nhân Tạo,4,45
22245,Lý Thuyết Đồ Thị,4,45
22246,Lập Trình UD Phân Tán ĐT,4,0
22247,Thương Mại Điện Tử,4,45
22248,Quản Trị Dự án CNTT,3,0
22249,Cấu Trúc Dữ Liệu và Giải Thuật,6,0
22250,Tin Học Đại Cương,4,0
22251,Tin Học Đại Cương,5,0
22252,Cài Đặt và Xử Lý Sự Cố MT 1,3,30
22253,Cài Đặt và Xử Lý Sự Cố MT 2,3,0
22254,Kỹ năng giao tiếp,2,0
22255,Nhập môn lập trình,4,30
22256,Kỹ thuật số,4,0
22257,Cơ sở dữ liệu,5,0
22258,Mạng máy tính,3,30
22259,Đồ hoạ ứng dụng,2,15
22260,Thiết kế web,3,0
22261,Quản trị mạng windows,4,30
22262,TH kỹ thuật sửa chữa màn hình,3,0
22263,Sửa chữa thiết bị văn phòng,3,0
22264,TH Sửa chữa thiết bị văn phòng,3,0
22265,Thực tập tốt nghiệp (CTT),17,0
22266,Kỹ thuật sửa chữa màn hình,3,0
22267,Thiết bị định tuyến,3,0
22268,Thiết kế và cấu hình mạng,3,0
22269,Quản trị mạng Linux,4,0
22270,"TL XD&QT Webserver,Mailserver",4,30
22271,Thương mại điện tử,4,0
22272,An toàn hệ thống & AN mạng,4,30
22273,Điện toán đám mây,2,0
22274,Hệ điều hành Linux,4,30
22275,Tin học đại cương,3,0
230000,Hàm phức toán tử,2,0
230001,Đo lường điện,2,0
230002,An toàn điện,1,0
230003,Lý thuyết mạch,3,0
230004,Linh kiện điện tử,3,0
230005,Đo điện tử,2,0
230006,Điện tử cơ bản,3,0
230007,Điện tử căn bản,3,0
230008,Tổ chức & điều hành sx,2,0
230009,Kỹ thuật xung số,2,0
23001,Ampli,4,0
230010,Vật liệu linh kiện điện tử,3,0
230011,TH Vật liệu linh kiện điện tử,2,0
230012,Điện tử căn bản,1,0
230013,TH Điện tử căn bản,1,0
230014,Kỹ thuật số,2,30
230015,TH Kỹ thuật số,2,0
230016,TH Linh kiện điện tử,2,0
230017,Kỹ thuật xung số,3,0
230018,TH Kỹ thuật xung số,2,0
230019,Mạch điện tử,3,45
23002,Đo Điện Tử,2,15
230020,Kỹ thuật thu phát thanh,2,0
230021,TH Kỹ thuật thu phát thanh,2,0
230022,Kỹ thuật xung - số,2,0
230023,Kỹ thuật thu - phát,2,0
230024,Thực hành Kỹ thuật xung - số,2,0
230025,Thực hành kỹ thuật thu - phát,2,0
230026,Mạch điện tử,2,0
230027,Thực hành mạch điện tử,1,0
230028,Kỹ thuật lập trình (ĐT),3,0
230029,Đồ án môn học vi mạch,1,0
23003,Anh Văn Chuyên Ngành 1,2,0
230030,Xử lý tín hiệu số,2,15
230031,Anten và truyền sóng,2,0
230032,Vi xử lý,2,0
230033,Thực hành vi xử lý,1,0
230034,Kỹ thuật truyền số liệu,2,0
230035,TH kỹ thuật truyền số liệu,1,0
230036,Hệ thống viễn thông,2,0
230037,Anh văn chuyên ngành điện tử,2,0
230038,Hệ thống âm thanh,3,0
230039,Ti vi màu cơ bản,3,45
23004,Anh Văn Chuyên Ngành 2,2,30
230040,TH ti vi màu cơ bản,3,0
230041,Ti vi màu nâng cao,2,0
230042,TH ti vi màu nâng cao,3,0
230043,CD - VCD,2,0
230044,Đo điện tử,1,15
230045,TH Đo điện tử,1,0
230046,Vi xử lý,3,30
230047,Điện thoại,3,0
230048,Kỹ thuật thông tin quang,2,0
230049,Cơ sở truyền dẫn vi ba số,2,0
23005,Kỹ Thuật Xung Số,5,0
230050,Mạng ngoại vi,2,0
230051,Thông tin di động số,3,0
230052,Đồ án môn học ĐT - VT,1,0
230053,Nguyên lý tổng đài,3,0
230054,Kỹ thuật truyền số liệu,3,0
230055,Nguyên lý tổng đài,2,0
230056,Kỹ thuật thông tin quang CB,2,0
230057,Thiết bị đầu cuối,2,0
230058,Các chuyên đề thông tin quang,2,0
230059,Các chuyên đề KT chuyển mạch,2,15
23006,Kỹ Thuật Xung - Số,4,0
230060,Chuyên đề thông tin vô tuyến,2,0
230061,Mạng ngoại vi,2,0
230062,Thực hành CD - VCD,3,0
230063,Thiết bị LCD,2,0
230064,Thực hành thiết bị LCD,3,0
230065,Kỹ thuật chuyển mạch,3,0
230066,Ghép kênh tín hiệu số,2,30
230067,Anh văn chuyên ngành,2,0
230068,Kỹ thuật thông tin quang 2,2,15
230069,Thông tin vệ tinh,2,0
23007,Mạch DC,4,0
230070,Mạng truy nhập,2,0
230071,Kỹ thuật siêu cao tần,2,0
230072,Đồ án môn học,1,0
230073,Công nghệ vi điện tử,3,0
230074,Quản trị kinh doanh viễn thông,3,0
230075,Kỹ thuật xung - số,4,0
230076,Kỹ thuật thu - phát,4,0
230077,Mạch điện tử,3,0
230078,Kỹ thuật truyền hình số,2,0
230079,Công nghệ vi điện tử,2,0
23008,Mạch Số,4,0
230080,Kỹ thuật truyền hình số,3,0
230081,Vẽ kỹ thuật với CAD,3,0
230082,Linh kiện điện tử,3,30
230083,Nhập môn điện tử,2,0
230084,Kỹ thuật xung - số,3,0
230085,Đồ án môn học 1 (DVT),1,0
230086,Đồ án môn học 2 (DVT),1,0
230087,Kỹ thuật thu - phát,4,30
230088,Quản trị kinh doanh viễn thông,2,15
230089,Kỹ thuật Robot,2,0
23009,Radio - Cassette,4,0
230090,Thiết bị đầu cuối,3,0
230091,Đồ án tốt nghiệp (DVT),5,0
230092,Đồ án tốt nghiệp (DVT),7,0
230093,Linh kiện điện tử,5,0
230094,Thiết kế mạch in,3,0
230095,Mạch điện tử,4,0
230096,Kỹ thuật xung số,6,0
230097,Cấu trúc máy tính và cài đặt,4,30
230098,Vẽ kỹ thuật,3,15
230099,Cơ sở điều khiển tự động,4,0
23010,TH Ampli,3,0
230100,Chuyên đề hệ thống tự động,2,30
230101,Điện công nghiệp,2,0
230102,Bảo trì công nghiệp,2,0
230103,Đo lường và điều khiển bằng MT,3,0
230104,Chuyên đề SCADA,2,15
230105,Thực tập tốt nghiệp (DVT),3,0
230106,Mạng ngoại vi,1,0
230107,Thực tập thực tế (DVT),1,0
230108,Tự động hóa quá trình sản xuất,3,0
230109,Nhập môn kỹ thuật điều khiển tự động,2,15
23011,TH Kỹ Thuật Xung Số,2,0
230110,An toàn điện và môi trường công nghiệp,2,15
230111,Linh kiện điện tử,4,0
230112,Thực hành linh kiện điện tử,3,0
230113,Kỹ thuật số,3,45
230114,Thực hành Kỹ thuật số,2,0
230115,Vẽ kỹ thuật và Autocad,3,0
230116,Anh văn chuyên ngành (TĐH),2,15
230117,Matlab và ứng dụng,2,0
230118,CAD điện tử,2,15
230119,Nguyên lý chi tiết máy,2,15
23012,TH Radio Cassette,3,0
230120,Khí cụ điện và trang bị điện,2,0
230121,Thực hành khí cụ điện và trang bị điện,2,0
230122,Kỹ thuật cảm biến,3,0
230123,Đồ án thiết kế mạch Điện - Điện tử,1,0
230124,Kỹ thuật Audio - Video,2,0
230125,Thực hành kỹ thuật Audio - Video,2,0
230126,Kỹ thuật truyền số liệu,2,0
230127,Hệ thống điều khiển số,2,30
230128,Đồ án Lập trình điều khiển ngoại vi,1,0
230129,Thực tập thực tế,2,0
23013,TH Ti Vi Màu,11,0
230130,Lý thuyết điều khiển logic mờ,2,30
230131,Hệ thống SCADA,2,0
230132,Đồ án thiết kế hệ thống tự động,1,0
230133,Lập trình PLC nâng cao,3,0
230134,Lập trình điều khiển giao tiếp máy tính,3,0
230135,Thiết kế hệ thống nhúng,3,30
230136,Hệ thống điều khiển phân tán,2,15
230137,Mạng cảm biến không dây,3,30
230138,Tổ chức sản xuất - quản lý sản xuất,2,0
230139,Mạng Nơron,2,0
23014,TH Ti Vi Trắng Đen,7,0
230140,Điều khiển tự động,2,30
230141,Hàm phức và toán tử Laplace,2,30
230142,Xử lý tín hiệu số,2,0
230143,Điều khiển tự động nâng cao,2,0
230144,Thực hành công nghệ vi điện tử,2,0
230145,Thiết kế hệ thống nhúng,2,0
230146,Lập trình điều khiển giao tiếp máy tính,2,0
230147,Thực tập cuối khóa,3,0
230148,Chuyên đề tự động hóa,2,30
230149,Mạng cảm biến không dây,2,0
23015,TH Vẽ Mạch In Eagle,1,0
230150,Kỹ thuật điều khiển hiện đại,4,45
230151,Điện tử căn bản,2,15
23016,TH Điện Tử Chuyên Ngành 1,8,0
23017,TH Điện Tử Chuyên Ngành 2,12,0
23018,TH Điện Tử Căn Bản,4,0
23019,Thực Tập Dã Ngoại (Điện Tử),14,0
23020,Ti Vi Màu,5,0
23021,Ti Vi Trắng Đen,4,0
23022,Vẽ Mạch In Eagle,3,0
23023,Vi Điều Khiển,4,0
23024,Điện Tử Căn Bản,6,0
23025,Điện Tử Công Nghiệp,4,0
23026,Điện Tử Kỹ Thuật Số,5,60
23027,TH Điện Tử Căn Bản,3,0
23028,,2,0
23029,Kỹ thuật Điện tử,2,30
23030,Mạch DC,5,0
23031,PLC,2,0
23032,Thực Hành PLC,2,0
23033,TH Mạch DC,1,0
23034,TH Điện Tử Kỹ Thuật Số,1,0
23035,Vi Điều Khiển,2,0
23036,TH Vi Điều Khiển,2,0
23037,TH Mạch DC,2,0
23038,Mạch DC,2,0
23039,An Toàn Điện,2,0
23040,Lý Thuyết Mạch,4,0
23041,Kỹ Thuật Điện Tử,3,0
23042,Điện Tử căn Bản,6,60
23043,Kỹ Thuật Xung Số,6,0
23044,Ampli,6,0
23045,Thiết Kế Mạch In,2,0
23046,Radio - Cassette,7,0
23047,Ti Vi Trắng Đen,9,0
23048,Vi Xử Lý,4,0
23049,Ti Vi Màu,12,0
23050,Đồ án Môn Học,1,0
23051,Thực Tập Tốt Nghiệp(ĐT),0,0
23052,Anh Văn Chuyên Ngành ĐT,3,0
23053,Điện Tử Kỹ Thuật Số,4,0
23054,TH Ti Vi Trắng Đen,5,0
23055,Kỹ Thuật Thu Phát Thanh,3,45
23056,TH Kỹ Thuật Thu Phát Thanh,2,0
23057,Mạch Điện Tử 1,3,0
23058,Lý Thuyết Tín Hiệu,2,0
23059,Mạch Điện Tử 2,2,0
23060,Phần Cứng Máy Tính 1,5,0
23061,Kỹ Thuật Thu Phát Hình,3,0
23062,TH Kỹ Thuật Thu Phát Hình,2,0
23063,Cấu Trúc Máy Tính Và Hợp Ngữ,2,0
23064,Xử Lý Tín Hiệu Số,3,0
23065,Kỹ Thuật Lập Trình C,4,0
23066,Anten Và Truyền Sóng,3,0
23067,Vi Xử Lý,2,0
23068,TH Vi Xử Lý,2,0
23069,,5,0
23070,TH Ti Vi Màu,7,0
23071,Kỹ Thuật Truyền Số Liệu,3,0
23072,TH Kỹ Thuật Truyền Số Liệu,1,0
23073,Hệ Thống Viễn Thông,2,0
23074,Đồ án Môn Học Vi Mạch,1,0
23075,TH Amply,0,0
23076,Điện Tử Căn Bản 2,2,0
23077,TH Radio,4,0
23078,Vật Liệu Linh Kiện Điện Tử,5,0
23079,Kỹ Thuật Lập Trình Nâng Cao,4,0
23080,Đồ án Cung Cấp Điện,1,0
23081,Đo Điện Tử,1,0
23082,TH Đo Điện Tử,1,0
23083,Điện Tử Căn Bản,3,0
23084,TH Điện Tử Căn Bản,2,0
23085,Amply,3,0
23086,TH Ti Vi Trắng Đen,4,0
23087,Ti Vi Màu,4,60
23088,Thiết Kế Mạch In,1,15
23089,TH Thiết Kế Mạch In,1,0
23090,Thi Tốt Nghiệp,3,0
23091,Thực Tập Tốt Nghiệp,6,0
23092,Kỹ Thuật Thu Phát Thanh,6,0
23093,TH Kỹ Thuật Thu Phát Thanh,6,0
23094,Kỹ Thuật Thu - Phát Hình,2,0
23095,TH Kỹ Thuật Thu - Phát Hình,2,0
23096,Linh Kiện Điện Tử,3,0
23097,TH Linh Kiện Điện Tử,2,0
23098,Kỹ Thuật Xung - Số,3,45
23099,Kỹ Thuật Thông Tin Quang,2,30
23100,TH Kỹ Thuật Thông Tin Quang,2,0
23101,Nguyên Lý Tổng Đài,4,0
23102,TH Nguyên Lý Tổng Đài,1,0
23103,Cơ Sở Truyền Dẫn Vi Ba Số,3,0
23104,Mạng Ngoại Vi,3,45
23105,TH Mạng Ngoại Vi,2,0
23106,Thông Tin Di Động Số,3,0
23107,Đồ án Môn Học Điện Tử - VT,1,0
23108,Kỹ Năng Nghề Nghiệp,2,0
23109,Điện Thoại Và ISDN,4,0
23110,TH Điện Thoại Và ISDN,2,0
23111,Thực Tập Tốt Nghiệp,5,0
23112,Thi Tốt Nghiệp Hoặc Làm KLTN,5,0
23113,Kỹ Thuật Lập Trình C,4,0
23114,Điện Khí Nén,2,0
23115,TH Điện Tử Căn Bản,1,0
23116,Kỹ Thuật Thu Phát Thanh,5,75
23117,TH Kỹ Thuật Thu Phát Thanh,5,0
23118,TH Linh Kiện Điện Tử,3,0
23119,Kỹ Thuật Số,4,0
23120,TH Kỹ Thuật Số,2,0
23121,Cơ Sở Điều Khiển tự Động,4,0
23122,Thực Hành Vi Mạch Số,2,0
23123,Kỹ Thuật Thu Phát Hình,2,0
23124,Cơ Học ứng Dụng,3,0
23125,Đồ án Môn Học 1,1,0
23126,Vẽ Kỹ Thuật Với CAD,4,0
23127,TH Điện Tử Công Suất,2,0
23128,TH Máy Điện,2,0
23129,Điều Khiển Tự Động 1,3,0
23130,Vật Liệu Linh Kiện điện Tử,3,0
23131,TH Vật Liệu Linh Kiện điện Tử,2,0
23132,Cơ Điện Tử,3,0
23133,Điện Thoại,3,0
23134,TH Điện Thoại,2,0
23135,Điện Khí Nén,3,0
23136,Cơ Sở Truyền Động Điện,3,0
23137,Điều Khiển Tự Động 2,3,0
23138,Lập Trình PLC,5,0
23139,Thực Hành Lập Trình PLC,3,0
23140,Cơ Điện Tử Và Vi Hệ Thống,3,0
23141,Đồ án Môn Học 2,2,0
23142,Hệ Thống Scada,4,0
23143,Kỹ Thuật Robot,4,0
23144,Tự Động Hoá quá Trình SX,2,0
23145,TH Tự Động Hoá Quá Trình SX,2,0
23146,Đồ án Môn Học 3,2,0
23147,Cơ Sở Lý Thuyết Truyền Thông,3,0
23148,Đo Lường Và Điều Khiển Bằng MT,2,0
23149,TH Đo Lường Và ĐK Bằng MT,1,0
23150,Kỹ Thuật Xung - Số,4,0
23151,Kỹ Thuật Thu Phát Thanh,4,0
23152,Thi Tốt Nghiệp Hoặc Làm KLTN,10,0
23153,Kỹ Thuật Lập Trình,4,0
23154,Linh kiện điện tử,5,45
23155,Thiết kế mạch in,3,0
23156,Mạch điện tử,4,0
23157,Kỹ thuật xung số,6,0
23158,Cấu trúc máy tính và cài đặt,4,0
23159,Vi xử lý,4,0
23160,Vẽ kỹ thuật,3,0
23161,Anh văn chuyên ngành (ĐVT),2,0
23162,Hệ thống viễn thông,2,30
23163,Kỹ thuật truyền dẫn TT quang,3,0
23164,Hệ thống tổng đài,2,0
23165,Cáp viễn thông và VIBA,2,0
23166,Thiết bị đầu cuối,2,30
23167,Kỹ thuật truyền dẫn vô tuyến,4,45
23168,Kỹ thuật anten,2,0
23169,TH kỹ thuật truyền dẫn TTquang,4,0
23170,TH Hệ thống tổng đài,4,0
23171,TH Cáp viễn thông và VIBA,4,0
23172,TH Thiết bị đầu cuối,5,0
23173,Thực tập tốt nghiệp,7,0
23174,Vi điều khiển,4,0
23175,Thiết bị điện dân dụng,3,0
23176,Kỹ thuật thu - phát thanh,3,45
23177,Kỹ thuật thu - phát hình,3,0
23178,Kỹ thuật VCD-DVD,3,0
23179,Kỹ thuật LCD,4,0
23180,Kỹ thuật monitor,4,0
23181,TH kỹ thuật thu - phát thanh,4,0
23182,TH kỹ thuật thu - phát hình,4,0
23183,TH kỹ thuật VCD-DVD,4,0
23184,TH kỹ thuật LCD,4,0
23963,,2,0
240000,Điện tử cơ bản,3,45
240001,Điện tử căn bản,3,0
240005,Điện ứng dụng - an toàn CN&MT,2,0
240006,TH lắp đặt điện dân dụng,3,0
240007,TH lắp đặt điện công nghiệp,3,0
240008,Mạch điện,3,0
240009,Thực hành nguội,2,0
24001,Anh Văn Chuyên Ngành Điện NT 1,2,0
240010,Mạch điện,2,0
240011,Điện tử cơ bản,2,30
240012,ATLĐ & điện trong công nghiệp,2,0
240013,TH Lắp đặt điện dân dụng,3,0
240014,Khí cụ điện,2,30
240015,Máy điện,3,0
240016,Cung cấp điện,3,0
240017,TH Điện tử cơ bản,2,0
240018,TH Lắp đặt điện công nghiệp,3,0
240019,TH Quấn dây máy điện 1,4,0
24002,Anh Văn Chuyên Ngành Điện NT 2,2,0
240020,Đo lường điện,2,0
240021,Vẽ kỹ thuật điện với CAD,3,0
240022,Vi mạch,3,0
240023,Máy điện,3,45
240024,Thực hành điện tử cơ bản,2,0
240025,Vi xử lý,2,0
240026,TH bảo trì công nghiệp,2,0
240027,Trang bị điện,3,0
240028,Điện tử công suất,2,30
240029,Cung cấp điện,3,0
24003,Anh Văn Chuyên Ngành Điện NT 3,2,0
240030,Đồ án môn học 1 (KD),1,0
240031,Thực hành đo lường điện,2,0
240032,Thực hành quấn dây máy điện,4,0
240033,Thực hành vi mạch,2,0
240034,Truyền động điện,2,30
240035,Kỹ thuật nhiệt lạnh,2,0
240036,Cảm biến đo lường,2,0
240037,TH Điện tử công suất,2,0
240038,Vẽ kỹ thuật điện,2,0
240039,Trang bị điện+Thực hành PLC,3,0
24004,Kỹ Thuật Chuyên Môn Điện NT 1A,5,0
240040,TH quấn dây máy điện 2,4,0
240041,Thực hành điện lạnh,3,0
240042,Thực hành trang bị điện,3,0
240043,"Thực hành ZEN, LOGO!",3,0
240044,Thực tập tốt nghiệp,3,0
240045,Anh văn chuyên ngành,2,0
240046,Đồ án máy điện,1,0
240047,Kỹ thuật nhiệt điện,2,30
240048,Kỹ thuật thuỷ khí,2,0
240049,Hàm biến phức &Phép BĐ Laplace,2,0
24005,Kỹ Thuật Chuyên Môn Điện NT 1B,3,0
240050,Đồ án điện tử công suất,1,0
240051,Đồ án mạng cung cấp điện,1,0
240052,Kỹ thuật cao áp,2,0
240053,Kỹ thuật điều khiển tự động,3,0
240054,Lý thuyết trường điện từ,2,0
240055,Mạng cung cấp điện,3,45
240056,Ngắn mạch trong hệ thống điện,2,0
240057,Thí nghiệm máy điện,2,0
240058,Đồ án môn học 2 (KD),1,0
240059,Thực hành PLC,3,0
24006,Kỹ Thuật Chuyên Môn Điện NT 2A,5,0
240060,Thực hành vi xử lý,2,0
240061,Thực hành điện lạnh,2,0
240062,Điện khí nén,2,0
240063,Điện tử công suất,4,0
240064,Vẽ kỹ thuật điện với CAD,2,0
240065,Vi điều khiển,4,0
240066,Trang bị điện,3,30
240067,Cơ sở điều khiển tự động,2,0
240068,Bảo trì công nghiệp,1,0
240069,Cơ sở truyền động điện,2,30
24007,Kỹ Thuật Chuyên Môn Điện NT 2B,3,0
240070,Đo lường cảm biến,3,0
240071,Đo lường và ĐK bằng máy tính,2,0
240072,Lập trình PLC cơ bản,4,0
240073,Cơ điện tử,2,0
240074,Vẽ kỹ thuật điện với CAD,3,0
240075,Quản lý dự án công trình điện,2,0
240076,Quy hoạch phát triển hệ thống điện,2,30
240077,Thiết kế chiếu sáng,2,0
240078,Thiết bị điện trong truyền tải và phân phối điện,2,30
240079,Bảo vệ rơ le trong HT điện,3,0
24008,Kỹ Thuật Chuyên Môn Điện NT 3B,4,0
240080,SCADA và tự động hóa trong HTĐ,3,0
240081,Vận hành hệ thống điện,2,30
240082,Nhà máy điện và trạm biến áp,3,0
240083,Thực hành vận hành hệ thống điện,2,0
240084,Ổn định trong hệ thống điện,2,0
240085,Thực hành điện tử công suất,2,0
240086,Độ tin cậy trong hệ thống điện,2,30
240087,Cơ khí đường dây,2,30
240088,Thiết kế bảo vệ rơ le,2,0
240089,Tính toán thiết kế cao áp,2,30
24009,Máy Điện,4,0
240090,Máy điện ĐB trong các TBTĐ,2,0
240091,Thực hành điện tử công suất,2,0
240092,Thực hành PLC nâng cao,2,0
240093,Thực hành cảm biến,2,0
240094,TH điều khiển động cơ biến tần,2,0
240095,Điều khiển máy điện,3,0
240096,Robot công nghiệp,2,30
240097,Thiết kế máy biến áp,2,0
240098,Tự động hóa quá trình sản xuất,2,30
240099,Đo lường và ĐK bằng máy tính,2,0
24010,TH Chuyên Ngành Điện NT 1A,8,0
240100,Lập trình GDĐK người-máy (HMI),2,0
240101,Thực hành mạng cung cấp điện,2,0
240102,Môi trường và con người,2,30
240103,Vẽ kỹ thuật,2,0
240104,Mạch điện 1,3,45
240105,An toàn điện,2,30
240106,Điện tử công nghiệp,4,60
240107,Kỹ thuật lập trình,3,0
240108,CAD trong hệ thống điện,2,0
240109,Năng lượng tái tạo,2,30
24011,TH Chuyên Ngành Điện NT 2A,10,0
240110,Chuyên đề cung cấp điện,2,0
240111,Thực hành PLC nâng cao,3,0
240112,Vi điều khiển,2,30
240113,PLC,2,0
240114,Trang bị điện nâng cao,2,0
240115,Vẽ kỹ thuật điện,3,0
240116,Mạch điện 2,2,30
240117,Thực hành điện cơ bản,3,0
240118,Trí tuệ nhân tạo,3,0
240119,Giải tích máy điện nâng cao,4,0
24012,TH Chuyên Ngành Điện NT 1B,2,0
240120,TH trang bị điện nâng cao,2,0
240121,Thực hành vi điều khiển,2,0
240122,Mạng truyền thông công nghiệp,2,0
240123,Đồ án môn học 3,1,0
240124,Kỹ năng nghề nghiệp,2,15
240125,Kỹ thuật Robot,2,0
240126,Lập trình PLC nâng cao,3,0
240127,Chuyên đề hệ thống tự động,3,0
240128,Mạng máy tính (DVT),4,30
240129,Khoá luận tốt nghiệp (DVT),10,0
24013,TH Chuyên Ngành Điện NT 2,7,0
240130,An toàn điện,2,0
240131,Giáo dục SD NL TK và hiệu quả,2,0
240132,Cơ sở kỹ thuật điện,3,0
240133,Nhiệt kỹ thuật,3,0
240134,Vẽ kỹ thuật điện với CAD,3,30
240135,Vật liệu nhiệt,3,45
240136,Đo lường thông số kỹ thuật,2,0
240137,Máy điện,4,0
240138,Kỹ thuật an toàn và bảo hộ LĐ,2,0
240139,Thuỷ lực và máy thuỷ khí,3,30
24014,TH Chuyên Ngành Điện NT 3,6,0
240140,Tiếng Anh chuyên ngành (KD),3,0
240141,Nguội cơ bản,3,0
240142,Thực tập Điện cơ bản,2,0
240143,Nhập môn ngành CNKT Điện,2,15
240144,Vật liệu điện,2,0
240145,Thiết bị điện trong TT&PP điện,3,0
240146,Mạng cung cấp điện,3,0
240147,Thực hành Điện cơ bản,2,0
240148,Kỹ thuật điều khiển tự động,2,0
240149,Thực hành máy điện,2,0
24015,TH Chuyên Ngành Điện NT 4,6,0
240150,Điều khiển máy điện,2,0
240151,Kỹ thuật lập trình (DDL),2,0
240152,Quản lý dự án công trình điện,1,0
240153,Năng lượng tái tạo,1,0
240154,Lập trình GDĐK người-máy (HMI),2,0
240155,CAD trong điện công nghiệp,2,0
240156,Đồ án tốt nghiệp (DDL),7,0
240157,Đồ án tốt nghiệp (DDL),5,0
240158,Mạch điện + Máy điện,2,0
240159,Thực hành PLC,1,0
24016,Thực Tập Dã Ngoại,6,0
240160,SCADA và tự động hoá trong HTĐ,2,0
240161,Thực hành trang bị điện - khí nén,3,0
240162,Nhà máy nhiệt điện,3,45
240163,Lò hơi và thiết bị phụ,4,0
240164,Tua bin hơi và thiết bị phụ,4,0
240165,Phần điện trong nhà máy điện&trạm BA,3,0
240166,Bảo vệ rơ le trong nhà máy NĐ,3,30
240167,Vận hành hệ thống điện,3,15
240168,Kỹ thuật điện cao áp,3,45
240169,Vận hành thiết bị phụ tua bin,3,15
24017,Kỹ Thuật Mạch Điện Tử,3,0
240170,Vận hành lò hơi,3,0
240171,Vận hành tua bin hơi,3,0
240172,Thực tập đo lường thông số KT,2,0
240173,Thực tập tốt nghiệp (DL),5,0
240174,Thực hành quấn dây M.điện,3,0
240175,Trang bị điện,2,30
240176,Thực hành trang bị điện - KN,2,0
240177,Điện tử công suất,3,0
240178,Máy điện 1,3,45
240179,Máy điện 2,2,30
24018,TH Chuyên Ngành Điện NT 2B,6,0
240180,Điện khí nén,2,0
240181,Bảo vệ rơle và tự động hoá hệ thống điện,5,0
240182,Anh văn chuyên ngành,2,15
240183,Thực hành đo lường điện,1,0
240184,Thực hành vi mạch,1,0
240185,Thực hành PLC,3,0
240186,Thực hành điều khiển động cơ bằng biến tần,2,0
240187,Quản trị công nghiệp,2,30
240188,Mạng truyền thông và điều khiển công nghiệp (CC-Link),3,0
240189,Giải tích và điều khiển máy điện,4,60
24019,TH Chuyên Ngành Điện NT 3B,6,0
240190,Khởi tạo doanh nghiệp,2,15
240191,Đồ án nhà máy điện,1,0
240192,Ổn định trong hệ thống điện,2,0
240193,Hệ thống điều khiển phân tán (DCS) nhà máy điện,3,0
240194,Giải tích mạng điện,4,60
240195,Thực hành điện tử cơ bản,1,0
240196,Thực hành điện dân dụng,2,0
240197,Nhập môn ngành công nghệ Kỹ thuật điều khiển và tự động hóa,2,0
240198,Kỹ thuật lập trình,2,0
240199,Thực hành PLC nâng cao - HMI,3,0
24020,TH Chuyên Ngành Điện NT 3A,8,0
240200,Vẽ kỹ thuật điện với CAD,2,0
240201,Mạng truyền thông và điều khiển công nghiệp (CC-Link),3,0
240202,Giải tích và điều khiển máy điện,4,45
240203,Thực hành quấn dây máy điện,2,0
240204,Thực hành lắp đặt điện công nghiệp,2,0
240205,Matlab và ứng dụng,2,0
240206,Nhà máy điện và trạm biến áp,2,0
240207,Hệ thống SCADA,2,30
240208,Thiết kế chiếu sáng,2,0
240209,Giải tích mạng điện,4,0
24021,TH Chuyên Ngành Điện NT 1,10,0
240210,Chuyên đề hệ thống điện,2,0
240211,Chuyên đề điện công nghiệp,2,30
240212,Thực hành hệ thống SCADA,2,0
240213,Hệ thống điều khiển phân tán,2,30
240214,Chuyên đề hệ thống điện,3,0
240215,Kỹ thuật cảm biến,2,0
240216,Vi điều khiển,2,30
240217,Lập trình PLC cơ bản,3,0
240218,Lập trình PLC nâng cao - HMI,3,0
240219,CAD điện từ,2,0
24022,TH Quấn Dây Máy Điện,10,0
240220,CAD điện từ,2,0
240221,Điều khiển tự động ,3,45
240222,Kỹ thuật IoTs và ứng dụng,2,30
24023,Máy Điện,6,0
24024,Kỹ Thuật Chuyên Môn ĐNT 4B,3,0
24025,Điện Tử Căn Bản,5,0
24026,TH Quấn ĐCĐ Và Máy BA 1,8,0
24027,TH Quấn ĐCĐ Và Máy BA 2,10,0
24028,Điện Tử Công Suất,3,0
24029,TH Đo Lường Điện,4,0
24030,TH Bảo Trì Sửa Chữa Máy Điện,2,0
24031,TH Đo Lường Điện,4,0
24032,TH Chuyên Ngành Điện NT 3A,7,0
24033,Máy Điện 1,3,0
24034,Máy Điện 2,4,0
24035,Điện Tử Công Suất,4,0
24036,Lý Thuyết PLC,2,0
24037,Thực Tập PLC,3,0
24038,Truyền Động Điện,4,0
24039,Mạch Điện,4,0
24040,Điện Tử Công Nghiệp,3,0
24041,Máy Điện,5,75
24042,An Toàn LĐ & Điện Trong CN,3,0
24043,Vẽ Kỹ Thuật Điện Với CAD,3,0
24044,Vẽ Kỹ Thuật Điện Với CAD,4,0
24045,Thực hành điện cơ bản,2,0
24046,Nguội cơ bản,2,0
24047,Vật liệu nhiệt,2,0
24048,Thuỷ lực và máy thuỷ khí,2,0
24049,Tiếng Anh chuyên ngành,2,0
250000,An toàn điện,1,0
250001,Nhập môn ngành Quản lý công nghiệp,2,0
250002,Kỹ năng xây dựng kế hoạch,2,0
250003,Tư duy hệ thống,2,0
250004,Nhập môn logic học,2,0
250005,Nhập môn xã hội học,2,0
25001,Anh Văn Chuyên Ngành Điện XN 1,2,0
25002,Anh Văn Chuyên Ngành Điện XN 2,2,0
25003,Anh Văn Chuyên Ngành Điện XN 3,2,30
25004,TH Điện Chiếu Sáng,6,0
25005,TH Điện Cơ Bản,5,0
25006,TH Chuyên Ngành Điện XN  1,5,0
25007,TH Chuyên Ngành Điện XN  2,8,0
25008,TH Chuyên Ngành Điện XN 1,2,0
25009,TH Chuyên Ngành Điện XN 2,7,0
25010,TH Chuyên Ngành Điện XN 3,7,0
25011,TH Chuyên Ngành Điện XN 4,6,0
25012,Thực Tập Dã Ngoại (Điện XN),6,0
25013,Thực Tập Tốt Nghiệp,14,0
25014,Thực Tập Điện Chiếu Sáng,5,0
25015,TH Chuyên Ngành Điện XN 1A,8,0
25016,TH Chuyên Ngành Điện XN 2A,10,0
25017,TH Chuyên Ngành Điện XN 3A,7,0
25018,TH Chuyên Ngành Điện XN 1B,6,0
25019,Trang Bị Điện,5,75
25020,Truyền Động Điện,5,0
25021,Tự Động Hóa,3,0
25022,Tự Động Hóa (PLC),3,0
25023,Vật Liệu Điện,2,0
25024,Đo Lường Điện,3,0
25025,Đo lường điện,3,30
25026,TH Chuyên Ngành Điện XN 3,7,0
25027,Trang Bị Điện,4,0
25028,TH Chuyên Ngành Điện XN 1,2,0
25029,TH Chuyên Ngành Điện XN 2,10,0
25030,Khí cụ điện,2,0
25031,An Toàn Điện,3,0
25032,Vật Liệu Điện (KTĐ),3,0
25033,TH Trang Bị Điện,4,0
25034,Nhập Môn Tin Học,5,0
25035,Hoá Học (Kỹ Thuật Điện),3,0
25036,Điều Khiển Lập Trình PLC,3,0
25037,Vi Mạch Tương Tự,2,0
25038,Vi Mạch Số,3,0
25039,Anh Văn Chuyên Ngành,3,0
25040,Cung Cấp Điện,5,0
25041,Đồ án Môn Học,1,0
25042,Máy Điện (LT),2,0
25043,Thực Hành PLC,4,0
25044,Vi Xử Lý,3,0
25045,Chuyên Đề Điện Lạnh,3,0
25046,Đo Lường Và Cảm Biến,3,0
25047,TH Sửa Chữa Mạch Điện Máy CC,3,0
25048,Điện Tử Căn Bản,4,60
25049,TH Lắp Đặt Điện Dân Dụng,6,0
25050,TH Quấn Dây Máy Điện 1,8,0
25051,TH Quấn Dây Máy Điện 2,6,0
25052,Hệ Thống ĐK Và Tự Động Hóa,4,0
25053,TH Trang Bị Điện,6,0
25054,Tự Động hoá,4,0
25055,TH Quấn Dây Máy Điện 3,6,0
25056,TH Chuyên Ngành Điện XN 4,5,0
25057,Thực Tập Tốt Nghiệp OTô,12,0
25058,MôĐul Điện Ôtô,7,0
25059,MôĐul Máy Kéo,7,0
25060,KT Xây Dựng Và Ban Hành VB,3,0
25061,Cung Cấp Điện,6,0
25062,Đo Lường Điện,2,30
25063,TH Đo lường điện,2,0
25064,TH Đo Lường Cảm Biến,1,0
25065,TH Trang Bị Điện 1,4,0
25066,TH Trang Bị Điện 2,3,0
25067,Thực Hành PLC,8,0
25068,Thực Tập Tốt Nghiệp (Điện),4,0
25069,Thi Tốt Nghiệp Hoặc Làm ĐATN,5,0
25098,Mạch Điện Tử,3,0
25099,Truyền Động Điện,3,45
25100,Trang Bị Điện,3,0
25101,TH Quấn Dây Máy Điện 1,5,0
25102,Cung Cấp Điện,3,0
25103,Đo Lường Cảm Biến,2,0
25104,Trang Bị Điện,2,0
25105,TH Quấn Dây Máy Điện 1,6,0
25106,"Thực Hành ZEN, LOGO!",4,0
25107,Thực Hành Điện Lạnh,3,0
25108,Máy Điện,0,0
25109,Máy Điện,3,45
25110,Kỹ Năng Nghề,2,0
25111,Đồ án Môn Học,3,0
25112,TH Trang Bị Điện,3,0
25113,Vẽ Kỹ Thuật Điện,3,0
25114,TH Điện Lạnh,3,0
25115,TH Quấn dây máy điện 2,4,0
25116,TH trang bị điện,5,0
25117,Bảo Trì Công Nghiệp,2,30
25118,Tự Động Hoá Với PLC,2,30
25119,"Thực Hành PLC, ZEN, LOGO!",4,0
25120,Chuyên Đề Điện Lạnh,4,0
25121,Mạch Điện Tử,4,0
25122,Tự Động Hóa Quá Trình SX,2,30
25123,Mạng Truyền Thông Công Nghiệp,3,0
25124,Mạng Truyền Thông Công Nghiệp,2,0
25125,TH Mạng Truyền Thông CN,1,0
25126,Lập Trình PLC Nâng Cao,2,0
25127,TH Lập Trình PLC Nâng Cao,2,0
25128,Đo Lường Và Điều Khiển Bằng MT,3,0
25129,Đồ án Môn Học 3,2,0
25130,Tổ Chức Và Điều Hành Sản Xuất,2,0
25131,Kỹ Thuật Robot,3,0
25132,"Thực Hành PLC, LOGO!",3,0
25133,Thực Hành Trang Bị Điện,2,0
25134,Lập Trình PLC Cơ Bản,5,0
25135,TH Lập Trình PLC Cơ Bản,3,0
25136,Mạng Ngoại Vi,5,0
25137,Kỹ Thuật Truyền Số Liệu,4,45
25138,Nguyên Lý Tổng Đài,5,60
25139,Đồ án Môn Học ĐT - VT,2,0
25140,Kỹ Thuật Thông Tin Quang,4,0
25141,Điện Thoại,5,0
25142,Bảo Trì Công Nghiệp,1,15
25143,Mạng Truyền Thông Công Nghiệp,3,30
25144,Máy điện,3,0
25145,Điều khiển lập trình (PLC) CB,3,0
25146,Điện khí nén,4,0
25147,TH Điện tử công suất,3,0
25148,TH Trang bị điện,4,0
25149,TH Kỹ thuật điện lạnh,3,0
25150,TH Máy điện,3,0
25151,TH Điều khiển L.trình (PLC) CB,3,0
25152,Điện tử công suất,2,0
26001,Kỹ Thuật An Toàn Điện,3,45
26002,Kỹ Thuật Điện,3,0
260029,TH Trang Bị Điện,6,0
26003,Kỹ Thuật Điện 1,4,60
26004,Kỹ Thuật Điện 2,4,0
26005,Kỹ Thuật Điện (KTĐ),6,90
26006,Thực Hành PLC,2,0
260064,Trường điện từ,2,30
260065,Ngắn mạch trong hệ thống điện,3,45
260066,Vi mạch tương tự và số,3,0
260067,Giải tích mạng điện,4,0
260068,Giáo dục sử dụng NL TK và HQ,2,30
260069,Đo lường điện,3,0
26007,Điện Khí Hóa Nông Thôn,4,0
260070,Khí cụ điện,3,0
260071,Kỹ thuật an toàn,2,0
260072,Thực tập điện cơ bản,2,0
260073,Lưới điện,5,0
260074,Nhà máy điện,5,0
260075,Kỹ thuật cao áp,3,0
260076,Quản lý sửa chữa lưới điện,3,30
260077,Thực tập máy điện,2,0
260078,Thực tập đo lường điện,2,0
260079,Thực tập điện công nghiệp,3,0
26008,Điện Kỹ Thuật (Cơ Khí),3,0
260080,Thực tập lưới điện,4,0
260081,Bảo vệ rơle & tự động hóa HTĐ,7,0
260082,Thực tập thí nghiệm Simulator,1,0
26009,Điện Kỹ Thuật (Ô Tô),3,0
26010,Điện Kỹ Thuật 1 (Điện NT),4,0
26011,Điện Kỹ Thuật (Điện Tử),3,0
26012,Điện Kỹ Thuật 1 (Điện XN),4,60
26013,Điện Kỹ Thuật 2 (Điện NT),4,60
26014,Điện Kỹ Thuật 2 (Điện Tử),3,0
26015,Điện Kỹ Thuật 2 (Điện XN),4,0
26016,,4,0
26017,Điện Kỹ Thuật (Xây Dựng),2,0
26018,Thực Hành Vi Mạch Số,2,0
26019,Đo Lường Và Cảm Biến,4,0
26020,TH Trang Bị đIện NC,4,0
26021,TH Vi Mạch,2,0
26022,Cảm Biến Đo Lường,2,0
26023,Thực Hành PLC,5,0
26024,Trang Bị Điện Nâng Cao,2,30
26025,Cảm Biến ứng Dụng,3,45
26026,TH Trang Bị Điện Nâng Cao,2,0
26027,Thực Hành PLC,3,0
26028,TH Trang Bị Điện NC,0,0
26029,Giáo dục sử dụng NL TK và HQ,2,0
26030,Vẽ kỹ thuật điện với CAD,3,0
26031,Cơ kỹ thuật,3,0
26032,Cơ sở kỹ thuật điện,3,0
26033,Vật liệu điện,2,0
26034,Máy điện,4,0
26035,Đo lường điện,3,0
26036,Khí cụ điện,3,0
26037,Kỹ thuật an toàn,2,0
26038,Điện tử công nghiệp,4,0
26039,Thực tập điện cơ bản,2,0
26040,Nguội cơ bản,3,15
26041,ATLĐ & điện trong công nghiệp,2,0
26042,Mạch điện,3,0
26043,Đo lường điện,2,0
26044,Cung cấp điện,4,0
26045,Cảm biến ứng dụng,2,0
26046,Trang bị điện,3,0
26047,Thực hành nguội,2,0
26048,TH lắp đặt điện dân dụng,3,0
26049,TH lắp đặt điện công nghiệp,3,0
26050,TH Quấn dây máy điện 1,4,0
26051,TH điện tử cơ bản,3,0
26052,TH điện lạnh,4,0
26053,"Thực hành ZEN, LOGO!",5,0
26054,TH điều khiển điện khí nén,2,0
26055,Thực tập tốt nghiệp (DDL),5,0
26056,Lưới điện,4,60
26057,Nhà máy điện,4,0
26058,Bảo vệ rơle & tự động hoá HTĐ,3,0
26059,Kỹ thuật điện cao áp,2,0
26060,Quản lý sửa chữa lưới điện,2,0
26061,Vận hành hệ thống điện,3,0
26062,Ngắn mạch trong hệ thống điện,2,0
26063,Thực hành máy điện,2,0
26064,Thực hành đo lường điện,2,0
26065,Thực tập thí nghiệm Simulator,1,0
26066,Thực hành điện công nghiệp,3,0
26067,Thực hành lưới điện,4,0
26068,Thực tập tốt nghiệp (DDL),5,0
26069,Vật liệu nhiệt,3,0
26070,Đo lường thông số kỹ thuật,2,30
26071,Kỹ thuật an toàn và bảo hộ LĐ,2,15
26072,Thuỷ lực và máy thuỷ khí,3,0
26073,Tiếng Anh chuyên ngành,3,30
26074,Nhà máy nhiệt điện,3,0
26075,Lò hơi và thiết bị phụ,3,0
26076,Tua bin hơi và thiết bị phụ,2,0
26077,Phần điện nhà máy điện và TBA,3,0
26078,Bảo vệ rơ le trong nhà máy NĐ,2,0
26079,Vận hành TB phụ tua bin,2,0
26080,Vận hành lò hơi,1,0
26081,Vận hành tua bin hơi,1,0
26082,Thực tập đo lường thông số KT,2,0
26083,Thực tập tốt nghiệp,5,0
26084,Nhiệt kỹ thuật,3,0
26085,Thực hành bảo vệ rơ le,2,0
26086,Nhiệt kỹ thuật,2,30
26087,Hệ thống điều hoà không khí trên ô tô,3,30
26088,Kỹ thuật cao áp,2,0
26089,LT tổng hợp nghề nghiệp (Lưới điện),2,0
26090,Thực hành nghề nghiệp (TH lưới điện),2,0
270000,Kỹ thuật may cơ bản,3,45
270001,TH Kỹ thuật may cơ bản,4,0
270002,Nguyên liệu dệt may,1,0
270003,Thiết kế trang phục nữ 1,2,30
270004,TH Thiết kế trang phục nữ 1,3,0
270005,Thiết kế trang phục nữ 2,2,0
270006,TH Thiết kế trang phục nữ 2,3,0
270007,Thiết kế trang phục nữ 3,2,0
270008,TH Thiết kế trang phục nữ 3,3,0
270009,Quản lý chất lượng sản phẩm,2,0
27001,Hệ Thống Cở Số Trang Phục,2,0
270010,Thiết bị may công nghiệp & BT,3,0
270011,Thiết kế Âu phục,3,0
270012,TH thiết kế Âu phục 1,4,0
270013,TH thiết kế Âu phục 2,3,0
270014,Giác sơ đồ,2,0
270015,Qui trình công nghệ,4,60
270016,Thiết kế thời trang,3,0
270017,Thiết kế Hoa - Việt phục,3,0
270018,Thiết kế đầm váy,3,0
270019,Kỹ thuật trang điểm,3,0
27002,Điện ứng Dụng Trong Ngành May,3,0
270020,Thực tập tốt nghiệp,2,0
270021,TH Thiết kế trang phục Nữ 1,4,0
270022,TH Thiết kế trang phục Nữ 2,4,0
270023,TH Thiết kế trang phục Nữ 3,4,0
270024,Điện ứng dụng - An toàn CN&MT,2,0
270025,Tin học UD trong ngành may,2,0
270026,Thiết kế thời trang,4,0
270027,TH thiết kế Âu phục 2,4,0
270028,Thiết kế thời trang,2,0
270029,TH Thiết kế thời trang,2,0
27003,Nguyên Liệu Dệt May,4,0
270030,Ứng dụng TM học cho trang phục,2,0
270031,Trang điểm,2,0
270032,Qui trình SX hàng may mặc CN,4,0
270033,Thiết kế Việt phục,3,0
270034,An toàn công nghiệp và môi trường trong ngành May,1,0
270035,Mĩ thuật trang phục ứng dụng,2,0
270036,Kỹ thuật may cơ bản,2,0
270037,Thực hành kỹ thuật may cơ bản,3,0
270038,"Thiết kế mẫu, rập công nghiệp",2,0
27004,Dinh Dưỡng Lý Thuyết,3,0
27005,Kỹ Thuật Làm Bánh,2,0
27006,Kỹ Thuật May Thêu 1,1,0
27007,Kỹ Thuật May 2,2,0
27008,Kỹ Thuật Nấu ăn,4,0
27009,Kỹ Thuật Nữ Công,3,0
27010,Kỹ Thuật Nữ Công 1B,3,0
27011,Kỹ Thuật Trang Điểm,2,0
27012,NT Chất Lượng Vệ Sinh,3,0
27013,Pha Chế Đồ Uống Đơn Giản,2,0
27014,TH Cắm Hoa - Kết Thú,2,0
27015,TH Kỹ Thuật  May 1A,7,0
27016,TH Kỹ Thuật Nữ Công 1B,2,0
27017,TH Kỹ Thuật May 2A,7,0
27018,TH Kỹ Thuật Thêu Tay,3,0
27019,TH Kỹ Thuật Nữ Công 3A,15,0
27020,TH Kỹ Thuật Nữ Công 3B,5,0
27021,TH Kỹ Thuật Nữ Công 4B,6,0
27022,TH Kỹ Thuật Nữ Công 5B,6,0
27023,TH Kỹ Thuật Nữ Công 6B,6,0
27024,TH Nấu ăn,3,0
27025,Thực Tập Tốt Nghiệp,8,0
27026,,3,0
270266,"Luật tín ngưỡng, tôn giáo và nghiệp vụ công tác tôn giáo",2,15
27028,TH Kỹ Thuật Làm Bánh,3,0
27029,TH May  Thêu,5,0
27030,Bảo Quản Thực Phẩm,3,0
27031,Vẽ Mỹ Thuật,2,0
27032,Vẽ Kỹ Thuật,5,0
27033,Kỹ Thuật May Cơ Bản,4,0
27034,Kỹ Thuật Chế Biến Bánh Kem,9,0
27035,Cắm Hoa Trang Trí,3,0
27036,Trang Trí Nội Thất,2,0
27037,Âu Phục Nữ,4,0
27038,Hoa Phục,3,0
27039,Nghệ Thuật Cắm Hoa Trang Trí,3,0
27040,Âu Phục Nam,5,0
27041,Thêu Tay Trang Trí,6,0
27042,Thiết Kế Thời Trang,2,0
27043,Trang Phục Biến Kiểu,6,0
27044,TH Máy Công Nghiệp,2,0
27045,Kỹ Thuật May Nâng Cao,9,0
27046,Trang Phục Truyền Thống,6,0
27047,Đầm - Váy,4,0
27048,Sinh Hóa Đại Cương,3,0
27049,Kỹ Thuật May 1,1,0
27050,Kỹ Thuật May 3,4,0
27051,Kỹ Thuật May 4,3,0
27052,Cắm Hoa Trang Trí,2,0
27053,Hình Họa - Vẽ Kỹ Thuật B,3,0
27054,Hình Học Họa Hình,2,30
27055,Công Nghệ May Trang Phục 1,8,0
27056,Kỹ Thuật May Cơ Bản,3,0
27057,Trang Phục Biến Kiểu,4,0
27058,Trang Phục Truyền Thống,4,0
27059,An Toàn Công Nghiệp Và MT,1,0
27060,Kỹ Thuật May Cơ Bản,2,0
27061,TH kỹ Thuật May Cơ Bản,6,0
27062,Thiết Kế Trang Phục Nữ,7,0
27063,TH thiết Kế Trang Phục Nữ,12,0
27064,Mỹ Thuật Trang Phục ứng Dụng,3,0
27065,Thiết Kế Âu Phục,4,0
27066,TH Thiết Kế Âu Phục,9,0
27067,Thiết Bị May C.Nghiệp Và B.Trì,3,0
27068,TH thiết Bị May C.Nghiệp& BTrì,2,0
27069,Thiết Kế Hoa - Việt Phục,3,45
27070,TH Thiết Kế Hoa - Việt Phục,6,0
27071,Đồ án Thiết Kế Trang Phục,2,0
27072,Quản Lý Chất Lượng Trang Phục,2,0
27073,Điện UD-ATCN&MT trong ng.may,2,0
27074,Nguyên liệu dệt may,1,0
27075,Tin học cơ bản trong ngành may,2,0
27076,Thiết bị may CN & bảo trì,3,0
27077,Kỹ thuật may cơ bản,3,0
27078,TH Kỹ thuật may cơ bản,4,0
27079,Thiết kế trang phục Nữ 1,3,0
27080,TH thiết kế trang phục Nữ 1,4,0
27081,Thiết kế trang phục Nữ 2,3,0
27082,TH thiết kế trang phục Nữ 2,4,0
27083,Thiết kế trang phục Nữ 3,3,0
27084,TH thiết kế trang phục Nữ 3,4,0
27085,Thiết kế Âu phục,3,0
27086,TH thiết kế Âu phục 1,4,0
27087,TH thiết kế Âu phục 2,4,0
27088,Thiết kế thời trang,2,30
27089,TH thiết kế thời trang,2,0
27090,Quản lý chất lượng sản phẩm,2,0
27091,Qui trình SX hàng may mặc CN,4,0
27092,Thiết kế Việt phục,3,0
27093,Thiết kế Đầm - Váy,3,0
27094,Kỹ thuật trang điểm,3,0
27095,Bộ sưu tập thời trang,4,0
27096,Thực tập may Âu phục,3,0
27097,Thực tập thiết kế mẫu CN,2,0
27098,Thực tập tốt nghiệp (KNC),8,0
280000,Hình học họa hình,2,0
280001,Địa chất công trình,2,30
280002,Vẽ kỹ thuật xây dựng 1,2,15
280003,Trắc địa đại cương,2,0
280004,TH Trắc địa đại cương,1,0
280005,Cơ lý thuyết (XD),2,15
280006,Thủy lực cơ sở,2,15
280007,Pháp luật xây dựng,2,0
280008,Vẽ kỹ thuật xây dựng,2,0
280009,"Kết cấu thép, gỗ",2,0
28001,Công Trình Thủy Nông,3,0
280010,Cấu tạo kiến trúc,3,0
280011,An toàn lao động,2,15
280012,Vật liệu xây dựng,2,30
280013,Bảo Hộ Lao Động,2,0
280014,Vẽ kỹ thuật xây dựng 2,2,15
280015,Vật liệu xây dựng,2,0
280016,Thí nghiệm vật liệu xây dựng,1,0
280017,Sức bền vật liệu 1,2,15
280018,Cấu tạo kiến trúc,2,15
280019,Cơ học đất,2,15
28002,TH Công Trình Thủy Nông,3,0
280020,Thí nghiệm cơ học đất,1,0
280021,Môi trường trong xây dựng,2,30
280022,An toàn lao động,2,0
280023,Cấp thoát nước,2,15
280024,Cơ kết cấu 1,2,15
280025,Sức bền vật liệu 2,2,15
280026,Nền móng công trình,3,30
280027,Tin học UD (Auto CAD+SAP),3,0
280028,Thí nghiệm sức bền vật liệu,1,0
280029,Đồ án nền móng công trình,1,0
28003,Thủy Nông,3,0
280030,Kết cấu bê tông cốt thép 1,2,15
280031,"Kết cấu thép, gỗ",2,0
280032,Cấp thoát nước 1,3,0
280033,Kỹ thuật thi công,4,0
280034,Đồ án kỹ thuật thi công,1,0
280035,Tin học ứng dụng (AutoCAD),3,0
280036,Đồ án kết cấu bê tông cốt thép,1,0
280037,Dự toán,3,30
280038,Thực tập tay nghề công nhân,4,0
280039,Vẽ kỹ thuật xây dựng 1,3,0
28004,Xây Dựng Và Quản Lý Dự án,4,0
280040,Thực tập nhận thức ngành nghề,1,0
280041,Thực tập địa chất công trình,1,0
280042,Kết cấu thép gỗ 2,2,0
280043,Đồ án kết cấu thép,1,0
280044,Nguyên lý thiết kế kiến trúc công trình dân dụng,2,30
280045,Phương pháp tính kỹ thuật,2,30
280046,Đánh giá chất lượng và gia cố công trình,2,30
280047,Đàn hồi ứng dụng và phương pháp phần tử hữu hạn,2,0
280048,Thí nghiệm kết cấu công trình,1,0
280049,Công trình trên nền đất yếu,2,30
28005,Cơ Xây Dựng,3,45
280050,Kết cấu bê tông cốt thép 3,2,0
280051,Giải pháp nền móng hợp lý,2,30
280052,Nhà nhiều tầng,2,0
280053,Bê tông dự ứng lực,2,0
280054,Bệnh học công trình,2,0
280055,Luật xây dựng,2,30
280056,Vật lý kiến trúc,2,0
280057,Cơ kết cấu 2,2,0
280058,Kỹ thuật thi công,3,30
280059,Làm khoá luận,5,0
28006,NT Chất Lượng Vệ Sinh,2,0
280060,Kiến trúc công trình,3,0
280061,Đồ án kiến trúc công trình,1,0
280062,Kết cấu bê tông cốt thép 2,2,15
280063,Đồ án Kết cấu bê tông CT 2,1,0
280064,Thực tập kỹ thuật viên TK,1,0
280065,Quản lý dự án,2,0
280066,Dự toán,2,0
280067,Thực tập tay nghề công nhân,2,0
280068,Đồ án tốt nghiệp,10,0
280069,Tin học chuyên ngành1(AutoCAD),2,0
28007,Vật Liệu Xây Dựng,2,0
280070,Tin học C.Ngành 2 (SAP&ETAB),3,0
280071,Cơ lưu chất,2,0
280072,Thuỷ lực cơ sở,2,0
280073,Sức bền vật liệu 1,3,30
280074,Đồ án kết cấu thép,1,0
280075,Sức bền vật liệu (XD),2,0
280076,Vẽ kỹ thuật xây dựng,4,0
280077,Sức bền vật liệu 2,3,0
280078,Tin học ứng dụng SAP,2,0
280079,Tin học chuyên ngành1(AutoCAD),3,0
28008,An Toàn Lao Động,2,30
280080,Đồ án kết cấu bê tông cốt thép,1,0
280081,Cơ kết cấu,2,0
280082,Cấp thoát nước và môi trường,3,0
280083,Kết cấu bê tông cốt thép,2,0
280084,Thực tập tốt nghiệp (XD),3,0
280085,Dự toán công trình,3,0
280086,Kết cấu bêtông cốt thép 1,3,0
280087,Đồ án kết cấu bêtông CT 1,1,0
280088,Kết cấu thép gỗ 1,2,30
280089,Cơ học kết cấu 1,2,15
28009,Kỹ Thuật Điện,2,0
280090,Cơ học kết cấu 2,3,0
280091,Vật lý kiến trúc,2,15
280092,Cấp thoát nước,2,0
280093,Đồ án kết cấu bê tông cốt thép,2,0
280094,Thủy lực cơ sở,2,0
280095,Nhập môn kỹ sư xây dựng,2,15
280096,Dự toán công trình,2,15
280097,Kỹ thuật thi công và ATLĐ,3,0
280098,Tổ chức thi công,2,30
280099,Kết cấu bêtông cốt thép 2,3,0
28010,Cấp Thoát Nước,3,45
280100,Đồ án kết cấu bêtông CT 2,1,0
280101,Quản lý dự án xây dựng,2,30
280102,Kinh tế xây dựng,3,30
280103,Kết cấu thép - gỗ 1,2,0
280104,Kiến trúc công trình,2,15
280105,Thực tập tốt nghiệp (XDG),2,0
280106,Cơ lưu chất,2,15
280107,Thực hành địa chất công trình,1,0
280108,Anh văn chuyên ngành (XD),2,15
280109,Thực hành trắc địa đại cương,1,0
28011,Kỹ Thuật Thi Công Cốt Thép,4,0
280110,Tin học C.Ngành 2 (SAP&ETAB),3,0
280111,Quy hoạch đô thị,2,30
280112,Kết cấu thép - gỗ 2,2,0
280113,Đồ án tốt nghiệp (XD),7,0
280114,Cơ học kết cấu 2,2,15
280115,Đồ án tốt nghiệp (XDG),5,0
280116,Tin học chuyên ngành1(AutoCAD),3,0
280117,Tin học chuyên ngành 1,2,0
280118,Tin học chuyên ngành 2,2,0
280119,Vẽ kỹ thuật xây dựng,5,0
28012,Cấp Thoát Nước,4,0
280120,Vật liệu xây dựng,3,0
280121,Cơ lý thuyết,3,0
280122,Sức bền vật liệu 3,2,0
280123,Trắc địa,2,30
280124,Thực hành trắc địa,1,0
280125,Luận văn tốt nghiệp (XD),10,0
280126,Công trình nền đất yếu,2,0
280127,Cơ học kết cấu,2,0
280128,"Cơ sở ngành (Sức bền VL 1,2)",2,0
280129,"Chuyên ngành(kết cấu BTCT 1,2)",3,0
28013,Cấp Thoát Nước 2,2,0
280130,Cơ học kết cấu 3,2,0
280131,Thực tập nhận thức nghề nghiệp,1,0
280132,"Cơ sở ngành (Sức bền vật liệu 1,2)",3,0
280133,"Chuyên ngành (Kết cấu bê tông cốt thép 1,2)",4,0
280134,Công trình trên nền đất yếu,2,15
280135,Bê tông dự ứng lực,2,15
280136,Thủy văn công trình,2,15
280137,Kết cấu thép,2,15
280138,Tổng luận cầu,2,0
280139,Thiết kế đường ôtô,2,15
28014,Cấu Tạo Kiến Trúc,4,0
280140,Nền móng công trình,2,15
280141,Đồ án thiết kế đường ôtô,1,0
280142,Thiết kế Cầu bê tông cốt thép,2,0
280143,Kinh tế xây dựng,2,15
280144,Đồ án thiết kế Cầu bê tông cốt thép,1,0
280145,Thiết kế Cầu thép,2,15
280146,Đồ án thiết kế Cầu thép,1,0
280147,Thiết kế Đường thành phố,2,15
280148,Đồ án thiết kế Đường thành phố,1,0
280149,Quy hoạch giao thông,2,15
28015,Kỹ Thuật Thi Công,6,0
280150,Thi công Cầu,3,0
280151,Thi công Đường,3,0
280152,Đồ án Thi công Cầu,1,0
280153,Đồ án Thi công Đường,1,0
280154,Thí nghiệm đường ôtô,1,0
280155,Máy xây dựng,2,15
280156,Vải địa kỹ thuật,2,30
280157,Công trình thủy,2,30
280158,Hoạch định và kiểm soát dự án,2,30
280159,Công trình trên nền đất yếu,2,0
28016,,22,0
280160,Thiết kế nút giao thông,2,30
280161,Vật liệu Composite,2,30
280162,Khai thác công trình Cầu - Đường,2,0
280163,Tổ chức thi công,2,15
280164,Tin học ứng dụng 2 (CIVIL),3,0
280165,Nhiệt động lực học,3,0
280166,Phương pháp tính kỹ thuật,2,15
280167,Tin học ứng dụng 1 (AutoCAD),2,0
280168,Tin học ứng dụng 2 (SAP & ETABS),2,0
280169,Thí nghiệm địa chất và cơ học đất,1,0
28017,,17,0
280170,Kết cấu thép 1,2,15
280171,Máy xây dựng,2,0
280172,Đồ án tổ chức thi công,1,0
280173,Kết cấu thép 2,2,15
280174,Kết cấu bê tông cốt thép 3,2,15
280175,Kết cấu nhà cao tầng,2,0
280176,Chuyên đề xây dựng 1 (Kết cấu công trình),3,15
280177,Chuyên đề xây dựng 2 (nền móng công trình),4,0
280178,Nhiệt động lực học,2,0
280179,Mố trụ cầu,2,15
28018,Dụng Cụ Và Trang Thiết Bị,2,0
280180,Đồ án mố trụ cầu,1,0
280181,Kết cấu bêtông cốt thép,3,0
280182,Quản lý dự án xây dựng,2,15
280183,Thi công cầu,2,15
280184,"Quản lý, khai thác, sửa chữa công trình cầu - đường",2,0
280185,Chuyên đề xây dựng 1 (Kết cấu công trình nâng cao),3,0
280186,Chuyên ngành (Kết cấu bê tông cốt thép),4,0
280187,Tài chánh cho Dự án,2,30
280188,Trắc đại công trình giao thông,2,0
280189,Thực hành trắc địa công tình giao thông,1,0
28019,Cốp Pha 1,2,0
280190,Kiến trúc nhà cao tầng,2,30
280191,Điện công trình,2,0
280192,Tin học ứng dụng 1 (Autocad),3,0
280193,Tổng luận cầu đường,2,0
280194,Cấp thoát nước (CTGT),2,0
280195,Dự toán công trình (CTGT),2,0
280196,Nền móng công trình (CTGT),2,0
280197,Đồ án nền móng công trình (CTGT),1,0
280198,Kiểm định chất lượng công trình giao thông,2,0
280199,Tin học ứng dụng 2 (SAP & ETABS),3,0
28020,Dàn Giáo 1,1,0
280200,Các công nghệ xây dựng cầu hiện đại,2,15
280201,Thực tập công nhân cầu đường,2,0
280202,Mỹ học cầu đường,2,0
280203,Địa chất công trình,2,15
280204,Luật xây dựng,2,15
280205,Giải pháp nền móng hợp lý,2,15
280206,Kiến trúc công nghiệp,2,0
280207,Kiến trúc nhà cao tầng,2,0
280208,Kết cấu nhà cao tầng,2,15
28021,Kỹ Thuật Xây,8,0
280210,Kết cấu gạch đá,2,15
280211,Chuyên đề xây dựng 1 (Kết cấu công trình),4,45
280212,Chuyên đề xây dựng 2 (Nền móng công trình),4,45
280213,Trắc địa đại cương,2,15
280214,Tài chính cho dự án,2,30
280215,Thiết kế Cầu bê tông cốt thép,3,30
280216,Thi công đường,2,15
280217,Chuyên đề xây dựng 1 (Kết cấu công trình cầu nâng cao),4,45
280218,Chuyên đề xây dựng 2 (Kết cấu công trình đường nâng cao),4,45
280219,Đàn hồi ứng dụng và phương pháp phần tử hữu hạn,2,15
28022,Kỹ Thuật Trát,8,0
280220,Bệnh học công trình,2,15
280221,BIM và tin học ứng dụng trong quản lý xây dựng,2,15
280222,Thực tập cuối khóa,8,0
280223,Tin học ứng dụng 1,3,0
280224,Tin học ứng dụng 2,3,0
280225,Khai thác - kiểm định công trình giao thông,2,15
280226,Quy hoạch đô thị,2,15
280227,Chuyên đề kỹ thuật xây dựng,4,0
28023,,1,0
28024,Gia Công & Lắp Đặt Cốt Thép,2,0
28025,Kỹ Thuật Thi Công Bêtông,4,0
28026,,7,0
28027,Vẽ Kỹ Thuật (Xây Dựng),4,0
28028,Xây Gạch 2,4,0
280284,"Chuyên đề về chó, mèo",3,0
28029,Cốt Pha 2,2,0
280290,Điện công trình,2,15
280291,Tổng luận Cầu và Đường,2,30
280292,Thủy công,2,30
28030,Thi Công Nền Móng,2,0
28031,Lập Dự Toán,2,0
28032,Hoàn Thiện Và Trang Trí,3,30
28033,Lắp Đặt Trần Và Mái,1,0
28034,Quản Lý Xây Dựng,2,0
28035,Quản Lý Dự án,2,0
28036,Thực Tập Công Trình,10,0
28037,Kỹ Thuật Thi Công Cốp Pha,4,30
28038,Kỹ Thuật Thi Công Cốp Pha,5,0
28039,Thực hành Thuỷ nông,1,0
28040,Môi Trường Trong Xây Dựng,2,30
28041,Hình họa - Vẽ kỹ thuật,4,0
28042,Kỹ Thuật Trát,6,30
28043,Cơ Học Lý Thuyết,2,0
28044,Sức Bền Vật Liệu,4,0
28045,Vật Liệu Xây Dựng,3,0
28046,TH Vật Liệu Xây Dựng,1,0
28047,Cấu Tạo Kiến Trúc,3,0
28048,Địa Chất Công Trình,2,0
28049,TH Địa Chất Công Trình,1,0
28050,Kỹ Thuật Thi Công Bêtông,3,0
28051,Kỹ Thuật Thi Công Cốt Thép,3,0
28052,Cơ Học Kết Cấu,4,0
28053,Trắc Đạc,3,0
28054,TH Trắc Đạc,1,0
28055,Cơ Học Đất,2,0
28056,TH Cơ Học Đất,1,0
28057,Kiến Trúc Công Trình,4,0
28058,Đồ án Kiến Trúc Công Trình,1,0
28059,Pháp Luật Kinh Tế,2,30
28060,Kết Cấu Thép - Gỗ,4,60
28061,Kết Cấu Bêtông Cốt Thép,4,0
28062,Đồ án Kết Cấu Bêtông Cốt Thép,1,0
28063,Nền Móng Công Trình,4,0
28064,Đồ án Nền Móng Công Trình,1,0
28065,Kỹ Thuật Thi Công,4,0
28066,Đồ án Kỹ Thuật Thi Công,1,0
28067,Tổ Chức Thi Công,3,0
28068,Đồ án Tổ Chức Thi Công,1,0
28069,Kinh Tế Xây Dựng,5,0
28070,Quản Lý Xây Dựng,3,45
28071,Kinh Tế Học Đại Cương,3,0
28072,Kỹ Thuật Xây,6,0
28073,Địa Chất Công Trình,3,0
28074,Thủy Lực Cơ Sở,2,0
28075,Cơ Học Đất,3,0
28076,Sức Bền Vật Liệu,5,0
28077,Kỹ Thuật Điện,4,0
28078,Cơ Học Kết Cấu,5,75
28079,Hoàn Thiện Và Trang Trí,5,0
28080,Đồ án Kết Cấu Thép - Gỗ,1,0
28081,Dự Toán,3,45
28082,Tin Học ứng Dụng (XD),2,30
28083,TH Tin Học ứng Dụng (XD),2,0
28084,Thực Tập Tay Nghề Công Nhân,4,0
28085,Thực Tập Kỹ Thuật Viên T kế,4,0
28086,Thực Tập Kỹ Thuật Viên XD,6,0
28087,Thi Tốt Nghiệp,4,0
28088,Kỹ Thuật Xây Dựng,5,0
28089,Thi Tốt Nghiệp XD,5,0
28090,Máy Xây Dựng,2,0
28091,Tin Học ứng Dụng (Autocad+sap),5,30
28092,Thực Tập Tay Nghề Công Nhân,4,0
28093,Thực Tập Kỹ Thuật Viên T.Kế,4,0
28094,Thực Tập Kỹ Thuật Viên XD,6,0
28095,Kỹ Thuật Thi Công,6,0
28096,Vẽ Kỹ Thuật Xây Dựng 1,2,0
28097,Cơ Kết Cấu,2,0
28098,Kết Cấu Thép - Gỗ,3,0
28099,Cấu Tạo Kiến Trúc,5,0
28100,Kỹ Thuật Xây,2,0
28101,TH Kỹ Thuật Xây,4,0
28102,Hoàn Thiện Và Trang Trí(LT+TH),4,0
28103,Trắc Đạt,4,0
28104,Sức Bền Vật Liệu 2,3,45
28105,Bài Tập Lớn Sức Bền Vật Liệu,1,0
28106,Vẽ Kỹ Thuật Xây Dựng 2,3,0
28107,Nguyên Lý Cấu Tạo Kiến Trúc,3,0
28108,Cơ Kết Cấu 1,2,0
28109,Thí Nghiệm Sức Bền Vật Liệu,1,0
28110,Đồ án Cấp Thoát Nước,1,0
28111,Kết Cấu Bê Tông Cốt Thép 1,3,0
28112,Điện Công Trình,3,0
28113,Thiết Kế Kiến Trúc,4,0
28114,Đồ án Thiết Kế Kiến Trúc,1,0
28115,Dự Toán,4,0
28116,Thực Tập Tay Nghề Công Nhân,6,0
28117,Sức Bền Vật Liệu 1,2,0
28118,Thí Nghiệm Cơ Học Đất,1,0
28119,Vẽ Kỹ Thuật AutoCAD,4,30
28220,Kết Cấu Bê Tông Cốt Thép 2,3,0
28221,Pháp Luật Xây Dựng,2,0
28222,Môi Trường Trong Xây Dựng,3,0
28223,Cấp Thoát Nước 1,2,30
28224,Thực Tập Kỹ Thuật Viên XD,4,0
28225,Máy Xây Dựng,3,45
28226,Kinh Tế Xây Dựng,4,0
28227,Sức Bền Vật Liệu (Tốt Nghiệp),1,0
28228,Cấp Thoát Nước 1,3,30
28229,Tin Học ứng Dụng (AutoCAD),4,0
28230,Dự Toán,4,0
28231,Cơ Kết Cấu 2,3,0
28232,Quản Lý Dự án,3,0
28233,Tính Kết Cấu SAP 2000,3,0
28234,Thí Nghiệm Vật Liệu Xây Dựng,1,0
28235,Tin Học UD (AutoCAD+SAP 2000),4,0
28236,Thủy Lực Cơ Sở,2,0
28237,Thực Tập Tay Nghề Công Nhân,3,0
28238,Thực Tập KT Viên Thiết Kế,1,0
28239,Đồ án Kết Cấu BT Cốt Thép,1,0
28240,Cấp Thoát Nước 2,3,0
28241,Thuỷ Lực Cơ Sở,2,0
28243,Tin Học ứng Dụng (SAP 2000),4,0
28244,Lắp Đặt Các Cấu Kiện Loại Nhỏ,2,0
28245,Tổ Chức Sản Xuất,1,0
28246,Bảo Hộ Lao Động,2,0
28247,Vật Liệu Xây Dựng,2,0
28248,Vẽ Kỹ Thuật,4,0
28249,Đào Móng,2,0
28250,Trắc Địa,3,0
28251,TH Trắc Địa,1,0
28252,Đồ án Kết Cấu Bêtông Cốt Thép,2,0
28253,Lắp Đặt Thiết Bị Vệ Sinh,2,15
28254,Xây Gạch,10,0
28255,Công Nghệ Chế Tạo Máy,4,0
28256,Đồ án Công Nghệ Chế Tạo Máy,2,0
28257,Đồ Gá,2,0
28258,Công Nghệ Hàn Tiên Tiến,2,30
28259,Thực Tập Chuyên Ngành Nâng Cao,5,0
28260,Thực Tập Tốt Nghiệp,6,0
28261,Công Nghệ Gia Công CAD/CAM/CNC,5,30
28262,"Lát, ốp",3,0
28263,"Trát, láng",9,0
28264,Gia Công Lắp Đặt Cốt Thép,3,0
28265,"GiaCông,LĐ&T.Gỡ V.Khuôn,G.Giáo",3,0
28266,"Trộn, Đổ, Đầm Bê Tông",2,0
28267,Máy Cắt Kim Loại,3,0
28268,Giáo Dục Quốc Phòng - An ninh,2,0
28269,"Bạ Mát Tít, Sơn Vôi",2,0
28270,Tin Học,2,0
28271,Ngoại Ngữ,4,0
28272,Vẽ kỹ thuật xây dựng,5,0
28273,Vật liệu xây dựng,3,0
28274,Cơ lý thuyết,3,0
28275,Sức bền vật liệu 1,3,0
28276,Cơ học kết cấu 1,3,30
28277,Cấu tạo kiến trúc,5,45
28278,Trắc địa đại cương,3,0
28279,TH Trắc địa đại cương,1,0
28280,Kết cấu bê tông cốt thép 1,5,60
28281,Kỹ thuật thi công,5,0
28282,Dự toán công trình,3,0
28283,"Kết cấu thép, gỗ 1",3,0
28284,Cấp thoát nước và môi trường,4,0
28285,Tin học chuyên ngành1(AutoCAD),4,15
28286,Pháp luật xây dựng,3,45
28287,Thực tập tay nghề công nhân,8,0
28288,Thực tập tốt nghiệp(XDG),10,0
290000,Phương pháp NC khoa học,2,15
290001,Phương pháp luận nghiên cứu KH,2,0
31001,Anh Văn Chuyên Ngành 1 (PTNT),4,0
31002,Anh Văn Chuyên Ngành 2 (PTNT),4,0
31003,Tiếng Nhật 1,4,60
31004,Chăn Nuôi Gia Cầm A,4,0
31005,Chăn Nuôi Gia Cầm,4,0
31006,Chăn Nuôi Gia Súc Nhai Lại,4,0
31007,Chăn Nuôi Heo A,6,0
31008,Chăn Nuôi Heo B,4,0
31009,Di Truyền Chăn Nuôi,2,0
31010,Chăn Nuôi Đại Cương,2,30
31011,Chính Sách Chiến Lược PTNN -NT,6,0
31012,Dược Lý Thú Y,4,0
31013,Dược Lý Thú Y,4,0
31014,Giải Phẩu Sinh Lý,4,0
31015,Di Truyền,3,0
31016,Di Truyền Chăn Nuôi,3,0
31017,Dinh Dưỡng Và Thức ăn Gia Súc,3,0
31018,Cơ Thể Học,5,30
31019,Hóa Bảo Vệ Thực Vật A,3,0
31020,Hóa Bảo Vệ Thực Vật B,5,0
31021,Thủy Sản Đại Cương,2,0
31022,Khuyến Nông,4,0
31023,Ngoại Khoa,4,0
31024,Ngoại Khoa,2,0
31025,Quản Lí Và Khai Thác TS TN,2,0
31026,Sinh Lý Động Vật,2,0
31027,Sinh Lý Gia Súc,3,30
31028,Cơ thể học,3,0
31029,An Toàn Lao Động,4,30
31030,Chăn Nuôi Đại Cương,3,0
31031,TH  Chăn Nuôi Gia Cầm,3,0
31032,TH An Toàn Lao Động,2,0
31033,TH Chăn Nuôi Đại Cương,1,0
31034,Chăn Nuôi Gia cầm,3,0
31035,Chăn Nuôi Gia Súc Nhai Lại,3,0
31036,Chăn Nuôi Đại Cương,6,0
31037,TH Dược Lý Thú Y,1,0
31038,TH Chăn Nuôi Heo,4,0
31039,TH Chăn Nuôi Gia Cầm,3,0
31040,Chăn Nuôi Gia Súc Nhai Lại,3,0
31041,TH Chăn Nuôi Gia Súc Nhai Lại,3,0
31042,TH Chăn Nuôi Gia Súc Nhai Lại,2,0
31043,TH Chăn Nuôi Gia Cầm,2,0
31044,Chăn Nuôi Heo,5,0
31045,TH Khuyến Nông,2,0
31046,TH Chăn Nuôi Đại Cương,3,0
31047,TH Ngoại Khoa,1,0
31048,Chăn Nuôi Heo,2,0
31049,TH Chăn Nuôi Heo,1,0
31050,TH Giải Phẩu Sinh Lý,1,0
31051,TH Bệnh Học Chăn Nuôi,0,0
31052,TH Bệnh Học Chăn Nuôi,3,0
31053,Cơ Thể Học,2,0
31054,TH Cơ Thể Học,3,0
31055,TH Chăn Nuôi Gia Cầm,2,0
31056,Chăn Nuôi Gia Súc Nhai Lại,2,30
31057,Ngoại Khoa,3,0
31058,Thuỷ Sản Đại Cương,1,0
31059,TH Thuỷ Sản Đại Cương,1,0
31060,Khuyến Nông,3,45
31061,Thức Ăn Trong Chăn Nuôi,1,0
31062,TH Thức Ăn Trong Chăn Nuôi,1,0
31063,Sinh Lý Gia Súc,2,0
31064,Dinh Dưỡng Và Thức Ăn GS,2,0
31065,TH Dinh Dưỡng Và Thức Ăn GS,1,0
31066,Bệnh Sản Khoa,2,0
31067,Bệnh Ngoại Khoa,2,0
31068,TH Bệnh Ngoại Khoa,1,0
31069,TH Chăn Nuôi Thỏ,1,0
31070,Chăn Nuôi Chó - Mèo,2,0
31071,TH Chăn Nuôi Chó - Mèo,1,0
31072,Vệ Sinh Môi Trường,2,0
31073,TH Vệ Sinh Môi Trường,1,0
31074,Quản Lý Sản Xuất Vật Nuôi,2,0
31075,TH Quản Lý Sản Xuất Vật Nuôi,1,0
31076,Thực Tập Tốt Nghiệp,4,0
31077,Di Truyền - Giống Vật Nuôi,2,0
31078,Luật Thú Y,1,0
31079,Bệnh Truyền Nhiễm,3,0
31080,TH Bệnh Truyền Nhiễm,1,0
31081,Ký Sinh Trùng,2,0
31082,TH Ký Sinh Trùng,1,0
31083,Sản Khoa,2,0
31084,Thực Tập Tốt Nghiệp,6,0
31085,Thi Tốt Nghiệp,3,0
31086,Chăn Nuôi Đại Cương,1,30
31087,Vệ Sinh Môi Trường Trong CN,2,0
31088,TH Vệ Sinh MT Trong Chăn Nuôi,1,0
31089,Bảo Quản và Chế Biến Nông Sản,2,0
31090,TH Bảo Quản Và CB Nông Sản,2,0
31091,TH Bệnh Học Chăn Nuôi,1,0
31092,Thực Tập Thực Tế 2,6,0
31093,Pháp luật - Tổ chức QL dược,3,0
320000,Cơ sở Hoá học phân tích I,6,0
320001,Cơ sở Hoá học hữu cơ I,6,0
320002,Hóa học vô cơ I,6,0
320003,Hóa lý I,6,60
320004,Anh văn chuyên ngành 1,2,15
320005,Cơ sở Hoá học phân tích II,6,0
320006,Cơ sở Hoá học hữu cơ II,6,0
320007,Hoá học vô cơ II,6,0
320008,Hoá lý II,6,0
320009,Anh văn chuyên ngành 2,2,15
320010,Anh văn chuyên ngành 3,2,0
320011,Anh văn chuyên ngành 4,2,0
320012,Hoá lý 1,5,0
320013,Hoá học vô cơ 1,5,0
320014,Cơ sở hoá học hữu cơ 1,5,0
320015,Cơ sở hoá học phân tích 1,5,0
320016,Hoá lý 2,5,0
320017,Hoá học vô cơ 2,5,45
320018,Cơ sở hoá học hữu cơ 2,5,0
320019,Thực tập thực tế 1,2,0
320020,Pháp luật về sở hữu trí tuệ,2,0
320021,Tiểu chuẩn ISO& tiêu chuẩn GMP,2,0
320022,Cơ sở HH phân tích 2,5,0
320023,Các phương pháp PT quang phổ 1,5,0
320024,Cơ chế phản ứng HH hữu cơ,3,0
320025,Hoá học và hoá lý Polymer,8,0
320026,Ứng dụng tin học trong HH,2,0
320027,Hoá học và HL polymer LH 1,9,0
320028,Thực tập thực tế 2,2,0
320029,Các PP phân tích quang phổ 2,5,0
320030,Hoá học lập thể,3,0
320031,Lab View,4,0
320032,Cơ học lưu chất,2,0
320033,An toàn quá trình,2,30
320034,Vẽ kỹ thuật,2,15
320035,Hoá hữu cơ 1,5,0
320036,Pháp luật về sở hữu trí tuệ,1,0
320037,Hoá học vô cơ I,3,0
320038,Kỹ thuật điện,2,15
320039,Hoá phân tích 1,4,30
320040,Cơ học lưu chất,3,0
320041,Hoá hữu cơ 1,4,0
320042,Hoá lý 2,3,0
320043,Vẽ kỹ thuật,3,0
320044,Truyền nhiệt,3,0
320045,Thống kê và phân tích dữ liệu,3,30
320046,Các phương pháp PT điện hoá,5,0
320047,Hoá học và HL Polymer LH 2,9,0
320048,Các qui định &CS trong CN hoá,2,0
320049,Hoá học xanh,3,0
320050,Thiết kế đồ hoạ,3,0
320051,Tính chất HL của VL Nano 1,3,0
320052,Ứng dụng của Polymer LH,3,0
320053,PP viết BBKH bằng tiếng Anh,3,0
320054,Thực tập thực tế 3,2,0
320055,Công nghệ in,3,0
320056,CN tạo hình 2 chiều và 3chiều,3,0
320057,Tính chất HL của VL Nano 2,3,0
320058,Ứng dụng của vật liệu Nano,3,0
320059,ƯD của polymer&composite PHSH,3,0
320060,Polymer phân huỷ sinh học,3,0
320061,Truyền khối,3,0
320062,Hoá hữu cơ 2,3,30
320063,Hoá phân tích 2,4,0
320064,Kỹ thuật phản ứng,3,0
320065,Phân tích công cụ 1,4,0
320066,Lab View,3,0
320067,Phân tích công cụ 2,2,0
320068,Organic & Printed electronics1,3,0
320069,Nhập môn CNKT Hoá học,2,15
320070,Quy trình & V.Liệu trong CNXLN,3,0
320071,"H.Chất,Polymer &VL trong QTXLN",3,0
320072,KT & vận hành nhà máy XLN,3,0
320073,Công nghệ in phun,3,30
320074,Packaging 1,3,0
320075,Packaging 2,3,0
320076,Đồ án tốt nghiệp (HH),10,0
320077,Hoá học và hoá lý polymer,4,0
320078,Hoá học và HL polymer LH 1,4,0
320079,Hoá học và HL polymer LH 2,3,0
320080,Quá trình và TB trong CNHH,2,0
320081,Đồ án quá trình &TB trong CNHH,2,0
320082,Thực tập thực tế 3,2,0
320083,Organic & Printed electronics,2,0
320084,Tính chất HL của VL Nano,3,0
320085,Cơ sở TK máy và TB hoá học,2,0
320086,Ứng dụng tin học trong CNHH,3,0
320087,CN tạo hình 2 chiều & 3 chiều,3,0
320088,Ứng dụng VL PHSH từ sinh khối,3,0
320089,Cơ sở T.Kế nhà máy hoá chất,2,0
320090,Hoá học xanh,2,0
320091,Quản lý chất lượng (HH),2,30
320092,Hoá vô cơ 2,3,30
320093,Co-op 1,9,0
320094,Hoá lý 2,2,0
320095,Thực hành hoá lý 2,2,0
320096,Hoá phân tích 2,2,30
320097,Thực hành hoá phân tích 2,2,0
320098,Ứng dụng tin học trong CNHH,2,15
320099,Phân tích công cụ 1,2,0
320100,Thực hành phân tích công cụ 1,2,0
320101,Chính sách &QL T.nguyên nước 1,2,0
320102,Chính sách &QL T.nguyên nước 2,2,0
320103,Phân tích công cụ 2,2,0
320104,Thực hành phân tích công cụ 2,2,0
320105,Hoá học và hoá lý polymer,2,0
320106,Packaging 1,2,0
320107,Vật liệu và CN xử lý nước 1,2,0
320108,"Hoá học, polymer &VL XL nước 1",3,0
320109,Vật liệu in,3,0
320110,Dây chuyền SX bản in offset,2,0
320111,Tính chất HL của vật liệu nano,3,30
320112,Hoá học nano,2,30
320113,Packaging 2,2,0
320114,Lý thuyết màu & PC hình ảnh,2,0
320115,Vật liệu và CN xử lý nước 2,2,0
320116,"Hoá học, polymer &VL XL nước 2",2,0
320117,Vận hành nhà máy xử lý nước 1,2,0
320118,Vận hành nhà máy xử lý nước 2,4,0
320119,TH trên DC SX bản in offset,2,0
320120,Cơ sở kỹ thuật chế bản,2,0
320121,Kỹ thuật chế bản,2,0
320122,Công nghệ in phun,4,45
320123,Màng mỏng và vật liệu nano,2,0
320124,Tổng hợp vật liệu nano,2,0
320125,UD của VLNN trong màng mỏng,2,0
320126,Ứng dụng của vật liệu nano,4,0
320127,Thực tập thực tế 3,8,0
320128,Thực tập co-op 3,8,0
320129,Thiết kế đồ hoạ,3,15
320130,Thực tập thực tế 2,8,0
320131,Thực tập co-op 2,8,0
320132,Hoá vô cơ 2,2,0
320133,Thực hành hoá vô cơ 2,2,0
320134,Hoá hữu cơ 2,2,30
320135,Thực hành hoá hữu cơ 2,2,0
320136,Thực tập thực tế 1,8,0
320137,Thực tập co-op 1,8,0
320138,Hoá hữu cơ 1,2,0
320139,Thực hành hoá hữu cơ 1,2,0
320140,Hoá phân tích 1,2,30
320141,Thực hành hoá phân tích 1,2,0
320142,Thực tập thực tế 4,4,0
320143,Thực tập co-op 3,4,0
320144,Thực tập co-op 4,4,0
320145,Thực tập thực tế 5,4,0
320146,Thực tập thực tế 6,4,0
320147,Thực tập co-op 5,4,0
320148,Thực tập co-op 6,4,0
320149,Hoá lý 1,2,0
320150,Thực hành hoá lý 1,2,0
320151,Vẽ kỹ thuật,3,0
320152,Thực tập thực tế 1,4,0
320153,Thực tập thực tế 2,4,0
320154,Thực tập co-op 1,4,0
320155,Thực tập co-op 2,4,0
320156,Thực tập thực tế 3,4,0
320157,Hoá học vô cơ I,2,0
320158,TH Hoá học vô cơ I,2,0
320159,Vẽ kỹ thuật (AutoCAD),3,0
320160,Hóa học vô cơ 1,3,45
320161,Thực hành hóa học vô cơ 1,1,0
320162,Hóa học vô cơ 2,3,45
320163,Thực hành hóa học vô cơ 2,1,0
320164,Hóa học hữu cơ 1,3,45
320165,Thực hành Hóa học hữu cơ 1,1,0
320166,Hóa học hữu cơ 2,2,30
320167,Thực hành Hóa học hữu cơ 2,2,0
320168,Hóa phân tích 1,3,0
320169,Thực hành Hóa phân tích 1,1,0
320170,Phân tích công cụ 1,3,0
320171,Thực hành Phân tích công cụ 1,1,0
320172,Công nghệ in,2,0
320173,Vật liệu và công nghệ xử lý nước,2,0
320174,Vật liệu in,2,0
320175,Dây chuyền sản xuất bản in offset,3,15
320176,Hóa phân tích 2,3,0
320177,Thực hành Hóa phân tích 2,1,0
320178,Packaging (bao bì),3,30
320179,Vẽ kỹ thuật,3,15
320180,Kỹ thuật chế bản,2,0
320181,Phân tích công cụ 2,3,0
320182,Thực hành Phân tích công cụ 2,1,0
320183,Chính sách và quản lý tài nguyên nước,2,0
320184,Vận hành nhà máy xử lý nước,2,0
320185,Công nghệ in phun,2,0
320186,Ứng dụng của vật liệu nano,2,15
320187,Đồ án tốt nghiệp,7,0
320188,Truyền khối,2,15
320189,Kỹ thuật xử lý nước cấp,3,0
320190,Kỹ thuật xử lý nước thải,3,45
320191,Công nghệ xử lý ảnh kỹ thuật số,3,0
320192,Công nghệ in bao bì,4,0
320193,Công nghệ chế tạo khuôn in,3,0
320194,Hóa học và hóa lý Polymer,3,30
320195,Các phương pháp phân tích vật liệu,3,30
320196,Hóa phân tích,3,45
320197,Thực hành hóa phân tích,2,0
320198,Quá trình thiết bị 1,2,15
320199,Quá trình thiết bị 2,2,15
320200,Thực hành hóa học vô cơ 1,2,0
320201,Thực hành hóa học vô cơ 2,2,0
320202,Các phương pháp phân tích hiện đại,2,0
320203,Thực hành các phương pháp phân tích hiện đại,1,0
320204,Kỹ thuật xử lý nước cấp,2,15
320205,Quản lý tài nguyên nước,2,30
320206,Vật liệu môi trường,3,30
320207,Dinh dưỡng,2,30
320208,Hóa học thực phẩm,2,15
320209,Độc tố học và an toàn thực phẩm,3,45
320210,Thực tập thực tế 1,1,0
320211,Nhập môn hóa dược,2,15
320212,Anh văn chuyên ngành Hóa dược,2,15
320213,Thực vật dược,2,0
320214,Sinh học phân tử và vi sinh,2,15
320215,Hóa lý,2,30
320216,Thực hành Hóa lý,2,0
320217,Hóa lượng tử đại cương,3,0
320218,Hóa dược 1,2,15
320219,Các phương pháp thống kê hóa học,2,15
320220,Vật liệu y sinh,2,15
320221,Điện hóa và Hóa keo,2,15
320222,Các phương pháp phổ nghiệm hữu cơ,2,15
320223,Hóa dược 2,2,15
320224,Dược lý học,2,15
320225,Thực hành Hóa sinh,1,0
320226,Thực tập thực tế,2,0
320227,Hóa học các hợp chất dị vòng,2,30
320228,Xúc tác sinh học,2,30
320229,Kỹ thuật kiểm nghiệm dược,2,15
320230,Thực hành Kỹ thuật kiểm nghiệm dược,1,0
320231,Phản ứng độc hại của thuốc,2,30
320232,Thử nghiệm sinh học,2,30
320233,Thực hành thử nghiệm sinh học,1,0
320234,Tổng hợp hóa dược,2,15
320235,Thực hành tổng hợp hóa dược,1,0
320236,Kỹ thuật bào chế thuốc,2,15
320237,Hóa học và tổng hợp vitamin,2,15
320238,Hóa học các hợp chất cao phân tử,2,15
320239,Công nghiệp dược phẩm,2,30
320240,Nông dược,2,30
320241,Ứng dụng tin học trong Hóa học,2,15
320242,Hóa học kỹ thuật môi trường 2,3,15
320243,"Sức khỏe, an toàn và vệ sinh môi trường - HSE",3,15
320244,Hóa kỹ thuật môi trường 1,3,15
320245,Autocad – Kỹ thuật môi trường 1,2,15
320246,Hóa kỹ thuật môi trường 2,3,15
320247,Sinh hóa kỹ thuật môi trường,3,15
320248,Vi sinh kỹ thuật môi trường,3,15
320249,Độc học và sức khỏe môi trường,3,15
320250,Autocad – Kỹ thuật môi trường 2,2,0
320251,Kỹ thuật xử lý nước cấp,3,15
320252,Thống kê phân tích dữ liệu - Statistic,2,15
320253,Kỹ thuật xử lý chất thải rắn,3,15
320254,Kỹ thuật xử lý nước thải,3,15
320255,Đánh giá tác động môi trường,3,15
320256,Thiết bị thủy khí,2,15
320257,Kinh tế môi trường,3,15
320258,Ô nhiễm đất và kỹ thuật phục hồi,3,15
320259,Ứng dụng GIS trong quản lý tài nguyên và môi trường,2,0
320260,Thiết kế cảnh quan môi trường,2,15
320261,Quản lý dự án,2,15
320300,Thực hành hóa học đại cương,2,0
320301,Hóa học vô cơ,2,0
320302,Thực hành hóa học vô cơ,2,0
320303,An toàn quá trình,2,0
320304,Anh văn chuyên ngành,3,15
320305,Hóa học vô cơ 2,2,30
320306,Hóa học hữu cơ 1,2,30
320307,Thực hành hóa học hữu cơ 1,2,0
320308,Các phương pháp phân tích hiện đại,3,45
320309,Môi trường và con người,3,45
320310,Ứng dụng của vật liệu nano,2,30
320311,Các phương pháp phân tích môi trường,2,15
320312,Các phương pháp phân tích vật liệu,3,30
320313,Các phương pháp phân tích thực phẩm,2,15
320314,Hóa học xanh,3,45
320315,Tổng hợp vật liệu nano,3,0
320316,Anh văn chuyên ngành,2,15
320317,Thực tập thực tế 2,2,0
320318,Thực tập thực tế 3,2,0
320319,Bao bì,3,30
320320,Tổng hợp vật liệu nano,2,15
320321,Co-op 3 (KTHP),8,0
320322,Co-op 2 (KTHP),8,0
320323,Co-op 1 (KTHP),8,0
320324,Chuyên đề tốt nghiệp,4,0
320325,Chuyên đề đặc biệt,2,0
320326,Hóa học hữu cơ 2,3,45
320327,Thực hành các phương pháp phân tích hiện đại,2,0
320328,Xử lý mẫu,3,30
320329,Hóa lý 1,2,30
320330,Hóa lý 2,3,45
320331,Hóa lượng tử đại cương,2,0
320332,Hóa học vô cơ,3,45
320333,Pháp luật về sở hữu trí tuệ,2,15
320334,Hóa học các chất hoạt động bề mặt,3,30
320335,Tính chất lý hóa của vật liệu nano,3,30
330000,Sinh học đại cương 1,2,0
330001,TH sinh học đại cương,1,0
330002,Kinh tế nông nghiệp đại cương,2,0
330003,Sinh học đại cương 2,2,30
330004,TH sinh học đại cương 2,1,0
330005,Sinh hoá,2,0
330006,TH Sinh hoá,1,0
330007,Vi sinh đại cương,1,0
330008,TH Vi sinh đại cương,1,0
330009,Di truyền vật nuôi,1,0
33001,Anh Văn Chuyên Ngành Thú Y 1,2,0
330010,Di truyền vật nuôi,2,0
330011,Giống vật nuôi,1,0
330012,TH Giống vật nuôi,1,0
330013,Cơ thể học,1,0
330014,TH Cơ thể học,1,0
330015,Sinh lý vật nuôi,1,0
330016,TH Sinh lý vật nuôi,1,0
330017,Dinh dưỡng vật nuôi,1,0
330018,TH Dinh dưỡng vật nuôi,1,0
330019,Sinh học đại cương,2,0
33002,Anh Văn Chuyên Ngành Thú Y 2,2,30
330020,TH Sinh học đại cương,1,0
330021,Dược lý thú y,1,0
330022,TH Dược lý thú y,1,0
330023,Bệnh ký sinh trùng nâng cao,1,0
330024,TH bệnh ký sinh trùng,1,0
330025,Bệnh truyền nhiễm,1,0
330026,TH Bệnh truyền nhiễm,1,0
330027,Chọn giống vật nuôi,1,0
330028,TH Chọn giống vật nuôi,1,0
330029,Chăn nuôi gia súc nhai lại,1,0
33003,Anh Văn Chuyên Ngành Thú Y 3,2,0
330030,TH Chăn nuôi gia súc nhai lại,1,0
330031,Chăn nuôi heo,1,0
330032,TH Chăn nuôi heo,1,0
330033,Chăn nuôi gia cầm,1,0
330034,TH Chăn nuôi gia cầm,1,0
330035,Sản khoa gia súc nâng cao,1,0
330036,TH Sản khoa gia súc nâng cao,1,0
330037,Nội khoa nâng cao,1,0
330038,TH Nội khoa nâng cao,1,0
330039,Vi sinh thú y,1,15
33004,Bệnh Học Chăn Nuôi,4,0
330040,TH Vi sinh thú y,1,0
330041,Phương pháp viết báo cáo,2,0
330042,Mô phôi,2,15
330043,,1,0
330044,Chẩn đoán,1,0
330045,TH chẩn đoán,1,0
330046,Thực tập tay nghề 1,2,0
330047,Vi sinh chăn nuôi,1,15
330048,TH vi sinh chăn nuôi,1,0
330049,Ngoại khoa,1,0
33005,Dược lý thú y,3,0
330050,Vi sinh chăn nuôi,2,0
330051,Ngoaị khoa,2,0
330052,Nội khoa,2,0
330053,Gieo tinh nhân tạo,2,15
330054,Vệ sinh môi trường chăn nuôi - thú y,2,15
330055,Anh văn chuyên ngành thú y,2,15
330056,Thống kê ứng dụng,2,0
330057,Thức ăn vật nuôi,2,0
330058,Chăn nuôi gia súc nhai lại,2,15
330059,Chăn nuôi heo,2,30
33006,TH Bệnh Học Chăn Nuôi,4,0
330060,Thực hành chăn nuôi heo,1,0
330061,Chăn nuôi gia cầm,2,0
330062,Thực hành chăn nuôi gia cầm,1,0
330063,Chăn nuôi thỏ,2,15
330064,Sản khoa gia súc,2,15
330065,Thực tập tay nghề,2,0
330066,Dược lý thú y nâng cao,2,0
330067,Vi sinh thú y,3,30
330068,Chăn nuôi heo,2,15
330069,Chăn nuôi gia cầm,2,15
33007,Bệnh Học Chăn Nuôi (phần 1),4,0
330070,Anh văn chuyên ngành,2,15
330071,Miễn dịch học,2,0
330072,Chăn nuôi gia súc nhai lại,2,15
330073,"Bệnh chó, mèo",2,15
330074,Gieo tinh nhân tạo,2,0
330075,Chăn nuôi chó mèo,2,15
330076,X-quang - Siêu âm,2,15
330077,Cơ thể học,2,15
330078,Dinh dưỡng vật nuôi,2,15
330079,Sinh lý vật nuôi,3,0
33008,TH Bệnh Học Chăn Nuôi,2,0
330080,TH sinh lý vật nuôi,1,0
330081,Giống vật nuôi,2,0
330082,Chẩn đoán xét nghiệm,2,0
330084,Vệ sinh môi trường CN - TY,3,30
330085,Giải phẩu bệnh lý,3,0
330086,Bệnh ký sinh trùng,2,0
330087,Bệnh truyền nhiễm,3,0
330088,Kiểm nghiệm thú sản,2,15
330089,Khuyến nông,2,15
33009,,6,0
330090,Luật chăn nuôi - thú y,2,0
330091,Tham quan thực tế,1,0
330092,Thực tập tốt nghiệp,5,0
330093,Dược lý thú y nâng cao,1,0
330094,Bệnh dinh dưỡng,2,0
330095,Vệ sinh MT Chăn nuôi - TY,1,0
330096,Thực tập tay nghề 2,2,0
330097,Quản lý sản xuất,2,0
330098,Mô hình kết hợp an toàn sinh học,2,15
330099,Bệnh truyền nhiễm nâng cao,2,0
33010,,6,0
330100,Độc chất học thú y,2,15
330101,Thống kê ứng dụng nâng cao,1,0
330102,Kiểm nghiệm thú sản,3,0
330103,Dịch tễ học,2,0
330104,Thực tập tay nghề 3,2,0
330105,"Bệnh cá, tôm",2,0
330106,Chăn nuôi ong,2,15
330107,Vi sinh trong chăn nuôi,2,15
330108,Chăn nuôi động vật hoang dã,2,15
330109,Pháp luật chuyên ngành,2,0
33011,,6,0
330110,Nội khoa,1,0
330111,TH Nội khoa,1,0
330112,Sản khoa gia súc,1,15
330113,TH Sản khoa gia súc,1,0
330114,Vi sinh thú y,2,30
330115,TH Vi sinh thú y,1,0
330116,Bệnh chó mèo,1,15
330117,TH Bệnh chó mèo,1,0
330118,Bệnh dinh dưỡng,1,0
330119,TH Bệnh dinh dưỡng,1,0
33012,Thú Y Cơ Bản A,6,0
330120,Quản lý sản xuất,1,0
330121,TH Quản lý sản xuất,1,0
330122,TH Ngoại khoa,1,0
330123,Gieo tinh nhân tạo,1,0
330124,TH Gieo tinh nhân tạo,1,0
330125,Bệnh ký sinh trùng,1,0
330126,TH Bệnh ký sinh trùng,1,0
330127,Bệnh truyền nhiễm,2,0
330128,TH Bệnh truyền nhiễm,1,0
330129,Kiểm nghiệm thú sản,1,0
33013,Thú Y Cơ Bản B,5,0
330130,TH Kiểm nghiệm thú sản,1,0
330131,Khuyến nông,1,0
330132,TH Khuyến nông,1,0
330133,Chẩn đoán xét nghiệm,1,0
330134,TH Chẩn đoán xét nghiệm,1,0
330135,Chăn nuôi chó mèo,1,0
330136,TH Chăn nuôi chó mèo,1,0
330137,X-quang - Siêu âm,1,0
330138,TH X-quang - Siêu âm,1,0
330139,Bệnh truyền nhiễm nâng cao,1,0
33014,TH Thụ Tinh Nhân Tạo,1,0
330140,TH Bệnh truyền nhiễm nâng cao,1,0
330141,Kiểm nghiệm thú sản,2,30
330142,Vi sinh trong chăn nuôi,1,0
330143,TH Vi sinh trong chăn nuôi,1,0
330144,Giải phẩi bệnh lý,2,0
330145,TH Giải phẩu bệnh lý,1,0
330146,TH Vệ sinh môi trường CN - TY,1,0
330147,Chăn nuôi động vật hoang dã,1,0
330148,TH Chăn nuôi ĐV hoang dã,1,0
330149,Sinh học đại cương 2,3,30
33015,Thụ Tinh Nhân Tạo B,2,0
330150,Sinh lý vật nuôi nâng cao,2,0
330151,Vi sinh thú y,3,0
330152,Sinh học đại cương,2,15
330153,Hoá học trong thuỷ sản,4,0
330154,Tin học trong thuỷ sản,2,0
330155,Sinh học đại cương 1,3,30
330156,Hoá hữu cơ,4,0
330157,Sinh hoá,3,0
330158,Sinh học đại cương 2,3,0
330159,Sinh học đại cương,3,30
33016,Thực Tập Dã Ngoại (Thú Y),14,0
330160,Vi sinh thú y,2,0
330161,Luật & chính sách PT thuỷ sản,2,0
330162,Dược lý thú y,2,0
330163,Dược lý thú y,2,15
330164,Sinh lý vật nuôi,2,0
330165,Sinh lý vật nuôi,4,0
330166,Dược lý thú y,3,30
330167,Nội khoa,3,0
330168,Ngoại khoa,2,0
330169,Thức ăn vật nuôi,2,0
33017,Bệnh Học Chăn Nuôi (Phần 2),4,0
330170,Bệnh truyền nhiễm,4,0
330171,Dược lý thú y nâng cao,2,0
330172,Chẩn đoán,2,0
330173,Bệnh truyền nhiễm,2,0
330174,Thống kê ứng dụng,1,0
330175,Tiểu luận tốt nghiệp,3,0
330178,Tiểu luận tốt nghiệp,6,0
330179,Thống kê ứng dụng,3,30
33018,TH Thụ Tinh Nhân Tạo,3,0
330180,Bệnh ký sinh trùng,3,0
330181,Sản khoa gia súc,3,0
330182,Sinh học đại cương 1,2,0
330183,Sinh học đại cương 2,2,0
330184,Sinh học phân tử,2,0
330185,Quản lý dịch bệnh (TY),2,15
330186,Đồ án tốt nghiệp,5,0
330187,Dinh dưỡng vật nuôi,2,0
330188,Chẩn đoán bệnh thú y,2,0
330189,Bệnh truyền nhiễm thú y,3,0
33019,TH Dinh Dưỡng Và Thức Ăn,1,0
330190,Bệnh nội khoa thú y,2,15
330191,Pháp luật chuyên ngành (TY),2,0
330192,Sinh lý động vật,2,0
330194,Ngoại khoa thú y,2,15
330195,Tổ chức và phôi thai học,2,15
330196,Sinh lý động vật,4,0
330197,Miễn dịch học thú y,2,0
330198,Văn hoá đạo đức trong KD,2,0
330199,Chẩn đoán bệnh thú y,3,30
33020,Trồng Trọt Đại Cương,2,0
330200,Bệnh nội khoa thú y,3,30
330201,Bệnh truyền nhiễm thú y,4,0
330202,Ký sinh trùng và bệnh ký sinh trùng thú y,3,30
330203,Dịch tễ học thú y,2,15
330204,Thực tập tốt nghiệp (TY),3,0
330205,Đồ án tốt nghiệp (TY),7,0
330206,Dinh dưỡng động vật,2,15
330207,Khởi tạo doanh nghiệp,2,30
330208,Cơ thể học,3,0
330209,Sinh lý động vật,3,30
33021,TH Ngoại Khoa,1,0
330210,Vi sinh thú y,4,0
330211,Giống vật nuôi,3,0
330212,Di truyền vật nuôi,3,0
330213,Dinh dưỡng động vật,3,30
330214,Ngoại khoa thú y,3,0
330215,Chăn nuôi thỏ,2,0
330216,Vệ sinh MT chăn nuôi - thú y,2,0
330217,Ký sinh trùng và bệnh ký sinh trùng thú y,2,0
330218,Thực tập tốt nghiệp (TY),5,0
330219,Đồ án tốt nghiệp (TY),5,0
33022,TH Nội Khoa,1,0
330220,Co-op 1 (TY),3,0
330221,Co-op 2 (TY),3,0
330222,Co-op 3 (TY),3,0
330223,Co-op 4 (TY),3,0
330224,Co-op 5 (TY),3,0
330225,Co-op 6 (TY),3,0
330226,Co-op 7 (TY),3,0
330227,Co-op 8 (TY),3,0
330228,Sinh học phân tử,3,30
330229,Thực tập tay nghề 1,4,0
33023,Độc Chất Học,3,0
330230,Bệnh động vật hoang dã,2,0
330231,Thực tập tay nghề 2,4,0
330232,Giải phẫu bệnh lý,2,0
330233,Công nghệ sinh học,2,15
330234,Biến đổi khí hậu trong chăn nuôi,2,0
330235,Thực tập tay nghề,4,0
330236,Bệnh cá tôm,2,15
330237,An toàn vệ sinh thực phẩm,2,15
330238,Bệnh truyền lây từ động vật sang người,2,0
330239,Quản lý dịch bệnh,2,30
33024,Thực Tập Thực Tế 1,1,0
330240,Sinh lý bệnh,3,0
330241,Chăn nuôi động vật thí nghiệm,2,15
330242,Bảo vệ quyền lợi động vật,2,15
330243,Dược liệu,2,15
330244,Thực tập thực tế,1,0
330245,Co-op 1 (KTHP),6,0
330246,Co-op 2 (KTHP),6,0
330247,Co-op 3 (KTHP),6,0
330248,Co-op 4 (KTHP),6,0
330249,Ký sinh trùng và bệnh ký sinh trùng,3,30
33025,Thực Tập Thực Tế 2,2,0
330250,Thú y cơ bản,2,0
330251,Thiết bị và dụng cụ chăn nuôi,2,15
330252,Công nghệ sinh học động vật,2,15
330253,Chuỗi giá trị trong chăn nuôi,2,0
330254,Sinh lý tiêu hóa hấp thu,2,0
330255,Quản lý chất thải trong chăn nuôi,2,0
330256,Công nghệ xây dựng chuồng trại,2,0
330257,Dược lý cơ bản,2,0
330258,Vệ sinh an toàn thực phẩm,2,15
330259,Chẩn đoán bệnh đại cương,2,15
33026,Thực Tập Thực Tế 3,2,0
330260,Anh văn chuyên ngành,2,0
330261,Chế biến đại cương,2,0
330262,Kiểm dịch động vật,2,0
330263,Bệnh truyền nhiễm thú y,2,0
330264,Độc chất học,2,0
330265,Quản lý hệ thống chăn nuôi hiện đại,2,0
330266,Chăn nuôi và bệnh động vật cảnh,3,30
330267,Thực tập tay nghề 2,5,0
330268,Thực tập tay nghề 3,5,0
330269,Tế bào học đại cương,2,0
33027,Thực Tập Thực Tế 4,2,0
330270,Mô học đại cương,2,15
330271,Thực tập tay nghề 2,3,0
330272,Vi sinh trong chăn nuôi - thú y,2,0
330273,Thực tập tay nghề 3,3,0
330274,Field trip: Tham quan và định hướng nghề nghiệp,1,0
330275,Co-op 1: Định hướng nghề nghiệp thú y,6,0
330276,Co-op 2: Chẩn đoán và điều trị gia súc độc vi,6,0
330277,Co-op 3: Chẩn đoán và điều trị gia súc nhai lại,6,0
330278,Co-op 4: Thực tập tốt nghiệp,6,0
330279,Luật Thú y,2,15
33028,Kiểm Soát Giết Mổ,2,30
330280,Thống kê và bố trí thí nghiệm,2,15
330281,Quản lý sản xuất và an toàn lao động,2,15
330282,Chuyên đề về gia súc độc vị,4,0
330283,Chuyên đề về gia súc đa vị,4,0
330285,Sinh hoạt học thuật,3,0
330286,Sinh học động vật,2,15
330287,Di truyền và chọn giống động vật,3,0
330288,Chiến lược kinh doanh trong chăn nuôi - thú y,2,0
330289,Giải phẫu bệnh lý thú y,3,30
33029,TH Bệnh Học Chăn Nuôi (Phần 2),2,0
330290,Co-op 1: Thực tập Thú y cơ bản,6,0
330291,Co-op 2: Thực tập Thú y chuyên ngành,6,0
330292,Sinh lý bệnh thú y,3,30
330293,Báo cáo chuyên đề,2,0
330294,Tập tính động vật,2,15
330295,Bệnh truyền nhiễm trên gia súc,2,15
330296,Nội khoa thú y 1,2,0
330297,Chẩn đoán hình ảnh,2,0
330298,Co-op 3: Thực tập Thú y nâng cao,6,0
330299,Trữ đông tinh trùng,2,15
33030,TH Kiểm Soát Giết Mổ,1,0
330300,Bệnh truyền nhiễm trên gia cầm,2,15
330301,Nội khoa thú y 2,2,0
330302,Co-op 4: Thực tập thú y tổng hợp,6,0
330303,Thức ăn chăn nuôi,2,15
330304,Chuẩn đoán hình ảnh,2,0
330305,Bệnh truyền lây giữa động vật và người,2,15
330306,Chuyên đề hỗ trợ phát triển cộng đồng,4,30
330307,Miễn dịch học thú y,2,15
330308,Co-op 1: Thực tập Thú y cơ sở,6,0
330309,Quản trị kinh doanh trong chăn nuôi thú y,2,15
33031,Chăn Nuôi Gia Cầm,2,0
330310,Thống kê ứng dụng thú y,2,15
330311,Chẩn đoán hình ảnh thú y,2,15
330312,Chuyên đề lĩnh vực thú y,2,30
330313,Biến đổi khí hậu trong chăn nuôi thú y,2,15
330314,Bệnh dinh dưỡng động vật,2,15
330315,Co-op 1: Thực tập Thú y cơ sở,4,0
33032,TH Chăn Nuôi Gia Cầm,1,0
33033,Bệnh Học Chăn Nuôi,3,0
33034,Phương Pháp Viết Báo Cáo,1,0
33035,TH Thụ Tinh Nhân Tạo,1,0
33036,Chăn Nuôi Heo,3,0
33037,TH Chăn Nuôi Heo,2,0
33038,Kiểm soát giết mổ,3,0
33039,Dược Lý thú Y,2,0
33040,Thực Tập Tốt Nghiệp TY,10,0
33041,Bệnh Học Chăn Nuôi Phần 1,2,0
33042,TH Bệnh Học Chăn Nuôi Phần 1,2,0
33043,TH Bệnh Học Chăn Nuôi Phần 2,2,0
33044,Bệnh Học Chăn Nuôi Phần 2,2,0
33045,Dược Lý Thú Y,3,0
33046,Phương Pháp Viết Báo Cáo,2,0
33047,TH Phương Pháp Viết Báo Cáo,1,0
33048,Bệnh Truyền Nhiểm,1,0
33049,Sinh lý động vật,3,0
33050,Vi sinh thú y,4,0
33051,Giống vật nuôi,3,0
33052,Di truyền vật nuôi,3,0
33053,Dinh dưỡng động vật,3,0
33054,Ngoại khoa thú y,3,30
33055,Bệnh nội khoa thú y,3,0
33056,Ký sinh trùng & bệnh KST thú y,3,0
33057,Pháp luật chuyên ngành,2,0
33058,Gieo tinh nhân tạo,3,0
33059,Bệnh truyền nhiễm thú y,4,0
33060,Kiểm nghiệm thú sản,3,30
33061,Sản khoa gia súc,3,0
33062,Chăn nuôi heo,3,0
33063,Chăn nuôi gia cầm,3,0
33064,Chăn nuôi gia súc nhai lại,3,0
33065,Phương pháp viết báo cáo,2,15
33066,Tham quan thực tế,1,0
33067,Thực tập tay nghề 1,4,0
33068,Khởi tạo doanh nghiệp,2,0
33069,Thực tập tay nghề 2,4,0
33070,Thực tập tốt nghiệp,8,0
33071,Cơ sở ngành (Dược lý thú y),2,0
340000,Hệ thống nông nghiệp,3,30
340001,Kinh tế phát triển nông thôn,2,0
340002,Trồng trọt đại cương,2,0
340003,TH Trồng trọt đại cương,1,0
340004,Xã hội học nông thôn,2,15
340005,Đánh giá nông thôn,3,0
340006,Chăn nuôi đại cương,2,0
340007,TH Chăn nuôi đại cương,1,0
340008,Thủy sản đại cuơng,2,0
340009,TH Thủy sản đại cương,1,0
34001,Anh Văn Chuyên Ngành BVTV 1,2,0
340010,Tài chính và TD nông thôn,3,0
340011,Nguyên lý phát triển nông thôn,2,0
340012,Kế hoạch phát triển nông thôn,3,0
340013,CS và tác động của CS đến ĐSNT,3,0
340014,Cây lương thực,3,30
340015,Chăn nuôi gia cầm,3,0
340016,Chăn nuôi heo,3,30
340017,Phì nhiêu đất và phân bón,3,0
340018,Chăn nuôi gia súc nhai lại,3,0
340019,Vấn đề về giới trong PTNN,2,0
34002,Anh Văn Chuyên Ngành BVTV 2,2,30
340020,Cây ăn trái,3,30
340021,Marketing trong nông nghiệp,2,0
340022,Kế toán DN nông nghiệp,2,0
340023,Luật ứng dụng trong PTNT,2,0
340024,Tổ chức và PT cộng đồng,3,0
340025,Thương mại trong nông nghiệp,3,0
340026,IPM trong bảo vệ thực vật,3,30
340027,Sinh lý thực vật,2,0
340028,TH Sinh lý thực vật,2,0
340029,Cây công nghiệp,2,0
34003,Anh Văn Chuyên Ngành BVTV 3,2,0
340030,TH Cây công nghiệp,2,0
340031,Cây rau,2,0
340032,TH Cây rau,2,0
340033,Khuyến nông,2,0
340034,TH Khuyến nông,1,0
340035,Quản lý cỏ dại,2,0
340036,Chăn nuôi đại cương,3,30
340037,Cây lương thực - Cây màu,4,0
340038,Thực tập kỹ năng trồng trọt,4,0
340039,Cây ăn trái,4,0
34004,Sản Xuất Cây Trồng Đại Cương,6,45
340040,Sâu hại cây trồng,4,0
340041,Bệnh hại cây trồng,4,0
340042,Thuốc bảo vệ thực vật,4,0
340043,"TT tại địa bàn sản xuất(ĐR,TT)",3,0
340044,Thực tập tốt nghiệp,5,0
340045,Pháp luật chuyên ngành (TT),2,30
340046,Sinh lý thực vật,3,30
340047,Vi sinh đại cương,3,0
340048,Trồng trọt đại cương,3,0
340049,Cây công nghiệp,4,0
34005,Chọn Địa Điểm Nuôi Trồng,3,0
340050,Cây rau,4,0
340051,Khuyến nông,3,30
340052,Cỏ dại,2,15
340053,Cây lương thực,4,0
340054,Thực tập kỹ năng trồng trọt,3,0
340055,Chính sách phát triển NT,3,0
340056,Cây rau,3,0
340057,Thuốc bảo vệ thực vật,3,0
340058,Pháp luật chuyên ngành (PTNT),2,30
34006,,5,0
340067,Thuỷ sản đại cương,3,0
340068,Hệ thống nông nghiệp,2,15
340069,Quản lý đất,3,0
34007,Trồng Trọt Đại Cương,7,0
340070,Giới và phát triển,2,15
340071,Kinh tế nông thôn,2,0
340072,Trồng trọt đại cương,2,15
340073,Thủy sản đại cương,3,0
340074,Kinh tế học đại cương,3,0
340075,Đánh giá nông thôn,2,15
340076,Quản trị kinh doanh nông nghệp,2,0
340077,Phân tích chuỗi giá trị,2,15
340078,Kinh tế tài nguyên,2,0
340079,Xã hội học nông thôn,2,0
34008,Cây Ăn Trái,4,0
340080,Thống kê kinh tế - xã hội,3,0
340081,Kinh tế nông nghiệp và PTNT,2,0
340082,Chiến lược và kế hoạch PT,3,30
340083,Công tác xã hội trong PTNT,2,0
340084,Quản lý nông trại,2,0
340085,Phân bón,2,0
340086,Bảo vệ thực vật,2,0
340087,Biến đổi khí hậu và khả năng ứng phó,2,15
340088,Cây rau màu,3,30
340089,Quản lý KT hộ/trang trại/tổ ht,4,0
34009,Cây Công Nghiệp,3,0
340090,Kỹ năng hỗ trợ nghề nghiệp,2,0
340091,Cây công nghiệp,3,30
340092,Tham gia và lãnh đạo nông thôn,3,0
340093,Chọn giống cây trồng,3,30
340094,Thực tập tốt nghiệp,2,0
340095,Cây ăn quả,4,0
340096,Côn trùng nông nghiệp,4,0
340097,"TT tại địa bàn SX (đ.ruộng,TT)",3,0
340098,Phát triển nông thôn,2,0
340099,Văn hoá Nông thôn,2,0
34010,Cây Lương Thực - Cây Màu,4,0
340100,Thuỷ nông đại cương,2,0
340101,Tham gia và lãnh đạo nông thôn,2,0
340102,Thuỷ sản đại cương,2,0
340103,Cây rau - màu,4,0
340104,Cây lương thực,2,15
340105,Thuốc bảo vệ thực vật,2,15
340106,Phương pháp TN đồng ruộng,2,0
340107,Nông nghiệp đại cương,3,0
340108,Di truyền thực vật,3,30
340109,Thực vật học,2,15
34011,Cây Rau,5,0
340110,Vi sinh vật đại cương,2,15
340111,Thống kê kinh tế xã hội,2,0
340112,Phát triển cộng đồng,3,0
340113,Thực tập thực tế 2,3,0
340114,Quản trị Marketing,3,0
340115,Thẩm định và đánh giá dự án,2,0
340116,Phát triển cộng đồng,2,0
340117,Marketing nông nghiệp,2,0
340118,Chăn nuôi đại cương,2,0
340119,Sinh thái và môi trường,2,15
34012,IPM Trong Bảo Vệ Thực Vật,2,0
340120,Cây ăn quả,2,0
340121,Cây công nghiệp,2,15
340122,Công tác XH trong PTNT,2,30
340123,Chính sách phát triển NT,2,0
340124,Anh văn chuyên ngành (NN),2,0
340125,Cây rau,2,15
340126,Kỹ thuật nuôi và SX giống tôm,2,0
340127,Thống kê - bố trí thí nghiệm,3,0
340128,Thổ nhưỡng,2,15
340129,Côn trùng nông nghiệp,3,30
34013,Khoa Học Đất,3,0
340130,Hệ sinh thái nông nghiệp,2,15
340131,Bệnh cây trồng,3,0
340132,Chọn giống cây trồng,2,15
340133,Quản lý dịch hại tổng hợp(IPM),2,0
340134,Nấm ăn,2,15
340135,Quản lý công nghệ & SX STH,2,15
340136,Nuôi cấy mô thực vật,2,15
340137,Xử lý ra hoa,2,15
340138,Quản lý dự án phát triển,3,0
340139,Quản trị học,2,15
34014,Sinh Lý Cây Trồng,3,0
340140,Phát triển cộng đồng,2,15
340141,Phương pháp khuyến nông,2,0
340142,Cây màu,2,0
340143,Nghiên cứu PT nông thôn,2,0
340144,Thực tập thực tế (PT),2,0
340145,IPM trong bảo vệ thực vật,2,0
340146,Thực tập tốt nghiệp (PT),3,0
340147,Khoá luận tốt nghiệp (PT),5,0
340148,Qui hoạch phát triển nông thôn,2,0
340149,Quản trị kinh doanh NN,3,0
34015,Bệnh Cây Trồng,3,0
340150,Thực tập tốt nghiệp (NN),3,0
340151,Luận văn tốt nghiệp (NN),7,0
340152,Cây ăn quả,3,0
340153,Côn trùng nông nghiệp,3,0
340154,Bệnh hại cây trồng,3,0
340155,Giống cây trồng,3,15
340156,Thực tập tốt nghiệp,5,0
340157,Thi tốt nghiệp,4,0
340158,Kế toán doanh nghiệp n.nghiệp,2,15
340159,Quản lý đất,2,0
34016,TH Cây Ăn Trái,4,0
340160,Tài chính và tín dụng n.thôn,2,0
340161,Thực hành nông nghiệp tốt(GAP),2,0
340162,Cơ khí nông nghiệp - CNSTH,2,0
340163,Anh văn chuyên ngành,2,15
340164,Tiểu luận tốt nghiệp (PT),3,0
340165,Cơ khí nông nghiệp,2,15
340166,Công nghệ sau thu hoạch,2,0
340167,Pháp luật trong PTNT,2,30
340168,Thực tập thực tế 2 (PT),2,0
340169,Chăn nuôi gia súc,2,0
34017,TH Cây Công Nghiệp,4,0
340170,"Hoa, cây cảnh và TK cảnh quan",2,0
340171,Sản xuất cây trồng sạch,2,0
340172,Nông nghiệp sạch và bền vững,2,0
340173,Cơ khí NN-CNSTH,2,0
340174,Quản trị kinh doanh NN,2,15
340175,Thủy nông đại cương,2,0
340176,Thực hành nông nghiệp tốt(GAP),2,0
340177,Phì nhiêu đất và phân bón,2,15
340178,Giới và phát triển,2,0
340179,Kinh tế nông thôn,2,0
34018,,6,0
340180,Vi sinh trong nông nghiệp,2,0
340181,Thực tập thực tế,4,0
340182,Khoá luận tốt nghiệp (NN),7,0
340183,Bệnh hại cây trồng,3,30
340184,Thủy nông đại cương,2,15
340185,Thủy sản đại cương,2,0
340186,Kinh tế nông nghiệp,2,15
340187,Phát triển nông thôn,2,0
340188,Bảo quản nông sản,2,15
340189,Sinh hóa,2,15
34019,TH Bệnh Cây Trồng,2,0
340190,Hệ thống thông tin địa lý,2,0
340191,Di truyền thực vật,2,0
340192,Xây dựng và quản lý dự án,2,15
340193,Cây rau - màu,2,0
340194,Cây ăn trái,2,15
340195,Chính sách phát triển nông nghiệp nông thôn,2,0
340196,Thực tập cơ sở,4,0
340197,Nuôi cấy mô thực vật,3,0
340198,Quy hoạch phát triển nông nghiệp nông thôn,2,0
340199,Thực tập cơ sở,3,0
34020,TH Độ Phì Và Phân Bón,2,0
340200,Quản lý trang trại,2,0
340201,Nông nghiệp sạch và bền vững,2,15
340202,Xây dựng và quản lý dự án,3,30
340203,Côn trùng nông nghiệp,2,0
340204,Sản xuất nông nghiệp thông minh,2,0
340205,Xây dựng và đánh giá dự án nông nghiệp,3,0
340206,Chuyên đề: Cây ăn trái,3,0
340207,Chuyên đề: Cây công nghiệp dài ngày,3,15
340208,Cảm biến và điều khiển ứng dụng trong nông nghiệp,2,15
340209,Marketing nông nghiệp,2,15
34021,,8,0
340210,Chuyên đề: Cây lúa,3,15
340211,Chuyên đề: Cây rau,3,0
340212,Thực tập giáo trình,2,0
340213,Bảo quản nông sản sau thu hoạch,2,15
340214,Chuyên đề 1: Quản lý kinh tế hộ,3,0
340215,Chuyên đề 2: Quản lý nông trại,3,0
340216,Chuyên đề 3: Xây dựng dự án hỗ trợ phát triển sản xuất cây trồng,3,15
340217,Chuyên đề 4: Xây dựng nông thôn mới,3,0
340218,Thực tập định hướng,2,0
340219,Vi sinh vật trong nông nghiệp,2,15
34022,TH Giáo Trình,3,0
340220,Hoa và cây kiểng,2,15
340221,Co-op 1: thực tập thực tế 1,8,0
340222,Co-op 2: thực tập thực tế 2,8,0
340223,Co-op 3: thực tập tốt nghiệp,8,0
340224,Quản lý các trở ngại trong đất,2,15
340225,Cây dược liệu,2,15
340226,Phì nhiêu và phân bón,2,0
340227,Hóa học,3,0
340228,Đất và phân bón,3,30
340229,Tưới tiêu,2,15
34023,TH Cây Rau,6,0
340230,Kỹ năng giao tiếp trong nông nghiệp,2,15
340231,Côn trùng đại cương,2,15
340232,Bệnh cây đại cương,2,15
340233,Công nghệ sinh học trong BVTV,2,15
340234,Công nghệ sinh thái trong BVTV,2,15
340235,Sinh lý stress thực vật,2,15
340236,Tâm lý quản lý và nghệ thuật lãnh đạo,2,15
340237,Phương pháp giám định côn trùng hại cây trồng,2,15
340238,Phương pháp giám định bệnh hại cây trồng,2,15
340239,Thực tập cơ sở 1 (Tại cơ quan/DN: Co-op 1),8,0
34024,Thực Tập Dã Ngoại (BVTV),10,0
340240,Bệnh cây chuyên khoa,2,15
340241,Côn trùng chuyên khoa,2,15
340242,Động vật gây hại cây trồng,2,15
340243,Hóa bảo vệ thực vật,3,30
340244,Sản xuất nông nghiệp công nghệ cao,2,15
340245,Phòng trừ sinh học côn trùng,2,15
340246,Phòng trừ sinh học bệnh cây trồng,2,15
340247,Tuyến trùng nông nghiệp,2,15
340248,Thực tập cơ sở 2 (Tại cơ quan/DN: Co-op 2),8,0
340249,Bệnh hại sau thu hoạch,2,15
34025,Trồng Trọt Đại Cương,3,0
340250,Vi khuẩn và Virus gây hại thực vật ,2,15
340251,Luật bảo vệ và Kiểm dịch thực vật,2,30
340252,Sản xuất cây trồng sạch,3,30
340253, Thực tập cơ sở 3 (Tại cơ quan/DN: Co-op 3),8,0
340254,Kỹ thuật IoTs và ứng dụng,2,15
340255,Chuyên đề Quản lý nông trại,3,30
340256, Chuyên đề về bảo vệ thực vật,3,30
340257,Nhập môn bảo vệ thực vật,2,15
34026,,3,0
34027,Độ Phì Và Phân Bón,3,0
34028,Sâu Hại Cây Trồng,3,0
34029,TH Sâu Hại Cây Trồng,2,0
34030,Bảo Vệ Thực Vật,3,0
34031,TH Bảo Vệ Thực Vật,2,0
34032,TH Khoa Học Đất,2,0
34033,Côn Trùng Nông Nghiệp,4,0
34034,Bệnh Hại Cây Trồng,4,30
34035,Sử Dụng Thuốc Bảo Vệ Thực Vật,2,0
34036,Cây Lương Thực - Cây Màu,3,0
34037,TH Cây Lương Thực - Cây Màu,4,0
34038,Hóa Bảo Vệ Thực Vật,3,0
34039,TH Hóa Bảo Vệ Thực Vật,2,0
34040,Kỹ Thuật An Toàn Lao Động,2,0
34041,Sử Dụng Tài Liệu Và Viết B.Cáo,2,0
34042,TH Cây Trồng Đại Cương,3,0
34043,TH Côn Trùng Nông Nghiệp,2,0
34044,TH Sử Dụng Thuốc Bảo Vệ T.Vật,1,0
34045,Sản Xuất Cây Dài Ngày,3,0
34046,Sản Xuất Cây Ngắn Ngày,3,0
34047,Quản Lý Đất,3,0
34048,Quản Lý Nước Trong Sản Xuất NN,3,0
34049,Các Nguyên Tắc Q.Lý NN & T.Sản,4,0
34050,Lâm Nghiệp,4,0
34051,Cây Lương Thực - Cây Màu,5,0
34052,Quản Lý Và Thu Hoạch Cá Tự Nn,5,0
34053,Đánh Giá Nông Thôn,3,0
34054,TH Sản Xuất Cây Ngắn Ngày,2,0
34055,TH Sản Xuất Cây Dài Ngày,2,0
34056,TH Quản Lý Đất,2,0
34057,Nội Khoa,4,45
34058,TH Các Ngtắc Quản lý NN - TS,2,0
34059,TH Chế Biến Nông Sản,3,0
34060,Sản Xuất Cây Trồng Đại Cương,4,0
34061,Quản Lý Vật Nuôi,3,0
34062,Các Nguyên Tắc Quản Lý NNTS,3,0
34063,TH Các Nguyên Tắc Quản Lý NNTS,1,0
34064,Nội Khoa,2,0
34065,TH Nội Khoa,1,0
34066,Sinh Lý Thực Vật,4,60
34067,Khoa Học Đất,0,45
34068,Cây Công Nghiệp,2,0
34069,Cây Ăn Trái,2,0
34070,Rèn Nghề Cây Dài Ngày,10,0
34071,Cây Lương Thực - Cây Màu,2,0
34072,Cây Rau,2,0
34073,Sâu Hại Cây Trồng,2,30
34074,Bệnh Hại Cây Trồng,2,0
34075,Hoá Bảo Vệ Thực Vật,2,30
34076,Rèn Nghề Cây Ngắn Ngày,15,0
34077,Rèn Nghề Bảo Vệ Thực Vật,6,0
34078,Thực Tập Thực Tế,3,0
34079,Côn Trùng Nông Nghiệp,2,0
34080,TH Côn Trùng Nông Nghiệp,2,0
34081,Trồng Trọt Đại Cương,4,0
34082,Quản Lý Nước Trong Sản xuất NN,2,30
34083,TH Quản Lý Nước Trong SX NN,1,0
34084,TH Cây Lương Thực Cây Màu,2,0
34085,Quản Lý Và Thu Hoạch Cá TN,3,0
34086,TH Quản Lý Và Thu Hoạch Cá TN,2,0
34087,Đánh Giá Nhanh Nông Thôn,2,0
34088,TH Đánh Giá Nhanh Nông Thôn,1,0
34089,TH Đánh Giá Nhanh Nông Thôn,2,0
34090,Nội Khoa,3,0
34091,Sử Dụng Thuốc BVTV,1,0
34092,TH Sử Dụng Thuốc BVTV,1,0
34093,Quản Lý Đất,2,0
34094,Thực Tập Tốt Nghiệp,5,0
34095,Sâu Hại Cây Trồng,4,0
34096,Sản Xuất Cây Dài Ngày,2,0
34097,Sản Xuất Cây Ngắn Ngày,2,0
34098,QL và Khai Thác Thủy Sản TN,3,0
34099,Quản Lý Vật Nuôi,2,0
34100,TH Quản Lý Vật Nuôi,1,0
34101,Quản Lý Đất,4,0
34102,Quản Lý Đất,3,0
34103,Sản Xuất Cây Lương Thực C.Màu,3,0
34104,Chế Biến Và Bảo Quản N.Sản,3,0
34105,TH Chế Biến và Bảo Quản N.Sản,3,0
34106,Bệnh Cây Nông Nghiệp,2,0
34107,TH Bệnh Cây Nông Nghiệp,2,0
341077,Chính sách phát triển NT,2,0
341078,Thực vật dược,3,0
34108,TH Chăn Nuôi Gia Súc Nhai Lại,1,0
34109,Thực Tập Thực Tế 1,5,0
34110,Sản Xuất Cây Ăn Quả,3,0
34111,TH Sản Xuất Cây Ăn Quả,2,0
34112,Sản Xuất Cây Lương Thực,2,0
34113,TH Sản Xuất Cây Lương Thực,1,0
34114,Sử Dụng Thuốc Bảo Vệ Thực Vật,1,0
34115,TH Sử Dụng Thuốc Bảo Vệ TV,1,0
34116,Các Nguyên Tắc Quản Lý NNTS,2,0
34117,TH Quản Lý Đất,1,0
34118,Sinh Thái Nông Nghiệp,3,0
34119,TH Sinh Thái Nông Nghiệp,1,0
34120,TH Cây Lương Thực - Cây Màu,3,0
34121,Cây Ăn Trái,3,0
34122,TH Cây Ăn Trái,2,0
34123,Cây Rau,3,45
34124,TH Cây Rau,2,0
34125,Cây Lương Thực - Cây Màu,3,0
34126,TH Cây Công Nghiệp,3,0
34127,Bệnh Hại Cây Trồng,3,0
34128,TH Bệnh Hại Cây Trồng,2,0
34129,TH Hoá Bảo Vệ Thực Vật,1,0
34130,Thực Tập Tốt Nghiệp,16,0
34131,Sinh lý thực vật,3,0
34132,Khuyến nông,2,0
34133,Đất trồng và phân bón,3,0
34134,Vi sinh đại cương,2,0
34135,Giống cây trồng,3,0
34136,Phương pháp thí nghiệm đ.ruộng,2,15
34137,Tổ chức quản lý sản xuất,2,0
34138,Sinh thái nông nghiệp và MT,2,0
34139,Khí tượng nông nghiệp,2,30
34140,Pháp luật chuyên ngành (TRT),2,0
34141,Cây công nghiệp,3,0
34142,Cây lương thực,3,0
34143,Cây ăn quả,3,0
34144,Cây rau - màu,4,0
34145,Thuốc bảo vệ thực vật,3,0
34146,Cỏ dại,2,15
34147,Côn trùng nông nghiệp,4,0
34148,Bệnh hại cây trồng,4,0
34149,Điều tra phát hiện dịch hại CT,2,0
34150,Thực hành nông nghiệp tốt,2,0
34151,Phòng trừ dịch hại tổng hợp,2,15
34152,Công nghệ sản xuất sau TH,2,0
34153,Co-op 1,0,0
34154,Co-op 2,0,0
34155,Co-op 3,0,0
34156,Co-op 4,0,0
34157,Thực tập nghề nghiệp,7,0
34158,Thực tập tốt nghiệp (TRT),10,0
34159,Thực vật,2,30
350000,"Dinh dưỡng và thức ăn tôm, cá",3,0
350001,Bệnh tôm,2,15
350002,Bệnh cá,2,15
350003,Động thực vật thuỷ sinh,2,0
350004,Quản lý môi trường ao nuôi TS,2,0
350005,Chọn địa điểm NT&xây dựng CTTS,1,0
350006,Kỹ thuật sản xuất giống cá,1,0
350007,TH Kỹ thuật sản xuất giống cá,2,0
350008,Kỹ thuật nuôi động vật có VG,2,0
350009,TH Kỹ thuật nuôi ĐV có vỏ giáp,2,0
35001,Anh Văn Chuyên Ngành TS (18th),2,30
350010,Bảo quản sản phẩm thuỷ sản,2,15
350011,KT nuôi & SX giống cá cảnh,3,0
350012,An toàn lao động,2,15
350013,Thực tập thực tế,1,0
350014,Kỹ thuật sản xuất giống tôm,2,30
350015,TH kỹ thuật sx giống tôm CX,2,0
350016,Kỹ thuật nuôi cá,2,30
350017,Thực hành kỹ thuật nuôi cá,2,0
350018,Các nguyên tắc quản lý NNTS,2,15
350019,TH kỹ thuật SX giống tôm sú,2,0
35002,Anh Văn Chuyên Ngành 1,4,0
350020,Phương pháp viết báo cáo,1,0
350021,Thực tập tốt nghiệp,7,0
350022,"Hình thái phân loại tôm, cá,NT",3,0
350023,Cơ khí và XD trong NN,2,0
350024,Kỹ thuật sản xuất giống cá,3,0
350025,Kỹ thuật nuôi TS nước ngọt,2,0
350026,Quản lý dịch bệnh,3,0
350027,Nuôi thức ăn tự nhiên,3,0
350028,Quản lý CL nước trong NTTS,4,30
350029,Kỹ thuật nuôi thuỷ sản nước lợ,2,0
35003,Anh Văn Chuyên Ngành TS 1B,2,0
350030,Quản lý và BV nguồn lợi TS,3,30
350031,Kỹ thuật nuôi thức ăn tự nhiên,2,0
350032,Hình thái phân loại ĐV TS,4,0
350033,KT nuôi & sx giốngTS nước ngọt,2,0
350034,KT nuôi & sx giống TS nước lợ,2,0
350035,Phương pháp NC bệnh trên ĐVTS,3,0
350036,Độc chất học thuỷ vực,3,0
350037,Nuôi thuỷ sản kết hợp,3,0
350038,Tài nguyên sinh vật biển,2,0
350039,Đánh giá tác động MTtrong NTTS,2,0
35004,Anh Văn Chuyên Ngành TS 2,4,60
350040,Quản lý môi trường ao nuôi TS,3,30
350041,Dinh dưỡng và thức ăn TS,3,0
350042,Động thực vật thuỷ sinh,3,30
350043,Đánh giá nhanh nông thôn,3,0
350044,Công trình nuôi trồng TS,1,15
350045,Kỹ thuật nuôi giáp xác và NT,2,0
350046,Kỹ thuật nuôi thức ăn tự nhiên,3,15
350047,KT nuôi & SX GTS nước ngọt,3,0
350048,KT nuôi & SX GTS nước lợ,3,15
350049,Kỹ thuật SX giống cua biển,3,0
35005,Anh Văn Chuyên Ngành TS 2B,2,0
350050,"Kỹ thuật nuôi lưỡng thê,bò sát",2,0
350051,Kỹ thuật SX giống cua biển,1,0
350052,Cơ khí và XD trong thuỷ sản,2,0
350053,Thực hành kỹ thuật nuôi tôm,2,0
350054,TH kỹ thuật sx giống cua biển,2,0
350055,TH kỹ thuật sản xuất giống cá,2,0
350056,Co-op 4,3,0
350057,Co-op 1,3,0
350058,Co-op 2,3,0
350059,Co-op 3,3,0
35006,Anh Văn Chuyên Ngành TS 3,2,0
350060,Co-op 5,3,0
350061,Co-op 6,3,0
350062,Dinh dưỡng và thức ăn TS,3,30
350063,Kỹ thuật SX giống cua biển,3,0
350064,Khuyến ngư,2,15
350065,Công trình nuôi trồng TS,2,0
350066,Bệnh động vật thuỷ sản,4,0
350067,Kỹ thuật nuôi cá,3,0
350068,Kỹ thuật nuôi giáp xác NT,4,0
350069,Nuôi thức ăn tự nhiên,3,15
35007,Anh Văn Chuyên Ngành TS 3B,2,0
350070,Kỹ thuật sản xuất giống cá,2,0
350071,Độc chất học thủy vực,2,15
350072,Tiểu luận tốt nghiệp,2,0
350073,"Kỹ thuật nuôi lưỡng thê,bò sát",3,0
350074,PP nghiên cứu bệnh trên ĐVTS,3,0
350077,Kỹ thuật nuôi &SXG cá cảnh,4,0
350078,Anh văn chuyên ngành (TS),2,0
350079,Kỹ thuật sản xuất giống tôm,4,0
35008,Bảo Quản Và Sơ Chế Sản Phẩm TS,3,0
350080,Thực tập tốt nghiệp (NTTS),2,0
350081,Luận văn tốt nghiệp (NTTS),10,0
350082,Thực tập tốt nghiệp,9,0
350083,Luận văn tốt nghiệp (NNTS),7,0
350084,An toàn lao động,3,0
350085,Luật và chính sách PT thuỷ sản,2,15
350086,Thống kê và thí nghiệm trongTS,2,0
350087,Dinh dưỡng và thức ăn ts,4,0
350088,Công trình và thiết bị nuôi trồng thủy sản,2,30
350089,Tin học ứng dụng trong t.sản,2,0
35009,Bệnh Học Thủy Sản A,6,60
350090,Phương pháp nghiên cứu SH cá,2,0
350091,Thực tập thực tế (TSN),2,0
350092,Bệnh tôm,3,0
350093,Đánh giá tác động môi trường,2,15
350094,Miễn dịch thuỷ sản,2,15
350095,Bệnh cá,3,0
350096,Bảo quản sản phẩm thuỷ sản,3,0
350097,Khuyến ngư,3,0
350098,Tài nguyên sinh vật biển,3,0
350099,Thuốc và hoá chất trong t.sản,3,0
35010,Bệnh Học Thủy Sản,3,0
350100,Kỹ thuật nuôi và SXG cá cảnh,3,0
350101,Thực tập tốt nghiệp(TS),3,0
350102,Ứng dụng vi sinh trong t.sản,2,0
350103,"Co-op 1,2,3",9,0
350104,"Co-op 4,5,6",9,0
350105,Khoá luận tốt nghiệp (TS),5,0
350106,Co-op 7 (KTHP),3,0
350107,Co-op 8 (KTHP),3,0
350109,Co-op 9 (KTHP),3,0
35011,Bệnh Học Thủy Sản,2,0
350110,Thực vật thủy sinh,2,0
350111,Cơ sở ngành (Sinh lý ĐVTS và Sinh thái TSV),3,0
350112,Chuyên ngành (KTSX giống cua biển vàKTSX giống tôm),4,0
350113,Quản lý chất lượng nước trong nuôi trồng thủy sản,3,0
350114,Động vật thủy sinh,2,0
350115,Thống kê và thí nghiệm trong thủy sản,3,15
350116,"Hình thái, phân loại động vật thủy sản",3,30
350117,Công nghệ gen,2,0
350118,Sinh vật chỉ thị,2,15
350119,Nuôi thủy sản kết hợp,2,0
35012,Bệnh Tôm Cá,3,45
350120,Kỹ thuật nuôi và sản xuất giống cá cảnh,3,0
350121,Thực hành kỹ thuật sản xuất giống cua biển,2,0
350122,Thực hành kỹ thuật sản xuất giống tôm càng xanh,2,0
350123,Thực hành kỹ thuật sản xuất giống cá nước ngọt,2,0
350124,Ứng dụng GIS trong nuôi trồng thủy sản,2,0
350125,Thuốc và hóa chất trong thủy sản,2,0
350126,Thực hành kỹ thuật nuôi cá,2,0
350127,Kỹ thuật nuôi và sản xuất giống thủy đặc sản,2,15
350128,Kỹ thuật nuôi giáp xác và thân mềm,2,0
350129,Thực hành kỹ thuật sản xuất giống tôm biển,3,0
35013,TH Chọn Địa Điểm Nuôi Trồng,1,0
350130,Thực hành kỹ thuật nuôi giáp xác và thân mềm,2,0
350131,Thực tập tốt nghiệp,3,0
350132,Miễn dịch thủy sản,2,0
350133,Độc chất học thủy vực,3,0
350134,Kỹ thuật nuôi thức ăn tự nhiên,3,0
350135,Quản lý chất lượng nước trong nuôi trồng TS,3,30
350136,Thực hành kỹ thuật nuôi giáp xác và thân mềm,2,0
350137,"Kỹ thuật nuôi lưỡng thê, bò sát",3,0
350138,Biến đổi khí hậu,2,15
350139,Sinh thái môi trường,2,15
35014,Công Trình & Th.Bị Thủy Sản A,4,0
350140,Cơ và nhiệt đại cương,2,15
350141,"Cơ sở môi trường đất, nước, không khí",2,0
350142,Vi sinh kỹ thuật môi trường,2,15
350143,Hóa kỹ thuật môi trường,3,0
350144,Các phương pháp phân tích môi trường,2,0
350145,Kỹ thuật môi trường đại cương,2,0
350146,Sinh hóa kỹ thuật môi trường,3,0
350147,Kỹ thuật xử lý nước cấp,3,0
350148,Kỹ thuật xử lý nước thải,3,0
350149,Thực tập thực tế,2,0
35015,Công Trình & Th.Bị Thủy Sản B,2,0
350150,Kiểm soát ô nhiễm không khí và tiếng ồn,3,30
350151,An toàn lao động và vệ sinh môi trường công nghiệp,2,0
350152,Độc học và sức khỏe môi trường,3,0
350153,Xử lý môi trường bằng công nghệ vi sinh,3,0
350154,Ô nhiễm đất và kỹ thuật phục hồi,2,0
350155,Đồ án xử lý nước cấp – nước thải,2,0
350156,Toán ứng dụng trong kỹ thuật môi trường,3,0
350157,Quá trình và thiết bị trong kỹ thuật môi trường,2,15
350158,Quan trắc môi trường,2,15
350159,Thủy lực kỹ thuật môi trường,2,15
35016,Dinh Dưỡng Và Thức ăn CN,4,0
350160,Giám sát và quản lý môi trường biển,2,0
350161,Vật liệu môi trường,2,15
350162,Đồ án xử lý chất thải rắn,2,0
350163,Quản lý chất thải rắn và chất thải độc hại,2,15
350164,Công nghệ sạch,2,15
350165,Quản lý và tái sử dụng chất thải hữu cơ,2,15
350166,Thủy văn môi trường,2,15
350167,Kinh tế chất thải,2,15
350168,Quản lý tài nguyên nước,2,15
350169,Năng lượng và môi trường,2,15
35017,Dinh Dưỡng Và Thức ăn B,3,0
350170,Luật và chính sách môi trường,2,30
350171,Anh văn chuyên ngành,2,0
350172,Địa chất môi trường,2,15
350173,Kỹ thuật xử lý chất thải rắn,3,0
350174,Ứng dụng GIS trong quản lý môi trường,2,0
350175,Đồ án xử lý ô nhiễm không khí,2,0
350176,Thực hành phân tích và đánh giá môi trường,2,0
350177,Kỹ thuật môi trường,2,0
350178,Hình họa vẽ kỹ thuật,3,0
350179,Nhập môn thủy sản,2,30
35018,Dinh Dưỡng Và Thức ăn C,4,0
350180,Thực tập nhận thức,1,0
350181,Kỹ thuật nuôi cá,4,30
350182,Công nghệ sinh học ứng dụng trong thủy sản,2,15
350183,Kỹ thuật nuôi giáp xác và thân mềm,4,30
350184,Kỹ thuật sản xuất giống và nuôi tôm càng xanh,3,15
350185,Kỹ thuật sản xuất giống cá,4,30
350186,Quản lý sức khỏe động vật thủy sản,2,30
350187,Kỹ thuật nuôi và sản xuất giống cua biển,2,15
350188,Kỹ thuật sản xuất giống tôm,4,15
350189,Quản lý kinh tế trong thủy sản,2,15
35019,Dinh Dưỡng Và Thức Ăn Tôm Cá,4,30
350190,Khởi nghiệp,2,15
350191,Marketing trong thủy sản,2,15
350192,Thuốc và hóa chất trong thủy sản,2,0
350193,Thực tập thực tế (TS),1,0
350194,Đồ án tốt nghiệp,7,0
350195,Kỹ thuật nuôi và sản xuất giống thủy đặc sản,2,0
350196,Co-op 1 (KTHP),5,0
350197,Co-op 2 (KTHP),5,0
350198,Co-op 3 (KTHP),2,0
350199,Co-op 6 (KTHP),2,0
35020,Chính Sách Chiến Lược PTNT,4,0
350200,Co-op 9 (KTHP),2,0
350201,Thực hành kỹ thuật sản xuất giống tôm biển,2,0
350202,Sinh thái thủy sinh vật,2,0
350203,Anh văn chuyên ngành (TS),2,0
350204,Các nguyên tắc quản lý nông nghiệp - thủy sản,2,0
350205,Quản lý và bảo vệ nguồn lợi thủy sản,2,0
350206,Nuôi thủy sản kết hợp,2,0
350207,Thực tập cuối khóa,3,0
350208,Phương pháp nghiên cứu bệnh trên động vật thủy sản,3,0
350209,Khóa luận tốt nghiệp,5,0
35021,KT Nuôi Cá Nước Ngọt,7,0
350210,Co-op 5 (KTHP),4,0
350211,Co-op 6 (KTHP),4,0
350212,Bảo tồn đa dạng sinh học,2,15
350213,Chuyên đề sản xuất giống và nuôi trồng thủy sản nước ngọt,2,30
350214,"Chuyên đề sản xuất giống và nuôi trồng thủy sản nước lợ, mặn",2,0
350215,Chuyên đề bệnh học thủy sản,2,0
350216,Phương pháp nghiên cứu sinh học cá,3,0
350217,Ứng dụng GIS trong Nuôi trồng thủy sản,3,0
350218,Ứng dụng vi sinh trong thủy sản,3,15
350219,Phương pháp chẩn đoán bệnh trên Động vật thủy sản,3,30
35022,Thực Tập Nuôi Cá,5,0
350220,"Thực tập giáo trình nước lợ, mặn",2,0
350221,Thực tập giáo trình nước ngọt,2,0
350222,Di truyền và chọn giống thủy sản,3,0
350223,Hình họa và vẽ kỹ thuật,3,15
350224,Quản lý chất thải rắn và chất thải nguy hại,2,15
350225,Anh văn chuyên ngành môi trường,2,15
350229,Vi sinh vật học,2,0
35023,KT Nuôi Thủy Sản Nước Ngọt,5,0
350230,Hóa môi trường,2,15
350231,Công nghệ cấp và thoát nước,2,0
350232,Quản lý tài nguyên đất đai,2,0
350233,Công nghệ xử lý nước thải,2,0
350234,"Sức khỏe, an toàn và vệ sinh môi trường - HSE",2,0
350235,Quản lý tài nguyên rừng và biển,2,15
350236,Thủy lực môi trường,2,0
350237,Độc học môi trường,2,0
350238,Quản lý và vận hành công trình xử lý nước thải,2,15
350239,Đồ án xử lý môi trường không khí,2,0
35024,Sản Xuất Giống Tôm,2,0
350240,Quản lý môi trường đô thị và khu công nghiệp,2,15
350241,Quản lý môi trường nông nghiệp nông thôn,2,0
350242,Phương pháp mô hình hóa trong quản lý môi trường,2,15
350243,Động thực vật thủy sinh,3,15
350244,Kỹ thuật nuôi và sản xuất giống cá cảnh,2,15
350245,Luật và chính sách môi trường,2,15
350246,Quản lý và khai thác tài nguyên đất,2,15
350247,Anh văn chuyên ngành 1,3,30
350248,Đánh giá tác động môi trường,3,15
350249,Thống kê phân tích dữ liệu -Statistic,2,15
35025,Sản Xuất Giống Cá,2,0
350250,Thiên tai và quản lý rủi ro,2,15
350251,Ứng dụng GIS trong quản lý tài nguyên và môi trường,2,15
350252,Anh văn chuyên ngành 2,3,15
350253,Kiểm soát ô nhiễm không khí và tiếng ồn,3,15
350254,Quy hoạch môi trường và phát triển vùng,3,30
350255,Hệ thống quản lý chất lượng môi trường,3,30
350256,Thanh tra bảo vệ môi trường,2,15
350257,Quản lý và vận hành thiết bị môi trường,2,15
350258,Quản lý môi trường nông nghiệp và nông thôn,2,15
350259,Bảo tồn và đa dạng sinh học,2,15
35026,"TH Hình Thái PL Tôm, Cá, NT",2,0
35027,KT Nuôi Tôm Cá 2C,5,75
35028,KT Nuôi ĐV Thân Mềm Và Cá Nước,4,30
35029,KT Phân Tích Chất Lượng Nuớc A,4,0
35030,KT Phân Tích Chất Lượng Nước B,2,0
35031,,7,0
35032,,7,45
35033,KT Sản Xuất Giống,4,0
35034,Khuyến Ngư,2,0
35035,Kinh Tế Thủy Sản A,3,30
35036,Kinh Tế Thủy Sản,2,0
35037,KT Nuôi Động Vật Có Vỏ Giáp,7,0
35038,Kỹ Thuật Nuôi Tôm Cá,4,60
35039,Kỹ Thuật Sản Xuất Giống,5,0
35040,,10,0
35041,Ngư Loại A,6,0
35042,"Hình Thái - PL Tôm, Cá, NT",3,0
35043,Chọn Địa Điểm Nuôi Trồng,3,0
35044,Ngư Nghiệp Đại Cương,3,0
35045,Nuôi Thức ăn Tự Nhiên,4,0
35046,PP Thí Nghiệm,2,0
35047,QLý M.Trường Ao Nuôi Thủy Sản,3,30
35048,Sinh Lý Động Vật Thủy Sinh,3,0
35049,Sinh Thái Thủy Sinh Vật,3,0
35050,Thực Tập Sản Xuất Giống Cá,3,0
35051,Kỹ Thuật Nuôi Cá,3,45
35052,TH Kỹ Thuật Nuôi Cá,5,0
35053,Thực Tập Thực Tế,1,0
35054,TH Chuyên Ngành TS 3A,8,0
35055,TH Chuyên Ngành TS 3C,3,0
35056,TH Sinh Hóa Và Ngư Loại,2,0
35057,TH Chuyên Môn Nuôi Tôm Cá,10,0
35058,Thực Tập Cuối Khóa,10,0
35059,TH Thu Mẫu & PT Ch.Lượng Nước,4,0
35060,,3,126
35061,Thống Kê Và Phép Bố Trí TN,4,0
35062,Chọn Địa Điểm NT & XDCT TSản,2,0
35063,,2,0
35064,Động Thực Vật Thủy Sinh,4,0
35065,Động Thực Vật Thủy Sinh B,3,0
35066,Động Thực Vật Thủy Sinh,2,0
35067,Phương Pháp Bố Trí Thí Nghiệm,2,0
35068,TH Chọn Địa Điểm Nuôi Trồng,2,0
35069,Công Trình & Th.bị Thủy Sản C,3,30
35070,,3,0
35071,Sản Xuất Thủy Sản Đại Cương,6,0
35072,Chọn Địa Điểm Nuôi Trồng,5,0
35073,TH Sản Xuất TS Đại Cương,3,0
35074,TH Dinh Dưỡng Và Thức Ăn,2,0
35075,TH Nuôi Động Vật Có Vỏ Giáp,5,0
35076,Ngư Loại,5,0
35077,KT Nuôi Động Vật Có Vỏ Giáp,8,0
35078,KT Nuôi Động Vật Có Vỏ Giáp,3,0
35079,Thực Tập Sản Xuất Thực Tế,19,0
35080,Nuôi Cá Có Vây,3,0
35081,Trại Giống,3,0
35082,TH Bệnh Học Thủy Sản,2,0
35083,Thực Tập Ngư  Loại,2,0
35084,TH Q.Lý M.Trường Ao Nuôi TS,1,0
35085,Nuôi Các Loại Cá Có Vây,3,0
35086,Trại Giống (TS),8,0
35087,Nuôi Lưỡng Thê Bò Sát,4,0
35088,Nuôi Cá Cảnh,2,0
35089,Thực Tập Nuôi Cá Có Vây,5,0
35090,Thực Tập Nuôi Tôm,5,0
35091,TH Bệnh Học Thủy Sản,2,0
35092,TH Dinh Dưỡng Và Thức ăn A,2,0
35093,TH Trại Giống,5,0
35094,TH Sản Xuất Giống Tôm,4,0
35095,TH Nuôi Cá Cảnh,2,0
35096,TH Nuôi Cá Cảnh,1,0
35097,TH KT Nuôi Động Vật Có Võ Giáp,5,0
35098,Kỹ Thuật Sản Xuất Giống Cá,2,0
35099,TH Kỹ Thuật Sản Xuất Giống Cá,3,0
35100,Thống Kê và Phép Bố Trí TN TS,2,0
35101,TH Thống Kê Và Phép BT TN TS,1,0
35102,Kỹ Thuật Sản Xuất Giống Tôm,2,0
35103,TH Kỹ Thuật Sản Xuất Giống Tôm,4,0
35104,Kỹ Thuật Sản Xuất Giống Cua,1,15
35105,TH Kỹ Thuật Sản Xuất Giống Cua,3,0
35106,TH Nuôi Lưỡng Thê Bò Sát,2,0
35107,TH Quản lý và Khai Thác TS TN,1,0
35108,Kỹ Thuật Nuôi Cá,8,0
35109,Bệnh Cá Tôm,4,30
35110,phương Pháp Viết Báo cáo,1,0
35111,Thực Tập Sản Xuất Giống Tôm,3,0
35112,Khuyến Ngư,2,0
35113,TH Khuyến Ngư,1,0
35114,Sản Xuất Thuỷ Sản Đại Cương,3,0
35115,TH Sản Xuất Thuỷ Sản Đại Cương,3,0
35116,Nuôi Lưỡng Thể Bò Sát,2,0
35117,Chế Biến Thuỷ Sản,3,0
35118,TH Chế Biến Thuỷ Sản,2,0
35119,TH Nuôi Cá Cảnh,3,0
35120,Dinh Dưỡng Và Thức Ăn Tôm Cá,2,30
35121,TH Dinh Dưỡng Và Thức Ăn TCá,2,0
35122,Động Thực Vật Thuỷ Sinh,1,0
35123,TH Động Thực Vật Thuỷ Sinh,1,0
35124,Bệnh Cá Tôm,2,0
35125,TH Bệnh Cá Tôm,2,0
35126,Quản Lý Môi Trường Ao Nuôi TS,2,0
35127,TH Quản Lý MT Ao Nuôi TS,1,0
35128,Chính Sách Chiến lược PTNT,3,0
35129,TH Chính Sách Chiến Lược PTNT,1,0
35130,Thực Tập Sản Xuất Giống Tôm,4,0
35131,Ngư Loại,3,0
35132,TH Ngư Loại,2,0
35133,TH Động Thực Vật Thủy Sinh,2,0
35134,Động Thực Vật Thủy Sinh,2,0
35135,"Hình Thái PL Tôm, Cá, NT",5,0
35136,TH Sản Xuât Thuỷ Sản Đại Cương,2,0
35137,Hướng Dẫn Viết Báo Cáo,1,0
35138,Hệ Thống Canh Tác,2,0
35139,TH Hệ Thống Canh Tác,1,0
35140,TH Sản Xuất Giống Cá,3,0
35141,Nuôi Động Vật Có Võ Giáp,3,45
35142,TH Nuôi Động Vật Có Võ Giáp,4,0
35143,Sản Xuất Thủy Sản Đại Cương,5,0
35144,TH Dinh Dưỡng Và Thức Ăn TC,1,0
35145,Thực Hành Nuôi Cá,4,0
35146,TH Hóa Học,1,0
35147,Chính Sách Chiến Lượt PTNT,2,30
35148,Sản Xuất Giống Cua Biển,1,0
35149,TH Sản Xuất Giống Cua Biển,3,0
35150,TH Chế Biến Nông Sản,2,0
35151,Chuyên Đề TK Câu Hỏi & PVĐGTT,1,0
35152,Nuôi Lưỡng Thê Bò Sát,3,0
35153,KT Sản Xuất Giống Tôm,2,0
35154,CĐ TK Câu Hỏi & PV Đánh Giá TT,1,0
35155,Động thực vật thuỷ sinh,3,0
35156,Quản lý môi trường ao nuôi TS,4,0
35157,Công trình và thiết bị NTTS,2,30
35158,Kỹ thuật nuôi động vật có VG,2,30
35159,TH kỹ thuật nuôi độngvật có VG,4,0
35160,Kỹ thuật sản xuất giống cá,2,0
35161,TH kỹ thuật sx giống cá,4,0
35162,Kỹ thuật sản xuất giống tôm,2,0
35163,TH kỹ thuật sx giống tôm sú,4,0
35164,TH kỹ thuật sx giống tôm cx,4,0
35165,Kỹ thuật nuôi cá,2,0
35166,TH kỹ thuật nuôi cá,4,0
35167,Kỹ thuật nuôi & sx g.cá cảnh,4,0
35168,Bảo quản sản phẩm thuỷ sản,3,0
35169,Dinh dưỡng & thức ăn thuỷ sản,4,0
35170,Bệnh tôm,3,0
35171,Bệnh cá,3,0
35172,Các nguyên tắc quản lý NN-TS,3,0
35173,Phương pháp viết báo cáo,1,0
35174,Thực tập nghề nghiệp (TSN),1,0
35175,Thực tập tốt nghiệp (TSN),14,0
35176,Co-op 1,3,0
35177,Co-op 2,3,0
35178,Co-op 3,3,0
35179,Co-op 4,3,0
40845,Anh văn 1,6,0
40846,Anh văn 2,6,0
40847,Anh văn 3,6,0
40884,Ngoại Ngữ 2 (Tiếng Nhật 2),5,0
410000,Nghe nói 1 (Listening and Speaking 1),2,0
410001,Đọc hiểu 1 (Reading 1),2,15
410002,Viết 1 (Writing 1),2,0
410003,Ngữ pháp 1,2,0
410004,Ngữ âm thực hành 1,2,15
410005,Nghe nói 2 (Listening and Speaking 2),2,0
410006,Đọc hiểu 2 (Reading 2),2,0
410007,Viết 2 (Writing 2),2,0
410008,Ngữ pháp 2,2,15
410009,Ngữ âm thực hành 2,2,0
41001,Anh Văn 1a,2,0
410010,Ngoại ngữ 1,3,15
410011,Kỹ năng ngôn ngữ 1,9,0
410012,Ngoại ngữ 1,3,0
410013,Kỹ năng ngôn ngữ 2,9,0
410014,Lý thuyết dịch,2,0
410015,Kỹ năng ngôn ngữ 1(Nghe nói 1),3,0
410016,Kỹ năng ngôn ngữ 1(Đọc hiểu 1),3,0
410017,Kỹ năng ngôn ngữ 1(Ngữ pháp 1),3,0
410018,Kỹ năng ngôn ngữ 2(Nghe nói 2),3,0
410019,Kỹ năng ngôn ngữ 2(Đọc hiểu 2),3,0
41002,Anh Văn 1B,3,48
410020,Kỹ năng ngôn ngữ 2(Ngữ pháp 2),3,0
410021,Anh văn,3,0
410022,Ngoại ngữ 2,3,0
410023,Dịch 1,3,0
410024,Kỹ năng ngôn ngữ 3,9,0
410025,Kỹ năng trình bày,3,15
410026,Ngoại ngữ 3,3,0
410027,Dịch 2,3,0
410028,Kỹ năng ngôn ngữ 4,12,0
410029,Nghe nói 3,2,0
41003,Anh Văn 1C,3,0
410030,Đọc hiểu 3,2,0
410031,Viết 3,2,0
410032,Ngữ pháp 3,2,0
410033,Ngoại ngữ 3,3,15
410034,Nghe nói 4,2,0
410035,Đọc Hiểu 4,2,0
410036,Viết 4,2,15
410037,Ngữ pháp 4,2,0
410038,Ngoại ngữ 3,3,0
410039,Lý thuyết dịch,2,0
41004,Anh Văn 2a,2,0
410040,Văn hoá xã hội Anh - Mỹ,2,0
410041,Dịch 1,2,0
410042,Kỹ năng ngôn ngữ 3 (Modul 1),3,0
410043,Kỹ năng ngôn ngữ 3 (Modul 2),3,15
410044,Kỹ năng ngôn ngữ 3 (Modul 3),3,0
410046,Kỹ năng ngôn ngữ 4(Nghe nói 5),4,0
410047,Kỹ năng ngôn ngữ 4(Đọc hiểu 5),4,30
410048,Kỹ năng ngôn ngữ 4(Viết 4),4,0
410049,Dẫn luận ngôn ngữ học,3,45
41005,Anh Văn 2B,3,0
410050,Kỹ năng ngôn ngữ 2(Ngữ âm 2),0,6
410051,Kỹ năng ngôn ngữ 2(Viết 1),0,0
410052,Kỹ năng ngôn ngữ 3(Nghe-nói 3),0,0
410053,Kỹ năng ngôn ngữ 3(Đọc hiểu 3),0,15
410054,Kỹ năng ngôn ngữ 3(Viết 2),0,0
410055,Kỹ năng ngôn ngữ 4(Nghe nói 4),0,0
410056,Kỹ năng ngôn ngữ 4(Đọc hiểu 4),0,30
410057,Kỹ năng ngôn ngữ 4(Viết 3),0,0
410058,Kỹ năng ngôn ngữ 1(Ngữ âm 1),0,6
410059,Kỹ năng NN 4(Viết thương mại),0,0
41006,Anh Văn 2C,3,45
410060,KNNN 5(Làm quen đề KTTA QT),0,45
410061,Ngoại ngữ 4,3,0
410062,Anh văn không chuyên 1,4,0
410063,Anh văn không chuyên 2,4,0
410064,Anh văn không chuyên 3,4,0
410065,Anh văn không chuyên 4,4,60
410066,Anh văn không chuyên 5,4,0
410067,Kỹ năng ngôn ngữ 5,12,0
410068,Dịch chuyên đề Du lịch,2,0
410069,Dịch chuyên đề Văn hoá -Xã hội,2,0
41007,Anh Văn 3a,2,0
410070,Dịch chuyên đề KT- TM,2,0
410071,Dịch chuyên đề văn phòng,2,0
410072,Ngữ âm học & Âm vị học,2,0
410073,Thực tập - Báo cáo thực tập,3,0
410074,Thi tốt nghiệp hoặc làm KL,5,0
410075,Chuẩn bị thực tập,2,0
410076,Nghe nói 5,3,0
410077,Nghe nói 6,3,0
410078,Đọc hiểu 6,2,15
410079,Viết 6,2,0
41008,Anh Văn 3B,3,48
410080,Kỹ năng trình bày,2,0
410081,Cú pháp,2,0
410082,Văn học Anh - Mỹ,2,0
410083,Đọc hiểu 5,2,0
410084,Viết 5,2,15
410085,Nhập môn ngữ nghĩa học,2,0
410086,Dịch 2,2,0
410087,Kỹ năng ngôn ngữ 5(Viết 4),0,0
410088,Kỹ năng ngôn ngữ 5(Nghe nói 5),0,0
410089,Kỹ năng ngôn ngữ 5(Đọc hiểu 5),0,0
41009,Anh Văn 4B,3,0
410090,Kỹ năng NN 5(Viết thương mại),0,0
410091,Ngữ âm thực hành,3,0
410092,Ngữ pháp 1,3,30
410093,Kỹ năng tư duy,3,0
410094,Ngữ pháp 2,3,0
410095,Nghe nói 2,3,0
410096,Nghe nói 1,3,30
410097,Địa lý du lịch,3,0
410098,Tổng quan du lịch,2,0
410099,Phương pháp hướng dẫn du lịch,3,0
41010,Anh Văn 5B,3,0
410100,Hoạt náo trong du lịch,2,0
410101,Thống kê xã hội học,2,0
410102,Kỹ năng tư duy và suy luận,2,0
410103,Nghe nói 4,3,30
410104,Ngữ pháp 3,3,0
410105,Lịch sử Anh ngữ,2,0
410106,Ngôn ngữ và văn hóa,3,0
410107,Viết thương mại,3,0
410108,Đạo đức trong dịch thuật,2,0
410109,Văn học Anh ngữ,3,30
41011,Anh Văn 6B,3,0
410110,Biên dịch 3 (Written Translation 3),2,0
410111,Dịch chuyên đề báo chí,2,0
410112,Ngoại ngữ 1 (tiếng Hoa 1),3,0
410113,Ngoại ngữ 2 (tiếng Hoa 2),3,0
410114,Ngoại ngữ 2 (tiếng Hoa 3),3,0
410115,Anh văn du lịch 1,3,0
410116,Quản trị nhà hàng,3,15
410117,Kế toán du lịch,3,15
410118,Anh văn thương mại,3,0
410119,Mỹ thuật trang phục ứng dụng,2,0
41012,Dịch 1,4,0
410120,Nghe nói 3,3,30
410121,Co-op 1,4,0
410122,Co-op 2,4,0
410123,Co-op 3,4,0
410124,Co-op 4,4,0
410125,Anh văn du lịch 2,3,0
410126,Nghe - nói nâng cao,3,0
410127,Viết nâng cao,2,0
410128,Phiên dịch nâng cao,2,15
410129,Phê bình và đánh giá dịch thuậ,2,0
41013,Dịch 2,4,0
410130,Tâm lý và nghệ thuật lãnh đạo,2,0
410131,Nghe nói 7,3,0
410132,Đọc hiểu 7,2,0
410133,Viết 7,2,15
410134,Nhập môn Ngữ dụng học,2,0
410135,Từ vựng học,2,0
410136,Kỹ năng ngôn ngữ 5(Nghe nói 5),0,0
410137,Kỹ năng ngôn ngữ 5(Viết 5),0,15
410138,Kỹ năng ngôn ngữ 5(Đọc hiểu 5),0,0
410139,Kỹ năng ngôn ngữ 5(Viết TM 5),0,0
41014,Dịch 3,4,0
410140,"KNNN 5(G.Thiệu về TOFEL,ILETS)",0,15
410141,Nghe nói nâng cao,4,0
410142,Anh văn giao tiếp 1,3,0
410143,Anh văn giao tiếp 2,3,0
410144,Lý thuyết dịch 1,2,0
410145,Lý thuyết dịch 2,2,30
410146,Lịch sử Anh ngữ,2,0
410147,Y tế du lịch,2,0
410148,Quản trị tiền sảnh,2,0
410149,Luật du lịch,2,0
41015,Dịch 4,7,105
410150,Tâm lý và NTGT ứng xử trong DL,2,0
410151,Kỹ thuật trang điểm,2,0
410152,Anh văn du lịch 3,3,0
410153,Anh văn không chuyên 2,3,0
410154,Anh văn không chuyên 3,3,0
410155,UD CNTT trong GD Tiếng Anh,3,0
410156,Phương pháp GD Tiếng Anh 3,3,0
410157,Thực tập sư phạm 2 (NNA),4,0
410158,Những vấn đề chung của GD học,2,0
410159,Phương pháp GD Tiếng Anh 1 (English Teaching Methodology 1),2,0
41016,,6,0
410160,Văn hoá Phương Tây,2,30
410161,Văn hoá Phương Đông,2,0
410162,Tạo hình,2,0
410163,Nghe nói 5,2,0
410164,Phương pháp GD Tiếng Anh 2,4,30
410165,Nghe nói 6,2,0
410166,Ngữ âm và Âm vị học,2,0
410167,Thực hành TC HĐ ngoài giờ LL,2,0
410168,Kỹ năng trình bày,3,0
410169,Biên-phiên dịch thương mại,3,0
41017,Ngữ Pháp 1,8,0
410170,TH CTĐ TNTP HCM và Sao NĐ,2,0
410171,Khoá luận tốt nghiệp (NNA),7,0
410172,Anh văn văn phòng,2,0
410173,Ngữ âm thực hành nâng cao,3,0
410174,Tiếng Việt thực hành nâng cao,2,0
410175,Văn hoá xã hội Anh - Mỹ,2,15
410176,Tâm lý học lứa tuổi tiểu học,2,0
410177,Dẫn luận ngôn ngữ học,2,15
410178,Phương pháp GD tiếng Anh 1,3,0
410179,Lý luận dạy học tiểu học,2,0
41018,Ngữ Pháp 2,3,0
410180,Ngữ âm và âm vị học,2,0
410181,Phiên dịch 1 (Oral Translation 1),2,15
410182,Cú pháp,2,0
410183,Ngoại ngữ 3,2,0
410184,Văn học Anh ngữ,2,15
410185,UD CNTT trong GD Tiếng Anh,2,0
410186,Ngữ dụng học,2,0
410187,Phiên dịch 2 (Oral Translation 2),2,0
410188,Ngoại ngữ 4,2,0
410189,Kiểm tra và ĐG năng lực T.Anh,2,15
41019,Ngữ Pháp 3,3,15
410190,Ngữ pháp sư phạm,3,0
410191,Phương pháp GD tiếng Anh 2,4,0
410192,Ngữ nghĩa học,2,0
410193,Diễn thuyết trước công chúng,2,0
410194,Biên dịch 2,3,0
410195,Nghe nói 7,2,0
410196,Ngữ âm thực hành nâng cao,2,0
410197,Dẫn luận ngôn ngữ học,3,30
410198,Biên dịch 1,3,0
410199,Dịch chuyên đề thương mại,2,0
41020,Ngữ Âm 1,4,0
410200,Thực tập tốt nghiệp (Practicum),3,0
410201,Khoá luận tốt nghiệp (AV),5,0
410202,Ngữ pháp Sư phạm,3,0
410203,Đánh giá năng lực tiếng Anh,2,15
410204,Thực tập thực tế,6,0
410205,Khoá luận tốt nghiệp (AV),5,0
410206,Nghe nói 5,3,0
410207,Phiên dịch 1,3,30
410208,Cú pháp,3,0
410209,Anh văn du lịch 4 (HD du lịch),3,30
41021,Ngữ Âm 2,4,0
410210,Phiên dịch 2,3,0
410211,Nghe nói 6,3,0
410212,Phiên dịch 3 (Oral Translation 3),2,0
410213,Đọc hiểu 4,2,0
410214,Soạn thảo văn bản và lưu trữ,2,0
410215,Văn học Anh ngữ,3,0
410216,Biên dịch 3,3,0
410217,Thực tập tốt nghiệp,3,0
410218,Phân tích diễn ngôn,3,0
410219,Ngôn ngữ học xã hội,2,0
41022,Thực Hành Tiếng 1,3,0
410220,Văn học Anh ngữ,3,0
410221,Anh văn hướng dẫn du lịch,3,0
410222,Anh văn hướng dẫn du lịch,2,15
410223,Quản trị phòng,2,0
410224,Anh văn không chuyên 1,4,0
410225,Dịch chuyên đề,2,0
410226,Tiếng Hoa,3,0
410227,Ngoại ngữ 2 (Tiếng hoa 4),3,0
410228,Đọc hiểu 4,3,0
410229,Thực tập thực tế,4,0
41023,Thục Hành Tiếng 2,4,60
410230,Văn học Anh ngữ,2,0
410231,Thực tập tốt nghiệp (AV),4,0
410232,Viết 5,3,0
410233,Phân tích số liệu khoa học xã hội (SPSS),2,0
410239,Nhập môn Ngôn ngữ học (Introduction to Linguistics),4,45
41024,Thục Hành Tiếng 3,8,0
410240,Graphic Design,2,0
410241,Văn học Mỹ (American Literature),3,30
410242,Nghe - Nói 3 - Preliminary,2,0
410243,Viết 3 - Preliminary,2,0
410244,Đọc 3 - Preliminary,2,0
410245,Nghe nói 5 - Advanced(Listening and Speaking 5),2,0
410246,Viết 5 - Advanced,2,0
410247,Ngoại ngữ 2 - Cơ bản 2(Foreign Language 2 – Basic 2),3,15
410248,Biên dịch 1(Written Translation 1),2,0
410249,Đọc hiểu 5 - Advanced(Reading 5),2,0
41025,Thực Hành Tiếng 4,10,0
410250,Nghe nói 4 - Independent (Listening and Speaking 4),2,0
410251,Viết 4 - Independent,2,0
410252,Đọc hiểu 4 - Independent (Reading 4),2,0
410253,Tổ chức sự kiện (Event Management),2,15
410254,Phương pháp GD Tiếng Anh 2 (English Teaching Methodology 2),2,0
410255,Văn học Anh 1 (British Literature 1),3,0
410256,Ngoại ngữ 2 - Cơ bản 3 (Foreign Language 2 – Basic 3),2,15
410257,Viết 6 - Proficient,2,0
410258,Đọc hiểu 6 - Proficient (Reading 6),2,0
410259,Nghe nói 6 - Proficient (Listening and Speaking 6),2,0
41026,Thực Hành Tiếng 5,4,0
410260,Văn học Anh 2 (British Literature 2),3,0
410261,Thiết kế web cơ bản (Web Design),2,15
410262,Ngoại ngữ 2 - Cơ bản 4 (Foreign Language 2 – Basic 4),2,0
410263,World Literature Survey,3,0
410264,Phương pháp nghiên cứu KH (Research Methodology),3,30
410265,Dịch chuyên đề (Specialized Translation),3,30
410266,Văn học thế giới (World Literature),2,15
410267,Truyền thông chuyên nghiệp (Professional Communication),2,15
410268,Văn học thế giới,3,0
410269,Nghe nói 3 - Preliminary (Listening and Speaking 3),2,15
41027,,15,0
410270,Viết 3 - Intermediate,2,0
410271,Đọc hiểu 3 - Intermediate,2,0
410272,Ngoại ngữ 2 - Cơ bản 1 (Foreign Language 2 – Basic 1),3,15
410273,Phiên dịch,2,0
410274,Biên dịch 2 (Written Translation 2),2,0
410275,Ngữ pháp giao tiếp 1 (Communicative Grammar 1),3,0
410276,Ngữ pháp giao tiếp 2 (Communicative Grammar 2),2,15
410277,Viết 3 - Preliminary (Writing 3),3,30
410278,Phát âm (Pronunciation),2,0
410279,Đọc hiểu 3 - Preliminary,3,30
41028,Tiếng Nhật 1,8,120
410280,Khảo luận văn học thế giới (World Literature Survey),2,0
410281,Viết 5 - Advanced (Writing 5),3,0
410282,Viết 6 - Proficient (Writing 6),3,30
410283,Đọc hiểu 3 - Preliminary (Reading 3),2,0
410284,Viết 4 - Independent (Writing 4),3,0
410285,Cơ sở ngành (Linguistics),4,0
410286,Chuyên ngành (Academic Writing),3,0
410287,Cơ sở ngành (Linguistics),3,0
410288,Chuyên ngành (Listening & Speaking),2,0
410289,Chuyên ngành (Academic Writing),2,0
41029,Tiếng Nhật 2,8,0
410290,Viết học thuật (Academic writing),2,0
410291,Anh văn không chuyên 1,3,30
410292,Anh văn không chuyên 2,4,30
410293,Anh văn không chuyên 3,3,30
410294,Anh văn không chuyên 4,3,30
410295,Thực tập thực tế (AV),2,0
410296,Ngữ pháp giao tiếp 1 (Communicative Grammar 1),3,0
410297,Phương pháp nghiên cứu khoa học (Research Methodology),3,15
410298,Thực tập cuối khóa,3,0
410299,Khóa luận tốt nghiệp,5,0
41030,Tiếng Nhật 3,4,60
410300,Đồ họa ứng dụng (Graphic Design),2,15
410302,Anh văn không chuyên 2 (Khối ngành sức khỏe),4,30
410303,Anh văn không chuyên 3 (Khối ngành sức khỏe),3,30
410304,Anh văn không chuyên 4 (Khối ngành sức khỏe),3,30
410305,Tiếng Trung Quốc tổng hợp 1,4,30
410306,Nghe nói tiếng Trung Quốc 1,4,0
410307,Tiếng Trung Quốc tổng hợp 2,4,30
410308,Nghe nói tiếng Trung Quốc 2,4,0
410309,Văn học tiếng Trung,3,30
41031,Từ Vựng Thực Hành,3,0
410310,Kỹ năng viết chữ Hán,3,0
410311,Tiếng Anh Văn phòng,2,0
410312,Tiếng Anh du lịch – thương mại,2,0
410313,Thiết kế đồ họa,2,0
410314,Viết 1(Production écrite 1),2,15
410315,Phát âm(Prononciation),3,15
410316,Nghe nói 1 (Compréhension orale / Production orale 1),3,0
410317,Đọc hiểu 1 (Compréhension écrite 1),2,0
410318,Ngữ pháp 1(Grammaire 1),2,0
410319,Từ vựng 1(Vocabulaire 1),2,0
41032,Viết 1,3,0
410320,Ngoại ngữ 2 - cơ bản 1(Langue étrangère 2 – Basic),3,15
410321,Nghe nói 2 (CO / PO 2),2,0
410322,Đọc hiểu 2 (CE 2 ),2,0
410323,Viết 2 (PE 2),2,0
410324,Ngữ pháp 2(Grammaire 2),2,0
410325,Từ vựng 2(Vocabulaire 2),2,15
410326,Ngoại ngữ 2 - Cơ bản 2 - tiếng Trung (Foreign Language 2 – Basic 2 - Chinese),3,0
410327,Ngoại ngữ 2 - Cơ bản 3 - tiếng Trung (Foreign Language 2 – Basic 3 - Chinese),2,0
410328,Ngoại ngữ 2 - Cơ bản 4 - tiếng Trung (Foreign Language 2 – Basic 4 - Chinese),2,0
410329,Ngoại ngữ 2 - Cơ bản 1 - tiếng Trung (Foreign Language 2 – Basic 1 - Chinese),3,15
41033,Viết 2,5,0
410330,Ngoại ngữ 2 - Cơ bản 2 - tiếng Pháp (Foreign Language 2 – Basic 2 - French),3,0
410331,Ngoại ngữ 2 - Cơ bản 3 - tiếng Pháp (Foreign Language 2 – Basic 3 - French),2,0
410332,Ngoại ngữ 2 - Cơ bản 4 - tiếng Pháp (Foreign Language 2 – Basic 4 - French),2,0
410334,Ngoại ngữ 2 - Cơ bản 1 - tiếng Pháp (Foreign Language 2 – Basic 1 - French),3,0
410335,Foreign Language 2 – Basic 1- Korean (Ngoại ngữ 2 - Cơ bản 1 - tiếng Hàn),3,0
410336,Foreign Language 2 – Basic 2- Korean (Ngoại ngữ 2 - Cơ bản 2 - tiếng Hàn),3,15
410337,Ngữ pháp Hán ngữ hiện đại 1,3,0
410338,Tiếng Trung Quốc tổng hợp 3,4,30
410339,Nghe nói tiếng Trung Quốc 3,4,0
41034,Viết 3,5,15
410340,Đọc viết tiếng Trung Quốc 1,3,30
410341,Tiếng Trung Quốc tổng hợp 4,4,30
410342,Nghe nói tiếng Trung Quốc 4,4,0
410343,Đọc viết tiếng Trung Quốc 2,3,0
410344,Ngữ pháp Hán ngữ hiện đại 2,3,0
410345,Tiếng Trung Quốc thương mại,3,30
410346,Tiếng Trung Quốc du lịch,3,0
410347,Kỹ năng dịch cơ bản,3,30
410348,Văn hóa Trung Quốc,4,0
410349,Đọc viết tiếng Trung Quốc 3,3,0
41035,Viết 4,3,0
410350,Chủ điểm ngữ pháp HSK,3,0
410351,Ngữ pháp Hán ngữ cổ đại,3,0
410352,Giao tiếp đa văn hóa,3,0
410353,Tiếng Trung Quốc Marketing,3,0
410354,Văn học Trung Quốc,4,0
410355,Đọc viết tiếng Trung Quốc 4,3,30
410356,Kỹ năng dịch nâng cao,3,30
410357,Ngôn ngữ học đối chiếu,3,0
410358,Kỹ năng thi HSK 5,3,0
410359,Quan hệ công chúng,3,0
41036,,2,0
410360,Tiếng Trung Quốc Logistic,3,0
410361,Phương pháp dạy học,3,30
410362,Dịch chuyên đề,3,0
410363,Tiếng Trung Quốc văn phòng,2,15
410364,Thơ chữ Hán Đông Á,2,0
410365,Foundation to Reading 1 (Đọc hiểu cơ bản 1),2,15
410366,Listening and Speaking 1 (Nghe nói 1),3,30
410367,Foundation to Writing 1 (Viết cơ bản 1),2,15
410368,Pronunciation in Use (Ngữ âm thực hành),2,15
410369,Foundation of Public Speaking (Hùng biện Tiếng Anh cơ bản),2,15
41037,,2,0
410370,Foundation to Reading 2 (Đọc hiểu cơ bản 2),2,15
410371,Listening and Speaking 2 (Nghe nói 2),3,30
410372,Foundation to Writing 2 (Viết cơ bản 2),2,15
410373,Administration Science (Quản trị học),2,15
410374,Data Analysis (Phương pháp phân tích số liệu) ,2,15
410375,Practical Vietnamese Language (Tiếng Việt thực hành),2,15
410376,Developmental Writing 1 (Viết phát triển 1),3,30
410377,Listening and Speaking 3 (Nghe nói 3),3,30
410378,Foundation of Translation (Dịch cơ bản),2,15
410379,Developmental Reading 1 (Đọc hiểu phát triển 1),2,15
41038,Anh Văn Không Chuyên 2,3,45
410380,Introduction to Linguistics (Nhập môn ngôn ngữ học),4,45
410381,Information and Communication Technology in Engish Teaching (Ứng dụng công nghệ trong giảng dạy tiếng Anh),2,15
410382,Reading Canadian Literature (Văn học Canada),2,15
410383,Reading Asian Literature (Văn học Châu Á),2,15
410384,Foreign Language 2 – Basic 3 (Ngoại ngữ 2 - cơ bản 3),2,0
410385,Developmental Reading 2 (Đọc hiểu phát triển 2),2,15
410386,Developmental Writing 2 (Viết phát triển 2),3,30
410387,Introduction to Research Methodology (Nhập môn phương pháp nghiên cứu khoa học),3,0
410388,Foundation of English Teaching Methodology  (Phương pháp giảng dạy tiếng Anh cơ bản),3,0
410389,Practicum (Thực tập thực tế),2,0
41039,Anh Văn Căn Bản 2,3,0
410390,Reading Spanish Literature (Văn học Tây Ban Nha ),2,15
410391,Foundation of Multimodal Literacy (Đọc hiểu văn bản đa phương thức cơ bản),2,15
410392,Event Management (Tổ chức sự kiện),2,15
410393,Foreign Language 2 - Basic 4 (Ngoại ngữ 2 - cơ bản 4),2,15
410394,Rhetoric and Composition 1 (Viết nghị luận 1),3,30
410395,Critical Reading 1 (Đọc hiểu nâng cao 1),2,15
410396,Tourism Translation(Dịch Văn hóa-Xã hội - Du lịch),3,30
410397,Introduction to British Literature (Văn học Anh cơ bản),3,30
410398,Environmental Translation (Dịch Tài nguyên - Môi trường),2,15
410399,Agri-Aquacultural Translation (Dịch Nông nghiệp-Thủy sản),2,15
41040,Anh Văn Không Chuyên 1,4,0
410400,Research Methodology - Advanced (Phương pháp nghiên cứu khoa học nâng cao),2,0
410401,Advanced English Teaching Methodology (Phương pháp giảng dạy tiếng Anh nâng cao),2,15
410402,Rhetoric and Composition 2 (Viết nghị luận 2),3,30
410403,Critical Reading 2 (Đọc hiểu nâng cao 2),2,15
410404,Engineering Translation  (Dịch Kỹ thuật),3,0
410405,Reading British Literature - Advanced (Văn học Anh nâng cao),3,30
410406,American Literature (Văn học Mỹ),3,30
410407,Business Translation (Dịch Kinh tế-Tài chính-Thương mại),3,30
410408,Medical Translation (Dịch Y khoa),2,15
410409,Legal Translation (Dịch chuyên ngành Luật),2,15
41041,Anh Văn 3C,3,0
410410,Advanced Public Speaking (Hùng biện nâng cao),2,15
410411,Graduation Practicum (Thực tập cuối khóa),3,0
410412,Thesis (Khóa luận tốt nghiệp),7,0
410413,World Literature (Văn học thế giới),2,15
410414,Professional Communication (Truyền thông chuyên nghiệp),2,15
410415,Academic Writing (Viết học thuật),3,0
410416,Foreign Language 2 – Basic 1  –  Chinese (Ngoại ngữ 2 - Cơ bản 1 - tiếng Trung ),3,0
410417,Foreign Language 2 – Basic 1 - French (Ngoại ngữ 2 - Cơ bản 1 - tiếng Pháp),3,0
410418,Web Design (Thiết kế web cơ bản),2,15
410419,British Literature 2 (Văn học Anh 2),3,0
41042,Kỹ Năng Ngôn Ngữ 1 - Module 1,4,60
410420,Written Translation 2 (Biên dịch 2),2,0
410421,Listening and Speaking 6 (Nghe nói 6 - Proficient),2,0
410422,Ngữ âm và văn tự Hán ngữ,2,15
410423,Kĩ năng nghe nói 1,3,30
410424,Kĩ năng nghe nói 2,3,30
410425,Kĩ năng đọc viết 1,3,30
410426,Văn hóa các nước Asean,2,0
410427,Listening and Speaking 1 (Nghe nói 1),3,0
410428,Foreign Language 2 – Basic 2 - Chinese (Ngoại ngữ 2 - Cơ bản 2 - tiếng Trung),3,0
410429,Foreign Language 2 – Basic 3 - Chinese (Ngoại ngữ 2 - Cơ bản 3 - tiếng Trung),2,0
41043,Kỹ Năng Ngôn Ngữ 1 - Module 2,4,0
410430,Foreign Language 2 – Basic 2 - French (Ngoại ngữ 2 - Cơ bản 2 - tiếng Pháp),3,0
410431,Foreign Language 2 – Basic 3 - French (Ngoại ngữ 2 - Cơ bản 3 - tiếng Pháp),2,15
410432,Foreign Language 2 – Basic 4 - French (Ngoại ngữ 2 - Cơ bản 4 - tiếng Pháp),2,15
410433,Foreign Language 2 – Basic 4 - Chinese (Ngoại ngữ 2 - Cơ bản 4 - tiếng Trung),2,0
410434,Kĩ năng nghe nói 3,3,30
410435,Kĩ năng đọc viết 2,3,30
410436,Ngữ pháp Hán ngữ hiện đại ,3,30
410437,Tiếng Trung Quốc du lịch ,2,15
410438,Tiếng Trung Quốc thương mại,2,15
410439,Lí thuyết dịch,2,15
41044,Kỹ Năng Ngôn Ngữ 1 - Module 3,4,0
410440,Kĩ năng nghe nói  4,3,30
410441,Kĩ năng đọc viết 3,3,30
410442,Văn hóa Trung Quốc,3,30
410443,Chuyên đề Hán ngữ hiện đại,2,15
410444,Kĩ năng đọc viết 4,3,30
410445,Biên dịch cơ bản,3,30
410446,Phiên dịch cơ bản,3,30
410447,Văn học Trung Quốc,3,30
410448,Ngôn ngữ và văn hóa Việt - Trung,3,30
410449,Biên dịch nâng cao,3,30
41045,Kỹ Năng Ngôn Ngữ 1 - Module 4,4,0
410450,Phiên dịch nâng cao,3,30
410451,Văn học chữ Hán Đông Á,3,30
410452,Ngữ pháp HSK,2,15
410453,"Phiên dịch chuyên ngành (giáo dục, du lịch, thương mại)",3,30
410454,"Biên dịch chuyên ngành (giáo dục, du lịch, thương mại)",3,30
410455,Dịch văn học,3,30
410456,Phiên dịch hiện trường,2,15
410457,Văn ứng dụng,2,15
410458,Ngữ pháp Hán ngữ cổ đại,2,15
410459,English Teaching Methodology (Phương pháp giảng dạy tiếng Anh),2,15
41046,Kỹ Năng Ngôn Ngữ 2 - Module 1,5,0
410460,Research Methodology (Phương pháp nghiên cứu khoa học),3,30
410461,Advanced English teaching Methodology (Phương pháp giảng dạy tiếng Anh nâng cao),2,0
410462,Engineering Translation (Dịch kỹ thuật),2,15
410463,Research Proposal (Viết đề cương khoa học),2,15
410464,Research Methodology Advanced (Phương pháp nghiên cứu khoa học nâng cao),3,30
410465,Foreign Language 2 – Basic 3- Korean (Ngoại ngữ 2 - Cơ bản 3 - tiếng Hàn),2,0
410466,Foreign Language 2 – Basic 4- Korean (Ngoại ngữ 2 - Cơ bản 4 - tiếng Hàn),2,0
410467,Tiếng Trung không chuyên 1,3,30
410468,Tiếng Pháp không chuyên 1,3,30
410469,Tiếng Hàn không chuyên 1,3,30
41047,Kỹ Năng Ngôn Ngữ 2 - Module 2,5,75
410470,Tiếng Trung không chuyên 2,4,30
410471,Tiếng Pháp không chuyên 2,4,30
410472,Tiếng Hàn không chuyên 2,4,30
410473,Tiếng Trung không chuyên 3,3,30
410474,Tiếng Pháp không chuyên 3,3,30
410475,Tiếng Hàn không chuyên 3,3,30
410476,Tiếng Trung không chuyên 4,3,30
410477,Tiếng Pháp không chuyên 4,3,30
410478,Tiếng Hàn không chuyên 4,3,30
410479,Rhetoric and Composition 2 (Viết 6),3,30
41048,Kỹ Năng Ngôn Ngữ 2 - Module 3,6,0
41049,Kỹ Năng Ngôn Ngữ 2 - Module 4,4,75
41050,Kỹ Năng Ngôn Ngữ 3 - Module 1,4,0
41051,Kỹ Năng Ngôn Ngữ 3 - Module 2,4,0
41052,Kỹ Năng Ngôn Ngữ 3 - Module 3,4,0
41053,Anh Văn Không Chuyên 2,4,0
41054,Anh Văn Không Chuyên 3,4,0
41055,Kỹ Năng Ngôn Ngữ 4 - Module 1,5,0
410551,Tiếng Hoa không chuyên 1,3,0
410552,Tiếng Hoa không chuyên 2,4,0
410553,Tiếng Hoa không chuyên 3,3,30
410554,Tiếng Hoa không chuyên 4,3,0
41056,Kỹ Năng Ngôn Ngữ 4 - Module 2,5,0
41057,Kỹ Năng Ngôn Ngữ 4 - Module 3,6,90
41058,Tiếng Hoa 1,4,60
41059,Tiếng Hoa 2,4,0
41060,Kỹ Năng Ngôn Ngữ 5 - Module 1,4,0
41061,Kỹ Năng Ngôn Ngữ 5 - Module 2,4,0
41062,Anh Văn Không Chuyên 1 (K/S),6,0
41063,Anh Văn Không Chuyên 2 (K/S),6,0
41064,Tiếng Pháp,3,45
41065,Kỹ Năng Ngôn Ngữ 4 - Module 4,4,0
41066,Kỹ Năng Ngôn Ngữ 5 - Module 3,4,0
41067,Giới Thiệu Về Thương Mại Học,3,0
41068,Viết Thương Mại,3,0
41069,Tiếng Hoa 3,4,0
41070,Kỹ Năng Ngôn Ngữ 1,19,0
41071,Kỹ Năng Ngôn Ngữ 2,16,0
41072,Kỹ Năng Ngôn Ngữ 3,16,0
41073,Kỹ Năng Ngôn Ngữ 4,16,0
41074,Kỹ Năng Ngôn Ngữ 5,16,0
41075,Kỹ Năng Ngôn Ngữ 3 - Module 4,4,0
41076,Kỹ Năng Ngôn Ngữ 5 - Module 4,4,0
41077,Anh Văn Thương Mại 1,6,0
41078,Anh Văn Thương Mại 2,6,0
41079,Tiếng Pháp 2,4,0
41080,Tiếng Pháp 3,4,0
41081,Anh Văn Thương Mại,3,45
41082,Thực Tập Tốt Nghiệp (TA),10,0
41083,Thực Tập Tốt Nghiệp,19,0
41084,Kỹ Năng Ngôn Ngữ 1,16,240
41085,Anh Văn,4,0
41086,Anh Văn 1,6,0
41087,Anh Văn 2,6,0
41088,Anh Văn 3,6,0
41089,Anh Văn 4,6,0
41090,Anh Văn 5,6,0
41091,Anh Văn 6,4,0
41092,Anh Văn 7,7,0
41093,Ngoại Ngữ 1,5,0
41094,Ngoại Ngữ 2,5,0
41095,Ngoại Ngữ 3,5,75
41096,Ngoại Ngữ 4,5,75
41097,Đọc Hiểu 1,3,45
41098,Đọc Hiểu 2,3,0
41099,Đọc Hiểu 3,3,45
41100,Viết 1,3,0
41101,Viết 2,3,0
41102,Viết 3,3,0
41103,Ngữ Pháp 1,3,0
41104,Ngữ Pháp 2,3,0
41105,Nghe Nói 1,3,0
41106,Nghe Nói 2,3,0
41107,Nghe Nói 3,3,0
41108,Ngữ Âm Thực Hành 1,2,0
41109,Ngữ Âm Thực Hành 2,2,0
41110,Anh Văn Chuyên Ngành 1,4,0
41111,Anh Văn Chuyên Ngành 2,4,0
41112,Anh Văn Chuyên Ngành 3,4,0
41113,Anh Văn Chuyên Ngành 4,4,0
41114,Anh Văn Chuyên Ngành 5,4,0
41115,Anh Văn Chuyên Ngành 6,4,0
41116,Kỹ Năng Ngôn Ngữ 1,15,0
41117,Kỹ Năng Ngôn Ngữ 2,15,0
41118,Kỹ Năng Ngôn Ngữ 3,15,0
41119,Kỹ Năng Ngôn Ngữ 4,15,225
41120,Kỹ Năng Ngôn Ngữ 5,15,0
41121,Kỹ Năng Giao Tiếp Tiếng Anh,0,0
41122,Kỹ Năng Ngôn Ngữ 1-Module 1,5,0
41123,Kỹ Năng Ngôn Ngữ 1 - Module 2,5,0
41124,Kỹ Năng Ngôn Ngữ 1 - Module 3,5,75
41125,Kỹ Năng Ngôn Ngữ 2 - Module 1,5,0
41126,Kỹ Năng Ngôn Ngữ 2 - Module 2,5,0
41127,Kỹ Năng Ngôn Ngữ 2 - Module 3,5,75
41128,Anh Văn 1,4,60
41129,Anh Văn 2,3,0
41130,Anh Văn 2,4,60
41131,Dẫn Luận Ngôn Ngữ Học,4,0
41132,Ngữ Pháp 3,3,0
41133,Nhập Môn Ngữ Nghĩa Học,3,0
41134,Nghe Nói 4,4,0
41135,Đọc Hiểu 4,3,45
41136,Viết 4,3,0
41137,Ngữ Pháp 4,3,0
41138,Lý Thuyết Dịch,3,0
41139,Dịch Thực Hành 1,4,0
41140,Cú Pháp,3,45
41141,Kỹ Năng Ngôn Ngữ 3 - Modul 1,5,0
41142,Kỹ Năng Ngôn Ngữ 3 - Modul 2,5,0
41143,Kỹ Năng Ngôn Ngữ 3 - Modul 3,5,0
41144,Kỹ Năng Ngôn Ngữ 4 - Modul 1,5,0
41145,Kỹ Năng Ngôn Ngữ 4 - Modul 2,5,0
41146,Kỹ Năng Ngôn Ngữ 4 - Modul 3,5,0
41147,Kỹ Năng Ngôn Ngữ 5 - Modul 1,5,75
41148,Kỹ Năng Ngôn Ngữ 5 - Modul 2,5,75
41149,Kỹ Năng Ngôn Ngữ 5 - Modul 3,5,0
41150,Anh Văn Thương Mại 1,3,0
41151,Anh Văn Chuyên Ngành Nhà Hàng,6,0
41152,Anh Văn Chuyên Ngành Khách Sạn,6,90
41153,Anh Văn (Bổ Sung KT),8,0
41154,Tiếng Nhật 2,4,0
41155,Ngoại Ngữ 1,4,0
41156,Ngoại Ngữ 2,4,0
41157,Thực Tập - Báo Cáo Thực Tập,5,0
41158,Anh Văn Văn Phòng 2,4,0
41159,Anh Văn Thương Mại 2,3,0
41160,Tiếng Hoa 2,5,0
41161,Dịch 1,4,0
41162,Tiếng Hoa 3,5,0
41163,Dịch 2,4,0
41164,Nghe Nói 5,4,0
41165,Đọc Hiểu 5,3,0
41166,Viết 5,3,0
41167,Dịch Thực Hành 2,4,0
41168,Ngoại Ngữ 4,5,0
41169,Văn Hoá Xã Hội Anh - Mỹ,3,0
41170,Nghe Nói 6,4,0
41171,Đọc Hiểu 6,3,45
41172,Viết 6,3,0
41173,Dịch Thực Hành 3,4,0
41174,Kỹ Năng Trình Bày,4,0
41175,Nghe Nói 3,3,0
41176,Đọc Hiểu 3,3,0
41177,Viết 3,3,0
41178,Nghe Nói 4,4,0
41179,Đọc Hiểu 4,3,0
41180,Viết 4,3,0
41181,Lý Thuyết Dịch,2,30
41182,Dịch Thực Hành 1,4,0
41183,Thực Tập Giữa Khoá,2,0
41184,Kỹ Năng Ngôn Ngữ 3 - Module 1,5,0
41185,Kỹ Năng Ngôn Ngữ 3 - Module 2,5,0
41186,Kỹ Năng Ngôn Ngữ 3 - Module 3,6,60
41187,Kỹ Năng Ngôn Ngữ 4 - Modul 1,5,60
41188,Kỹ Năng Ngôn Ngữ 4 - Modul 2,5,0
41189,Kỹ Năng Ngôn Ngữ 4 - Modul 3,5,0
41190,Kỹ Năng Ngôn Ngữ 4,15,0
41191,Kỹ Năng Ngôn Ngữ 3,16,0
41192,Ngoại Ngữ,8,0
41193,Biên - Phiên Dịch thương Mại,4,0
41194,Ngoại Ngữ 1 (Tiếng Nhật 1),5,0
41195,Biên-Phiên Dịch Thương Mại 1,4,0
41196,Biên-Phiên Dịch Thương Mại 2,4,0
41197,Văn Học Anh-Mỹ,3,45
41198,Ngoại Ngữ,4,0
41199,Anh Văn,8,0
41200,Anh Văn 7,4,0
41201,Dịch 3,4,0
41202,Kỹ Năng Ngôn Ngữ 5,15,0
41203,Nghe Nói 7,4,0
41204,Đọc Hiểu 7,3,0
41205,Viết 7,3,45
41206,Nhập Môn Âm Vị Học,3,0
41207,Nghe Nói 8,4,60
41208,Đọc Hiểu 8,3,0
41209,Viết 8,3,0
41210,Nghe Nói 7,4,0
41211,Đọc Hiểu 7,4,0
41212,Viết 7,4,0
41213,Biên-Phiên Dịch Thương Mại 1,4,0
41214,Biên-Phiên Dịch Thương Mại 2,4,0
41215,Viết 6,4,0
41216,Dịch Thực Hành 3,4,0
41217,Kỹ Năng Trình Bày,4,0
41218,Nghe Nói 5,4,0
41219,Đọc Hiểu 5,3,30
41220,Viết 5,3,0
41221,Dịch Thực Hành 2,4,0
41222,Ngoại Ngữ 4,5,75
41223,Luật Du Lịch,3,0
41224,Anh Văn Du Lịch 1,4,0
41225,Dịch 2,3,0
41226,Địa Lý Kinh Tế Du Lịch,4,0
41227,Dịch Chuyên Đề Du Lịch,3,0
41228,Dịch Chuyên Đề KT-TM,3,0
41229,Dịch Chuyên Đề VH-XH,3,0
41230,Anh Văn Thương Mại 1,3,0
41231,Quản Trị Nhà Hàng - Khách Sạn,4,0
41232,Marketing Du Lịch,4,0
41233,Anh Văn Du Lịch 2,4,0
41234,Dịch Chuyên Đề Văn Phòng,3,0
41235,Dịch Chuyên Đề Chính Trị,3,0
41236,Nghe Nói 6,3,0
41237,Anh Văn Thương Mại 2,3,0
41238,Phong Tục Tập Quán & Lễ Hội VN,4,0
41239,Kỹ Năng Giao Tiếp Trong DL,4,0
41240,Các Kỳ Quan Thế Giới,3,0
41241,Tiếng Nhật 4,5,0
41242,Ngoại Ngữ 4 (Tiếng Nhật 4),5,0
41243,Ngôn Ngữ Học Đối Chiếu,2,0
41244,Viết Thương Mại,4,0
41245,Tuyến Điểm Du Lịch,4,0
41246,Quản Trị Lữ Hành,4,0
41247,Phương Pháp Hướng Dẫn Du Lịch,5,60
41248,Y Tế Du Lịch,3,0
41249,Kế Toán Du Lịch,4,0
41250,Hoạt Náo Trong Du Lịch,4,60
41251,Anh Văn Du Lịch 3,4,0
41252,Mỹ Thuật Trang Phục ứng Dụng,2,0
41253,Trang Điểm,2,0
41254,Nhập Môn Ngữ Dụng Học,3,0
41255,Ngoại ngữ,10,0
41256,Anh Văn 1 (Đại học khoá 2008),4,0
41257,Đọc Hiểu 6,4,0
41258,Anh văn hướng dẫn du lịch,2,0
41259,Ngoại ngữ,5,60
41260,Ngoại ngữ (TA) chuyên ngành,4,0
41261,Anh văn,4,0
420000,Kỹ thuật XD & ban hành văn bản,2,15
420001,Quản trị văn phòng,2,15
420002,Kỹ năng giao tiếp,2,15
420003,Kỹ năng phục vụ khách hàng,2,0
420004,Xử lý văn bản,2,0
420005,Soạn thảo văn bản và lưu trữ,3,0
420006,Lễ tân văn phòng,2,0
420007,Cắm hoa trang trí,2,0
420008,Phong tục tập quán,2,0
420009,Tổng quan du lịch,2,0
42001,Anh Văn Văn Phòng 1,6,0
420010,Lý thuyết nghiệp vụ bàn,2,0
420011,Tâm lý du khách & NT giao tiếp,2,0
420012,Thực hành nghiệp vụ bàn,2,0
420013,Lý thuyết nghiệp vụ buồng,2,0
420014,Thực hành nghiệp vụ buồng,2,0
420015,Anh văn chuyên ngành nhà hàng,3,0
420016,Thực tập nhận thức,3,0
420017,Văn hoá quốc tế,2,0
420018,Nghiệp Vụ Lưu Trữ,3,0
420019,TH Ngôn Ngữ Văn Bản,1,0
42002,Quản Trị Hành Chánh 1,6,0
420020,Tâm lý ứng xử trong công sở,3,0
420021,Nghi thức nhà nước,2,15
420022,Thực tập nhận thức,2,0
420023,Cắm hoa trang trí,2,0
420024,Phong tục tập quán,2,0
420025,Anh văn văn phòng 1,3,0
420026,Thực hành soạn thảo văn bản,2,0
420027,Nghiệp vụ kế toán văn phòng,2,0
420028,Quản trị hành chính văn phòng,4,0
420029,Sử dụng mạng vi tính,2,0
42003,Kỹ Năng Giao Tiếp Trực Tiếp,3,45
420030,Quản trị doanh nghiệp,2,15
420031,Văn hoá quốc tế,2,0
420032,Quan hệ công chúng,2,0
420033,Marketing căn bản,2,30
420034,Nghiệp vụ tiếp tân,3,0
420035,Anh văn chuyên ngành khách sạn,3,0
420036,Nghiệp vụ hướng dẫn du lịch,2,30
420037,TH nghiệp vụ hướng dẫn du lịch,2,0
420038,Tuyến điểm du lịch,2,0
420039,Hoạt náo trong du lịch,2,0
42004,Kỹ Năng Phục Vụ Khách Hàng,4,0
420040,Marketing du lịch,2,0
420041,Phong tục tập quán,2,0
420042,Thực tập tốt nghiệp,4,0
420043,Xử lý thư và công văn,2,15
420044,Nghiệp vụ văn phòng,3,0
420045,Văn hoá doanh nghiệp,2,15
420046,Anh văn văn phòng (nâng cao),3,0
420047,Anh văn văn phòng 2,3,30
420048,Quản trị hành chính văn phòng,2,0
420049,Quản trị nguồn nhân lực,2,15
42005,Xử Lý Văn Thư Và Công Văn,4,0
420050,CĐ thương lượng trong KD,2,0
420051,Tâm lý du khách & nghệ thuật giao tiếp,3,0
420052,Văn hoá quốc tế,3,0
420053,Tổ chức sự kiện,3,15
420054,Cắm hoa trang trí,3,0
420055,Nghiệp vụ kế toán văn phòng,3,0
420056,Marketing căn bản,2,15
420057,Quan hệ công chúng,2,15
420058,Pháp luật về KTế thương mại,3,0
420059,Luật hành chính,3,30
42006,Kỹ Năng Trình Bày,4,0
420060,Tổ chức hội thảo,2,0
420061,CĐ thương lượng trong KD,2,0
420062,Xử lý thư và công văn,3,0
420063,Thực tập thực tế,3,0
420064,Nghiệp vụ tiếp tân,3,0
420065,Tuyến điểm du lịch,3,15
420066,Anh văn chuyên ngành HDDL,3,0
420067,Marketing du lịch,3,0
420068,Phong tục tập quán,3,0
420069,Thực tập tốt nghiệp,6,0
42007,Chuẩn Bị Thực Tập,2,30
420070,Chuyên đề NV VP nâng cao,2,0
420071,Chuyên đề sử dụng trang TB VP,1,0
420072,Chuyên đề giao tiếp-ứng xử NC,2,0
420073,CĐ quản trị HCVP nâng cao,2,15
420074,Lý luận chung về nhà nước,2,30
420075,Thông tin học đại cương,3,0
420076,Thư viện học đại cương,3,0
420077,Xây dựng và PT vốn tài liệu,3,30
420078,Pháp chế thư viện,2,0
420079,Quản lý và PT tổ chức HCNN,2,15
42008,Thực Tập Thực Tế,4,0
420080,Việt Nam và các vùng du lịch,2,0
420081,Lưu trữ học,2,0
420082,Hành chính học,2,0
420083,Văn hóa công sở và đạo đức CV,2,15
420084,Khoa học quản lý,2,30
420085,Kỹ thuật TC và ĐH công sở,2,0
420086,Thể chế CT Việt Nam hiện đại,2,0
420087,Mỹ học,2,0
420088,Di tích lịch sử văn hóa và bảo tàng,2,15
420089,Tổ chức và quản lý các hoạt động văn hóa,2,0
42009,Anh Văn Văn Phòng 2,6,90
420090,Tâm lý du khách và giao tiếp trong kinh doanh du lịch,2,0
420091,Du lịch tôn giáo,2,15
420092,Du lịch làng nghề,2,0
420093,Du lịch sinh thái,2,15
420094,Du lịch MICE & FAMTRIP,2,15
420095,Kinh doanh nhà hàng - KS,2,0
420096,Quản trị lữ hành,3,0
420097,Qui trình phục vụ nhà hàng -KS,3,0
420098,Chuyên đề thủ tục xuất-n.cảnh,1,0
420099,Chuyên đề TH thuyết minh DL,1,0
42010,Quản Trị Hành Chính 2,6,0
420100,Quản trị nhà hàng - khách sạn,3,0
420101,Thiết kế & TC tour du lịch,2,0
420102,Thực hành soạn thảo văn bản,1,0
420103,Lịch sử hành chính Việt Nam,2,15
420104,Kỹ thuật TC và điều hành CS,2,15
420105,Quản trị hành chính văn phòng,3,0
420106,Anh văn giao tiếp,3,30
420107,Nghiệp vụ kế toán văn phòng,3,0
420108,CĐ ứng dụng 5S trong c.tác VP,1,0
420109,Sử dụng internet,2,0
42011,Nghệ Thuật Giao Tiếp,3,0
420110,CĐ sử dụng các PMUD trong CTVP,2,0
420111,Tâm lý giao tiếp ứng xử trong công sở,2,0
420112,Thực tập tốt nghiệp (QVP),3,0
420113,Công tác văn thư,2,0
420114,Kỹ thuật xây dựng &ban hành VB,2,0
420115,Xử lý văn bản & XL bảng tính,3,30
420116,Thực hành ngôn ngữ văn bản,1,0
420117,Khoa học quản lý,2,15
420118,Văn hoá công sở & ĐĐ công vụ,2,0
420119,Quản lý Nhà nước về KT-VH-XH,2,15
42012,Lý Thuyết Tài Chính - TD,3,0
420120,Đánh giá & tổ chức SD văn bản,2,15
420121,Thực tập tốt nghiệp (QVP),3,0
420122,Khoá luận tốt nghiệp (QVP),7,0
420123,CĐ phát triển cá nhân,1,0
420124,CĐ đánh giá thành tích N.viên,1,0
420125,CĐ huấn luyện &ĐT nguồn NL,1,0
420126,CĐ ứng dụng PM quản lý n.sự,1,0
420127,CĐ nhân lực trong MTCT t.cầu,1,0
420128,CĐ hoạch định chiến lược NNL,1,0
420129,CĐ KN GQ vấn đề và ra QĐ,2,0
42013,Kỹ Năng Phục Vụ Khách Hàng,5,0
420130,Anh văn chuyên ngành du lịch 1,3,0
420131,Phong tục tập quán và LH VN,2,15
420132,Lưu trữ học,2,0
420133,Thư mục học đại cương,3,0
420134,Biên mục mô tả tài liệu,3,0
420135,Phân loại tài liệu,2,0
420136,Định chủ đề & định từ khoá TL,2,0
420137,Thống kê và xử lý thông tin,2,30
420138,Kỹ năng giao tiếp,2,0
420139,Thẩm quyền quản lý Nhà nước,2,0
42014,Nghiệp Vụ Kế Toán Văn Phòng,5,0
420140,Khoa học quản lý,2,30
420141,Chuyên đề UD điện toán đám mây,1,0
420142,MARC 21,2,0
420143,Phương pháp nghiên cứu TV học,2,15
420144,Thực tập thực tế (Thư viện),2,0
420145,Mạng thông tin thư viện,2,15
420146,Lịch sử các vật mang tin,2,15
420147,Lịch sử thư viện,2,0
420148,Tra cứu thông tin,2,0
420149,Lưu trữ TT và bộ máy tra cứu,2,0
42015,Quản Trị Hành Chính 1,4,0
420150,Tổ chức hoạt động TT thư mục,2,0
420151,Sử dụng thiết bị TH trong TV,2,15
420152,Cơ sở VCKT trong thư viện,2,0
420153,Khai thác cơ sở dữ liệu,2,0
420154,Ứng dụng 5S trong CT lưu trữ,2,0
420155,Tiếng Anh chuyên ngành (KHTV),3,0
420156,Công tác người đọc và DV TV-TT,2,0
420157,Phần mềm quản trị thư viện,2,0
420158,Cơ sở ngôn ngữ học,3,0
420159,Văn hoá ẩm thực Việt Nam,2,15
42016,Quản Trị Hành Chính 2,4,0
420160,Các loại hình nghệ thuật Việt Nam,2,0
420161,Thủ tục xuất - nhập cảnh,2,0
420162,Chuyên đề TH thuyết minh DL,2,0
420163,Thiết kế và tổ chức tour DL,2,0
420164,Quản lý TV và trung tâm TT,2,0
420165,Thư viện chuyên ngành,2,0
420166,Thư viện trường học,2,0
420167,Thư viện công cộng,2,0
420168,Khung phân loại DDC,2,0
420169,Tổ chức và bảo quản tài liệu,2,15
42017,Quản Trị Nguồn Nhân Lực,4,0
420170,CĐ TCTKC sách và PVTN tại TV,2,15
420171,Thư viện điện tử,2,0
420172,Thực tập tốt nghiệp (KHTV),3,0
420173,Khoá luận tốt nghiệp (KHTV),5,0
420174,Tự động hoá công tác TT-TV,2,0
420175,Quản lý web và XB điện tử,3,0
420176,Cơ sở ngành (khoa học quản lý),3,0
420177,Chuyên ngành (KTTC & ĐHCS),4,0
420178,Kỹ thuật sử dụng bàn phím,2,0
420179,Soạn thảo văn bản,3,0
42018,Kỹ Năng Cuối Khóa 1,5,0
420180,Thực tập nghề nghiệp,7,0
420181,Lịch sử hành chính Việt Nam,3,0
420182,Tổ chức bộ máy hành chính nhà nước,2,0
420183,Lưu trữ văn bản,2,0
420184,Thực hành soạn thảo văn bản,2,0
420185,Thực tập tốt nghiệp,10,0
420186,Kỹ thuật xây dựng và ban hành văn bản,3,0
420187,Sử dụng mạng máy tính,2,0
420188,Cơ sở ngành (Lễ tân văn phòng),2,0
420189,Chuyên ngành (QT HCVP và soạn thảo VB),3,0
42019,Kỹ Năng Cuối Khóa 2,5,0
420190,"Chuyên ngành (KT TC & ĐHCS, QT NNL, ST VB)",4,0
420191,Kỹ thuật đánh máy nhanh,1,0
420192,Địa lý du lịch Việt Nam,2,15
420193,Tổng quan du lịch,3,30
420194,Địa lý du lịch thế giới,2,15
420195,Lễ tân ngoại giao,2,0
420196,Nghiệp vụ xuất nhập cảnh và bảo hiểm,2,0
420197,Phương pháp nghiên cứu - du lịch,2,0
420198,Thực tế 1,2,0
420199,Y tế và an toàn trong du lịch,2,0
42020,Nghi Thức Nhà Nước,3,0
420200,Tâm lý và kỹ năng giao tiếp du khách,2,15
420201,Tiền tệ và thanh toán quốc tế,2,15
420202,Hoạt náo trong du lịch,1,0
420203,Quản trị khu du lịch,2,0
420204,Kinh tế du lịch,2,0
420205,Quản trị kinh doanh lữ hành,2,0
420206,Luật du lịch,2,15
420207,Tin học ứng dụng trong du lịch,2,0
420208,Du lịch cộng đồng và homestay,2,0
420209,Du lịch MICE,2,0
42021,Lễ Tân Văn Phòng,3,0
420210,Văn hóa ASEAN,2,0
420211,Tài chính doanh nghiệp,2,15
420212,Tổ chức sự kiện du lịch,3,0
420213,Thực tế 2,2,0
420214,Nghiệp vụ lễ tân,2,15
420215,Nghiệp vụ bàn,2,15
420216,Nghiệp vụ buồng,2,15
420217,Dịch vụ chăm sóc khách hàng,2,0
420218,Tổ chức và điều hành tour,2,15
420219,Quản trị hãng vận chuyển,2,15
42022,Thực Tập Thực Tế,4,0
420220,Quản trị kinh doanh khách sạn,2,0
420221,Văn hóa du lịch,2,15
420222,Kỹ thuật nhiếp ảnh và quay video,2,15
420223,Lý thuyết tổng hợp nghề nghiệp (Quản trị văn phòng),2,0
420224,Thực hành nghề nghiệp (Văn thư lưu trữ và soạn thảo VB),2,0
420225,Quản trị chất lượng dịch vụ du lịch,2,0
420226,Quy hoạch du lịch,2,15
420227,Chiến lược phát triển du lịch bền vững,2,0
420228,Cắm hóa trang trí,2,0
420229,Chiến lược phát triển du lịch bền vững,3,0
42023,Quản Trị Hành Chánh 1,5,0
420230,Giao tiếp liên văn hóa,2,0
420231,Cắm hoa văn phòng,2,0
420232,Anh văn chuyên ngành (QV),2,0
420233,Ứng dụng kỹ thuật đánh máy nhanh trong công tác văn phòng,2,0
420234,Cắm hoa văn phòng,2,0
420235,Sử dụng trang thiết bị văn phòng,1,0
420236,Ứng dụng thiết kế cơ bản trong văn phòng,2,15
420237,Tổng quan Quản trị văn phòng,2,0
420238,Địa chính trị thế giới,2,15
420239,"Tuyên truyền, phổ biến, giáo dục pháp luật",2,15
42024,Quản Trị Hành Chính 1,3,0
420240,Thủ tục hành chính và cải cách thủ tục hành chính,2,0
420241,Công tác xã hội trong quản lý nhà nước,2,0
420242,Quản lý nguồn nhân lực trong tổ chức hành chính Nhà nước,3,30
420243,Toán kinh tế,3,30
420244,Thủ tục hành chính,2,15
420245,Ứng dụng 5S trong công tác văn phòng,2,15
420246,Ứng dụng Microsoft Word vào công tác văn phòng,2,0
420247,Ứng dụng Microsoft Excel vào công tác văn phòng,2,15
420248,Quản trị nhân lực,2,15
420249,Chuyên đề bảo mật thông tin nơi công sở,1,0
42025,Nghi Thức Nhà Nuớc,2,0
420250,Chuyên đề điện toán đám mây,1,0
420251,Chuyên đề ứng dụng phần mềm quản lý nhân sự,1,0
420252,Chuyên đề nghệ thuật nói trước đám đông,1,0
420253,Chuyên đề huấn luyện nhân sự,1,0
420254,Kỹ thuật tổ chức và điều hành công sở,2,0
420255,Chuyên đề ứng dụng 5S trong công tác văn phòng,2,0
420256,"Chuyên đề soạn thảo hợp đồng, thư tín",1,0
420257,"Chuyên đề soạn thảo văn bản Đảng, Đoàn",1,0
420258,Chuyên đề kỹ năng nói trước đám đông,1,0
420259,Ứng dụng 5S trong công tác văn phòng,2,30
42026,Anh Văn Văn Phòng 1,4,0
420260,Cắm hoa trang trí,2,0
420261,Lý luận chung về Nhà nước và pháp luật,2,0
420262,Thẩm quyền hành chính Nhà nước,2,0
420263,Kỹ thuật xây dựng văn bản,2,15
420264,Lý luận hành chính nhà nước,2,15
420265,Chính sách công,2,15
420266,Lý luận chung quản lý nhà nước về kinh tế,2,15
420267,Tâm lý học trong quản lý nhà nước,2,0
420268,Hiến pháp và các Luật Tổ chức bộ máy Nhà nước,2,15
420269,Tổ chức điều hành và quản trị công sở,2,0
42027,TH Soạn Thảo Văn Bản,1,0
420270,"Quản lý nhà nước về văn hóa giáo dục, y tế",2,0
420271,Quản lý nhà nước về tài nguyên và môi trường,2,0
420272,Lý luận chung quản lý nhà nước về xã hội,2,0
420273,"Quản lý nhà nước về dân tộc, tôn giáo",2,0
420274,Quản lý nhà nước về đô thị và nông thôn,2,0
420275,Tổ chức bộ máy hành chính Nhà nước,2,15
420276,Thống kê trong quản lý nhà nước,2,15
420277,Văn hóa hành chính,2,15
420278,Pháp luật về phòng chống tham nhũng,2,15
420279,Thông tin trong quản lý nhà nước,2,15
42028,Quản Trị Hành Chính 2,3,45
420280,"Quản lý nhà nước về biển, hải đảo",2,15
420281,Quản lý nhà nước về an ninh quốc phòng,2,15
420282,Quản lý nhà nước về kinh tế trong hội nhập kinh tế quốc tế,2,0
420283,Chính phủ điện tử,2,15
420284,Quản lý nguồn nhân lực trong tổ chức hành chính Nhà nước,2,0
420285,"Thanh tra và giải quyết khiếu nại, tố cáo",2,15
420286,Anh văn chuyên ngành du lịch 2,3,0
420287,Chuyên đề ứng dụng 5S trong công tác văn phòng,2,0
420288,Quản trị nguồn nhân lực trong du lịch,2,0
420289,Thực tế 1,1,0
42029,Xử Lý Thư Và Công Văn,3,0
420290,Văn hóa ẩm thực Việt Nam,2,0
420291,Nghiệp vụ văn thư lưu trữ,2,0
420292,Lưu trữ học đại cương,2,0
420293,Nghiệp vụ thư ký,2,15
420294,Chuyên đề huấn luyện thực hiện nghiệp vụ văn phòng,2,15
420295,Chuyên đề ứng dụng công nghệ thông tin trong công tác văn phòng,3,0
420296,Chuyên đề xây dựng tiêu chuẩn kỹ năng nghề trong lĩnh vực văn phòng,2,0
420297,Nghiệp vụ công tác lưu trữ,2,0
420298,Tâm lý học phát triển,2,15
420299,Hành chính văn thư lưu trữ,2,15
42030,Thực Tập Tốt Nghiệp,7,0
420300,Tâm lý quản lý,2,30
420301,Quy trình phục vụ nhà hàng - khách sạn,3,0
420302,Nghiệp vụ xuất nhập cảnh,2,0
420303,Tuyến điểm du lịch Việt Nam,3,15
420304,Nghiệp vụ văn phòng trong du lịch,2,15
420305,Văn hóa doanh nghiệp,2,0
420306,Quản trị khu vui chơi giải trí,2,15
420307,Văn hóa ẩm thực Việt Nam,2,15
420308,Anh văn chuyên ngành NH KS,3,0
420309,Phương pháp nghiên cứu KH trong DL,2,0
42031,Kỹ Năng Giao Tiếp,3,0
420310,Tổ chức và quản lý các hoạt động văn hóa,2,0
420311,Anh văn chuyên ngành du lịch lữ hành,3,0
420312,Tổ chức sự kiện du lịch,2,0
420313,Quản trị nguồn nhân lực trong du lịch,2,0
420314,Chuyên đề thực hành thuyết minh du lịch,2,0
420315,Lịch sử Việt Nam,2,0
420316,Quản trị lữ hành,2,15
420317,Thực tập cuối khóa,7,0
420318,Kiến tập khách sạn,1,0
420319,Quản trị khách sạn,3,0
420320,Kiến tập Nhà hàng - Khách sạn 1,1,0
420321,Quản trị Nhà hàng,3,30
420322,"Thanh tra và giải quyết khiếu nại, tố cáo",3,0
420323,Du lịch MICE,3,15
420324,Quản trị marketing du lịch,2,15
420325,Quản trị chất lượng dịch vụ du lịch,3,30
420326,Tâm lý và kỹ năng giao tiếp trong du lịch,2,0
420327,Kiến tập resort,1,0
420328,Văn hóa ASEAN,3,15
420329,Y tế du lịch,3,15
420330,Phong tục và lễ hội Việt Nam,3,15
420331,Quản trị tiền sảnh,3,0
420332,Quản trị buồng,3,0
420333,Quản trị Resort và các dịch vụ bổ sung,3,0
420334,Tin học ứng dụng trong nhà hàng - khách sạn,3,15
420335,Tiền tệ và thanh toán quốc tế,3,0
420336,Luật du lịch,3,0
420337,Kinh tế du lịch,3,30
420338,Quản trị bán hàng,3,0
420339,Anh văn chuyên ngành khách sạn 1,3,0
420340,Nghiệp vụ lễ tân,2,0
420341,Phương pháp nghiên cứu khoa học trong du lịch,3,0
420342,Nghiệp vụ buồng,2,0
420343,Nghiệp vụ pha chế thức uống,2,0
420344,Nghiệp vụ nhà hàng,2,0
420345,Quản trị rủi ro,3,0
420346,Anh văn chuyên ngành khách sạn 2,3,15
420347,Quản trị sự kiện,3,15
420348,Quản trị nguồn nhân lực trong Du lịch,3,30
420349,Văn hóa doanh nghiệp,3,0
420350,Quản trị văn phòng,3,0
420351,Du lịch cộng đồng và homestay,3,0
420352,Quản trị dự án du lịch,2,0
420353,Phát triển du lịch bền vững,3,0
420354,Quản trị chiến lược trong tổ chức du lịch,2,0
420355,Nghiệp vụ bàn,3,0
420356,Kiến tập Nhà hàng - Khách sạn 2,1,0
420357,Quản trị tài chính du lịch,3,0
420358,Quản trị ẩm thực,3,0
420359,Nghiệp vụ bar,3,0
420360,Vệ sinh an toàn thực phẩm,3,0
420361,Quản trị lữ hành,3,0
420362,Văn hóa ẩm thực Việt Nam,3,30
420363,Anh văn chuyên ngành Nhà hàng 1,3,0
420364,Nghiệp vụ chế biến món ăn Á,2,0
420365,Nghiệp vụ chế biến món ăn Âu,2,0
420366,Thực hành pha chế cocktail,1,0
420367,Thực hành showmanship,1,0
420368,"Kỹ thuật trang trí món ăn và nghệ thuật cắt tỉa rau, củ, quả",3,0
420369,Anh văn chuyên ngành Nhà hàng 2,3,15
420370,Lễ tân ngoại giao,3,0
420371,Quản trị tiền sảnh,3,0
420372,Tin học ứng dụng trong du lịch,2,0
420373,Thực tế nhà hàng - khách sạn,2,0
420374,Việt Nam và các vùng du lịch,3,30
420375,Văn hóa du lịch,3,0
420376,Nghệ thuật đàm phán và ứng xử trong kinh doanh du lịch,2,15
420377,Anh văn chuyên ngành 1,3,15
420378,Anh văn chuyên ngành 2,3,15
420379,Nghiệp vụ xuất nhập cảnh,1,0
420380,Các loại hình du lịch ở Việt Nam,3,30
420381,Tin học ứng dụng trong du lịch,3,15
420382,Seminar lữ hành,1,15
420383,Phát triển du lịch bền vững,2,15
420384,Nghiệp vụ chế biến món ăn Âu,3,0
420385,Thực tập nhà hàng - khách sạn,2,0
420386,Nghiệp vụ pha chế cocktail,2,0
420387,Nghiệp vụ showmanship,2,0
420388,"Kỹ thuật trang trí món ăn và nghệ thuật cắt tỉa rau, củ, quả",2,0
420389,Quản trị bán hàng,3,0
420390,Quản trị rủi ro,3,15
420391,Seminar khách sạn,1,0
420392,Seminar resort và các dịch vụ bổ sung,1,15
420393,Thực tập khách sạn - resort,2,0
420394,Quản trị Resort và các dịch vụ bổ sung,2,0
420395,Quản trị chuỗi cung ứng trong kinh doanh dịch vụ du lịch,3,0
420396,Chuyên đề ứng dụng kỹ thuật soạn thảo văn bản trong công tác văn phòng,3,0
420397,Chuyên đề nghệ thuật nói trước đám đông,2,0
420398,Công tác văn thư,3,0
420399,Seminar nhà hàng và dịch vụ ăn uống,1,0
420400,Seminar khách sạn và các dịch vụ bổ sung,1,0
420401,Tiếng Trung căn bản,3,30
420402,Địa danh lịch sử Việt Nam,2,15
420403,Nghiệp vụ hướng dẫn du lịch,2,0
420404,Chuyên đề huấn luyện nghiệp vụ văn phòng,2,0
420405,Quản trị tài chính du lịch,3,0
420406,Lễ tân văn phòng ,3,30
420407,Môi trường và phát triển bền vững,2,15
420408,Lý luận chung về nhà nước,2,15
420409,Địa lý du lịch,3,15
420410,Văn hóa doanh nghiệp,3,15
420411,Khởi sự kinh doanh du lịch,3,15
420412,Nghệ thuật đàm phán và ứng xử trong kinh doanh,3,15
420413,Kỹ thuật xây dựng văn bản  ,3,30
420414,Quản trị thiết bị,2,0
420415,Nhập môn Quản trị văn phòng,2,15
420416,Thống kê trong khoa học xã hội,2,15
420417,Ứng dụng công nghệ thông tin trong công tác quản trị văn phòng,2,15
420418,Công tác văn thư,3,15
420419,Ứng dụng thiết kế cơ bản trong văn phòng,2,0
420420,Tiếng Anh chuyên ngành Quản trị văn phòng,2,15
420421,Công tác lưu trữ,3,15
420422,Công tác cải cách thủ tục hành chính,2,15
420423,Văn bản Đảng và các tổ chức chính trị - xã hội ,2,15
420424,Hệ thống ISO trong văn phòng,2,15
420425,Quản lý năng suất và chất lượng,2,15
420426,Nghiệp vụ thư ký văn phòng,2,15
420427,Kỹ thuật điều hành công sở,2,15
420428,Thực hành Quản trị nguồn nhân lực,1,0
420429,Số hóa và lưu trữ tài liệu điện tử,2,15
420430,Văn bản giao dịch thương mại,2,15
420431,Chính phủ số,2,15
420432,Hệ thống thông tin văn phòng,2,15
420433,Quản trị văn phòng doanh nghiệp,3,30
420434,Huấn luyện nghiệp vụ văn phòng,2,0
420435,Văn phòng điện tử,2,15
420436,Tiếng Anh chuyên ngành quản lý nhà nước,3,30
420437,Kỹ thuật xây dựng văn bản,2,0
420438,Thống kê trong khoa học xã hội,2,0
420439,Truyền thông trong quản lý nhà nước,2,15
420440,Tổ chức bộ máy nhà nước,2,15
420441,Thực tập thực tế,2,0
420442,Quản lý nhà nước về xã hội,2,15
420443,Tâm lý học trong quản lý,2,15
420444,Chính sách môi trường và phát triển bền vững,2,15
420445,Quản lý tài chính công,2,15
420446,Quản trị địa phương,2,15
420447,Ứng dụng công nghệ thông tin trong quản lý,2,15
420448,Quản lý nhà nước về an ninh quốc phòng,2,30
420449,Quản lý nhà nước về đô thị và nông thôn,2,30
420450,"Quản lý nhà nước về biển, hải đảo",2,30
420451,"Quản lý nhà nước về dân tộc, tôn giáo",2,30
42311,Kỹ Năng Cuối Khoá,5,0
42312,TH Kỹ Năng Cuối Khoá,2,0
42313,Pháp Luật Về Kinh Tế T.Mại,5,0
42314,TH Soạn Thảo Văn Bản,3,0
42315,Tổ Chức Hội Nghị,3,0
42316,Thực Tập Thực Tế II,4,0
42317,Kỹ Năng Phục Vụ Khách Hàng,3,45
42318,Kỹ Năng Cuối Khoá,7,0
42319,Nghệ Thuật Giao Tiếp,3,0
42320,Pháp Luật Về Kinh Tế T.Mại,4,0
42321,Thực Tập Tốt Nghiệp,7,0
42322,Xử Lý Văn Thư Và Công Văn,3,30
42323,Tâm Lý ứng Xử Trong Công Sở,4,0
42324,Văn Hóa Doanh Nghiệp,3,0
42325,Kỹ Năng Nghề Nghiệp,2,0
42326,Tổ Chức Hội Thảo,1,0
42327,Quản Trị Doanh Nghiệp,2,0
42328,Tin Học UD Trong Kinh Doanh,3,15
42329,Kế Toán Quản Trị Chi Phí,3,30
42330,Thị Trường Tài Chính,2,0
42331,Marketing Xuất Nhập Khẩu,2,0
42332,Nguyên Lý Thống Kê Kinh Tế,4,60
42333,Sử Dụng PM SPSS Trong NCDL TK,2,0
42334,Quản Trị Marketing,3,0
42335,Chuyên Đề Về TT Chứng Khoán,1,0
42336,Quản Trị Hành Chính 1,3,0
42337,Nghi Thức Nhà Nước,3,0
42338,Quản Trị Doanh Nghiệp,3,0
42339,Soạn Thảo Văn Bản,3,30
42340,Xử Lý Thư Và Công Văn,3,0
42341,Quản Trị Hành Chính 2,3,0
42342,Kinh Tế Lượng,4,0
42343,Marketing Căn Bản,4,0
42344,Quản Trị Chiến Lược,4,0
42345,Thanh Toán Quốc Tế,2,15
42346,Kỹ Năng Chăm Sóc Khách Hàng,1,0
42347,Chuyên Đề Kinh Tế Vĩ Mô,2,0
42348,Chuyên Đề Quản Trị Chiến Lược,2,0
42349,Chuyên Đề Quản Trị Chiến Lược,2,0
42350,CĐ Hoạch Định CL Trong KD,1,0
42351,Chuyên Đề Luật Lao Động,1,15
42352,Nguyên Lý Thống Kê,3,0
42353,Tin học kế toán,3,0
42354,Quản Trị Rủi Ro,2,0
42355,Chuyên Đề Quản Trị NS Và TTTC,1,0
42356,CĐ KT Kho Bạc Và KT Ngân Sách,2,0
42357,Đầu Tư Tài Chính,3,30
42358,Tài Chính Quốc Tế,3,0
42359,Kế Toán Ngân Sách,2,30
42360,Kế Toán Ngân Hàng,4,0
42361,Sử Dụng Phần Mềm Access,4,0
42362,Khóa Luận Tốt Nghiệp,10,0
42363,Sử Dụng Phần Mềm Access,4,0
42364,CĐ KT kho bạc & KT ngân sách,2,0
42365,Tâm lý DK&GT trong KD DL,2,0
42366,Nghiệp vụ buồng,3,0
42367,Nghiệp vụ hướng dẫn du lịch,3,0
42368,Hoạt náo,2,0
42369,An toàn vệ sinh thực phẩm,2,15
42370,Luật du lịch,2,0
42371,Y tế du lịch,2,0
42372,Kỹ năng chăm sóc khách hàng,2,0
42373,Phong tục và lễ hội Việt Nam,2,0
430000,Nguyên lý kế toán,2,15
430001,Nguyên lý kế toán,3,0
430002,Soạn thảo văn bản,2,15
430003,Kỹ năng phục vụ khách hàng,2,0
430004,Sử dụng phần mềm SPSS trong KD,2,0
43001,Quản Trị Học,3,0
43002,Marketing Căn Bản,3,45
43003,Thống Kê Kinh Tế,3,45
43004,Tiếng Anh Kinh Tế Thương mại,6,0
43005,Tổ Chức Quản Lý,2,30
43006,HĐ Kinh Tế - Tổ Chức Quản Lý,3,0
43007,Kế Toán Tài Chính,4,0
43008,Luật Doanh Nghiệp,5,0
43009,Quản Trị Doanh Nghiệp,4,0
43010,Tài Chính Doanh Nghiệp,4,0
43011,Tâm Lý Học Quản Lý,3,0
43012,Thực Tập Văn Phòng,8,0
43013,TH Nghiệp Vụ Phòng (18),3,0
43014,Kế Toán Tài Chính 1,6,0
43015,Kế Toán Tài Chính 2,4,0
43016,Thuế,3,0
43017,Văn Hóa Và Đạo Đức Trong KD,2,0
43018,Quản Trị Văn Phòng,4,60
43019,Thống Kê ứng Dụng,4,0
43020,Thanh Toán Quốc Tế,3,0
43021,Soạn Thảo Văn Bản,3,0
43022,Quản Trị Doanh Nghiệp,3,0
43023,Thị Trường Tài Chính,3,0
43024,Kế Toán Hành Chánh Sự Nghiệp,4,0
43025,Thực Hành Kế Toán,8,0
43026,Kiểm Toán,3,45
43027,Phân Tích Hoạt Động Kinh Doanh,3,0
43028,Văn Hóa ứng Xử Trong Công Sở,3,0
43029,Tin Học Kế Toán,4,0
43030,Tiền Tệ Ngân Hàng,3,0
43031,Thực Tập Tốt Nghiệp,10,0
43032,Tin Học Kế Toán,4,0
43033,Quản Lý Ngân Sách Nhà Nước,3,0
43034,Kế Toán Ngân Sách,4,0
43035,Tài Chính Hành Chính Sự Nghiệp,4,0
43036,Kế Toán Kho Bạc,3,0
43037,TH Kế Toán Ngân Sách,4,60
43038,Kiểm Toán Hành Chính Sự Nghiệp,3,0
43039,Thẩm Định Dự án Đầu Tư,3,0
43040,TH Kế Toán HC Sự Nghiệp,8,0
43041,Tin Học Kế Toán HC Sự Nghiệp,4,0
43042,Kế Toán Quản Trị Chi Phí,3,0
43043,Thực Hành Kế Toán 1,4,60
43044,Tin Học Đại Cương,3,30
43045,Kế Toán Tài Chính,5,75
43078,Thực hành kế toán ngân sách,4,0
43087,Thẩm định dự án đầu tư,3,0
43089,Thực hành Kế Toán 1,4,0
43090,Thực Hành Kế Toán 2,4,0
43091,Thực Hành Kế Toán,6,0
43092,TH Tổ Chức Quản Lý - ATLĐ,1,0
43093,Thực Tập Thực Tế,8,0
43094,Khoá Luận Tốt Nghiệp,4,0
43095,Thực Hành Amply,4,0
43096,Tin Học ứng Dụng Trong KD,4,30
43097,Quản Trị Văn Phòng,3,0
43098,Thực Hành Soạn Thảo Văn Bản,2,0
43099,Marketing Căn Bản,4,0
43100,Marketing Căn Bản,2,0
43101,Kinh Tế Vi Mô,3,0
43102,Kinh Tế Vĩ Mô,2,0
43103,Chuyên Đề Marketing,1,0
43104,Lý Thuyết Tài Chính TD,2,30
43105,Kế Toán Tài Chính 1,3,0
43106,Quản Trị Học,2,30
43107,Chuyên Đề Về Giao Tiếp,1,0
43108,Chuyên Đề Về KT-TC-Ngân Hàng,2,0
43109,Quản Trị Văn Phòng,2,0
43110,Hội Thảo Về Quản Trị VP,1,0
43111,Soạn Thảo Văn Bản,3,0
43112,Quản Trị Marketing,4,0
43113,Quản Trị Sản Xuất,4,0
43114,Quản Lý Chất Lượng,3,0
43115,Marketing Xuất Nhập Khẩu,3,45
43116,Bảo Hiểm,2,0
43117,Thi Tốt Nghiệp,12,0
43118,Thực Tập Tốt Nghiệp,4,0
43119,Kế Toán Tài Chính 2,3,0
43120,CĐ Nghiên Cứu DL Thống Kê,1,0
43121,Thanh Toán Quốc Tế,2,30
43122,Nghiệp Vụ Ngoại Thương,3,45
43123,Soạn Thảo Văn Bản,2,0
43124,Quản Trị Doanh Nghiệp,2,0
43125,Thuế,2,0
43126,Thực Hành Kế Toán,4,60
43127,Chuyên Đề Về Khởi Sự DN,1,0
43128,Chuyên Đề Về Báo Cáo Thuế,2,0
43129,Kế Toán Du Lịch,2,0
43130,TH Nghiệp Vụ Buồng,2,0
43131,Tổ Chức Kinh Doanh KS,3,0
43132,Nghiệp Vụ Lễ Tân,5,0
43133,Nghiệp Vụ Hướng Dẫn Du Lịch,2,0
43134,TH Nghiệp Vụ Hướng Dẫn Du Lịch,2,0
43135,Phong Tục Tập Quán,3,0
43136,Hoạt Náo Trong Du Lịch,1,0
43137,Kinh Tế Vi Mô,4,0
43138,Quản Trị Văn Phòng,3,0
43139,Tâm Lý Học Quản Lý,3,0
43140,Thực Hành Kế Toán 1,5,0
43141,Chuyên Đề Lập Báo Cáo Nội Bộ,1,0
43142,Chuyên Đề GQ Vấn Đề Trong KT,1,0
43143,Chuyên Đề Phân Tích Báo Cáo TC,1,0
43144,Thực Hành Kế Toán 2,4,15
43145,Chuyên Đề UD Kỹ Năng Xin Việc,1,0
43146,Thực Tập Tốt Nghiệp,6,0
43147,Quản Trị Marketing,3,0
43148,Quản Trị Nguồn Nhân Lực,2,0
43149,Quản Trị Chất Lượng Sản Phẩm,2,0
43150,Marketing Xuất Nhập Khẩu,2,30
43151,Chuyên Đề Thị Trường Tài Chính,2,0
43152,Chuyên Đề Quản Trị Marketing,1,0
43153,Chuyên Đề QT Nguồn Nhân Lực,1,0
43154,Chuyên Đề Marketing Xuất NK,1,0
43156,Kinh Tế Lao Động,2,0
43157,Quản Trị Tiền Lương Trong DN,3,0
43158,Chuyên Đề Phát Triển Cá Nhân,1,0
43159,Quản Trị Chất Lượng Sản Phẩm,3,0
43160,Quản Trị Nguồn Nhân Lực,2,0
43161,Hệ Thống Thông Tin Quản Lý,3,0
43162,Quản Trị Sản Xuất,4,0
43163,Quản Trị Tài Chính,2,0
43164,Nghiên Cứu Marketing,3,30
43165,Chuyên Đề XDCS & Thủ Tục NNL,1,0
43166,Nghiệp Vụ Kế Toán Văn Phòng,5,0
43167,Quản Trị Nguồn Nhân Lực,4,0
43168,Lưu Trữ Học,3,0
43169,Quản Trị Tài Chính,4,0
43170,Quản Trị Dự án,4,0
43171,Quản Trị Chất Lượng,3,0
43172,Thương Mại Điện Tử,2,0
43173,Chuyên Đề Phát Triển SP Mới,1,0
43174,Chuyên Đề QT Nguồn Nhân Lực,2,0
43175,Chuyên Đề Quản Trị Tài Chính,2,0
43176,Chuyên Đề Quảng Cáo,1,0
43180,Chuyên Đề Quản Trị Thương Hiệu,1,0
43181,Chuyên Đề NL Trong B.Cảnh TCH,1,0
43182,Phân tích hoạt động kinh doanh,3,0
43183,Tín Dụng Và Thẩm Định TDNH,3,0
43184,Tài Chính Doanh Nghiệp,4,0
43185,Thuế,3,0
43186,Kế Toán Hành Chính Sự Nghiệp,2,0
43187,Chuyên Đề HD TH Khai Báo Thuế,1,0
43188,Quản Trị Nguồn Nhân Lực 1,3,0
43189,Quản Trị Nguồn Nhân Lực 2,3,0
43190,Sử Dụng PM SPSS Trong CTNC,2,0
43191,Thực Hành Kế Toán 1,2,0
43192,Phân Tích Hoạt Động Kinh Doanh,2,0
43193,CĐ HDSVHT Theo Mô Hình ĐTHTDN,2,0
43194,TH Tín Dụng Ngân Hàng & NVNT,2,0
43195,Quản trị học,2,0
43196,Thực Hành Kế Toán,4,0
43197,Kỹ năng giao tiếp,2,30
43198,Kinh tế học đại cương,3,0
43199,Nguyên lý kế toán,4,0
43200,Thuế,2,0
43201,Kế toán quản trị chi phí,2,15
43202,Kế toán hành chính sự nghiệp,3,30
43203,Pháp luật kinh tế,3,30
43204,Kế toán tài chính 1,4,0
43205,Kế toán tài chính 2,4,45
43206,Tin học ứng dụng trong K.doanh,2,0
43207,Chuyên đề lập báo cáo nội bộ,2,0
43208,Nghiệp vụ thuế,2,0
43209,Soạn thảo văn bản,2,0
43210,Thực tập phần mềm kế toán,8,0
43211,Thực tập tốt nghiệp (KKT),9,0
43212,Kiểm toán,3,30
440000,Quản trị doanh nghiệp,2,15
44001,Anh Văn Giao Tiếp,6,0
44002,Anh Văn KS 1,8,0
44003,Anh Văn KS 2,8,120
44004,NT Bài Trí Nội Thất,3,45
44005,Nguyên Tắc PV ăn Uống,3,0
44006,TH Nguyên Tắc PV Ăn Uống,3,0
44007,TH Chuyên Ngành KS 2,7,0
44008,Kinh Tế Vi Mô,4,0
44009,Kinh Tế Vĩ Mô,3,0
44010,Thực Tập Dã Ngoại (KS),15,0
44011,Tâm Lý Và Giao Tiếp Du Lịch,3,0
44012,Marketing,3,0
44013,Tổ Chức Phục Vụ Tiệc,3,45
44014,Tổng Quan Du Lịch - Khách Sạn,3,0
44015,,3,0
44016,Nghiệp Vụ Tiếp Tân,2,30
44017,TH Nghiệp Vụ Tiếp Tân,1,0
44018,Nghiệp Vụ Phòng,3,45
44019,TH Nghiệp Vụ Phòng,4,0
44020,Tâm Lý Và Giao Tiếp Du Lịch,4,60
44021,Thực Tập Dã Ngoại (Khách Sạn),1,0
44022,Nghiệp Vụ Tiếp tân,4,0
44023,Tổng Quan Du Lịch - KS (18),2,0
44024,Anh Văn (KS18),6,0
44025,Anh Văn Chuyên Ngành KS 1 (18),6,0
44026,Anh Văn Chuyên Ngành KS 2 (18),6,90
44027,Nghiệp Vụ Phòng (18),2,0
44028,Kỹ Năng Phục Vụ KH (KS18),3,0
44029,Chuyên Đề Giao Tiếp (KS18),1,0
44030,Tâm Lý Học Đại Cương,3,0
44031,Tâm Lý ứng Xử Trong Công Sở,5,75
44032,Anh Văn Chuyên Ngành,6,0
44033,Kinh Tế Vĩ Mô,4,0
44034,Kinh Tế Lượng,4,60
44035,Luật Kinh Tế,4,0
44036,Quản Trị Chiến Lược,4,0
44037,Thực Tập Thực Tế,4,0
44038,Hành Vi Tổ Chức,3,0
44039,Marketing Dịch Vụ,3,0
44040,Tài Chính - Tiền Tệ,4,0
44041,Kế Toán Tài Chính 1,4,0
44042,Thị Trường Tài Chính,2,0
44043,Pháp Luật Kinh Tế,4,0
44044,Chuyên Đề TT Chứng Khoán,1,0
44045,Chuyên Đề Kế Toán Tài Chính,2,0
44046,Quản Trị Tài Chính,3,0
44047,Chuyên Đề KT - TC - Ngân Hàng,1,0
44049,Help Desk,4,0
44050,Thực Tập Khách Sạn,8,0
44051,Đề Tài Tốt Nghiệp,3,0
44052,Tâm lý ứng xử trong công sở,3,0
44053,Hành Vi Tổ Chức,2,0
44054,Tài Chính Tiền Tệ,3,45
44055,Chuyên Đề Lập Tờ Khai Hải Quan,1,0
44056,Chuyên Đề TH Khai Báo Thuế,1,0
44057,Kinh Tế Vi Mô,4,0
44058,Kỹ Năng Chăm Sóc Khách Hàng,1,0
44059,Chuyên Đề VH&ĐĐ Trong KD,1,0
44060,Kinh Tế Vĩ Mô,2,0
44061,Tài Chính - Tiền Tệ,4,0
44062,Quản Trị Học,4,45
44063,Quản Trị Chiến Lược,2,0
44064,Chuyên Đề Maketing,2,15
44065,Tài chính - tiền tệ,3,30
44066,Kế Toán Quản Trị Chi Phí,4,0
44067,Thực Hành Kế Toán 1,3,15
44068,Thực Hành Kế Toán 2,3,0
44069,Kế Toán Ngân Hàng Thương Mại,3,0
44070,Chuyên Đề TC Hội Thảo Hội Nghị,1,0
44071,Sử Dụng PM Access Trong CT KT,3,0
44072,Chuyên Đề UD KN Phỏng Vấn XV,1,30
44073,Bảo Hiểm,3,0
44074,Quản Trị Thương Hiệu,3,45
44075,Văn Hoá Và Đạo Đức Trong KD,3,0
44076,Quản Trị Tài Chính,4,0
44077,Thực Hành Kế Toán 2,2,15
44078,Tin Học Kế Toán,2,0
44079,Quản Trị Tài Chính,3,0
44080,Quản Trị Học,3,0
44081,Quản Trị Văn Phòng,2,0
44082,Chuyên Đề Thống Kê Kinh Tế,1,15
44083,"Thực Hành Kế Toán, TH Kế Toán",3,0
44084,Kinh Tế Vĩ Mô,4,0
44085,Tin Học Thống Kê,3,0
44086,K.Toán N.Sách & K.Toán Kh.Bạc,2,0
44087,Thống Kê Dân Số,2,0
44088,Thống Kê Kinh Tế 2,2,0
44089,Thống Kê Thương Mại,2,0
44091,Kế Toán Quản Trị Chi Phí,4,45
44092,Nghiệp Vụ Ngân Hàng Thương Mại,2,0
44093,Kế Toán Thương Mại - Dịch Vụ,3,30
44094,Thị Trường Chứng Khoán,3,0
44095,Anh Văn Chuyên Ngành,4,60
44096,Lý luận chung về Nhà nước,2,30
44097,Thẩm quyền quản lý Nhà nước,2,0
44098,Lịch sử hành chính Việt Nam,3,45
44099,Tổ chức bộ máy HC Nhà nước,2,0
44100,Tiếng Việt thực hành,3,0
44101,Phong tục tập quán và LH VN,2,15
44102,Sử dụng internet,2,0
44103,Kỹ thuật sử dụng bàn phím,2,0
44104,Xử lý thư và công văn,2,0
44105,Tâm lý giao tiếp - UX trong CS,2,0
44106,Luật lao động,2,15
44107,Kỹ năng phục vụ khách hàng,2,0
44108,Nghiệp vụ văn phòng,3,15
44109,Xử lý văn bản,2,0
44110,Xử lý bảng tính,2,0
44111,Lưu trữ văn bản,2,0
44112,Thực hành soạn thảo văn bản,2,0
44113,Nghi thức Nhà nước,2,0
44114,Nghiệp vụ kế toán,3,0
44115,Văn hoá doanh nghiệp,2,0
44116,Văn hoá quốc tế,2,0
44117,Văn hoá công sở & ĐĐ công vụ,2,0
44118,Chuyên đề SD trang thiết bị VP,1,0
44119,Thực tập nghề nghiệp,5,0
44120,Thực tập tốt nghiệp,12,0
450000,Lý luận nhà nước & pháp luật 1,2,30
450001,Lý luận nhà nước & pháp luật 2,2,0
450002,Luật hiến pháp 1,2,0
450003,Luật hiến pháp 2,2,0
450004,Xã hội học đại cương,2,15
450005,Logic học đại cương,2,0
450006,Tâm lý học đại cương,2,15
450007,Luật dân sự 1,2,30
450008,Luật hình sự 1,2,30
450009,Xây dựng văn bản pháp luật,2,0
45001,Luật Thú Y,2,0
450010,Luật hành chính 1,2,0
450011,Lịch sử Nhà nước & PL Việt Nam,2,15
450012,Tâm lý học đại cương,3,0
450013,Pháp luật đại cương,3,0
450014,Pháp Luật đại cương,2,0
450015,Pháp luật đại cương,2,15
450016,Pháp luật về KTế thương mại,3,0
450017,Luật hành chính,3,0
450018,Pháp luật kinh tế,3,0
450019,Thuế(CĐTH KB thuế & lập tờ HQ),3,0
45002,Pháp Luật Đại Cương,3,0
450020,Luật lao động,3,0
450021,Lý luận nhà nước và pháp luật,3,0
450022,Luật hiến pháp,2,15
450023,Luật hình sự,3,30
450024,Luật lao động,2,15
450025,Luật dân sự,3,30
450026,Luật thương mại,3,0
450027,Luật ngân hàng,2,0
450028,Nghiệp vụ tòa án,2,15
450029,Luật đất đai,2,15
45003,Pháp Luật Kinh Tế,3,0
450030,Luật thương mại 1,2,0
450031,Luật lao động,3,0
450032,Luật dân sự 2,2,15
450033,Luật hình sự 2,2,15
450034,Luật hôn nhân và gia đình,3,0
450035,Luật thương mại 2,2,0
450036,Lịch sử nhà nước & PL thế giới,2,0
450037,Văn thư lưu trữ,2,0
450038,Luật tố tụng hình sự,3,0
450039,Luật tố tụng dân sự,3,30
45004,Kỹ thuật xây dựng VB pháp luật,2,0
450040,Thanh tra khiếu tố,2,0
450041,Luật hôn nhân gia đình,2,0
450042,Luật hành chính,2,15
450043,"Tuyên truyền, hoà giải PL",2,0
450044,Quản lý hộ tịch -công chứng CT,2,0
450045,Luật tài chính,2,0
450046,Luật môi trường,2,15
450047,Hôn nhân gia đình chuyên sâu,2,15
450048,Thực tập tốt nghiệp,7,0
450049,Chuyên đề LLNN và pháp luật,2,0
45005,Tâm lý học đại cương,2,0
450050,Anh văn chuyên ngành (L),2,0
450051,Chuyên đề luật hiến pháp,2,30
450052,Luật thuế,2,0
450053,Luật so sánh,2,0
450054,Luật sở hữu trí tuệ,2,15
450055,Chuyên đề luật tố tụng dân sự,2,0
450056,Chuyên đề luật lao động,2,15
450057,Luật tư pháp quốc tế,4,0
450058,Luật thương mại quốc tế,2,15
450059,Tội phạm học,2,15
45006,Lý luận Nhà nước và pháp luật,3,15
450060,Luật tố tụng hành chính,2,15
450061,Hoạt động xuất nhập khẩu,2,0
450062,Chuyên đề luật hành chính,2,30
450063,Chuyên đề luật dân sự,3,30
450064,Chuyên đề luật hình sự,3,0
450065,Chuyên đề luật thương mại,3,0
450066,Luật công pháp quốc tế,2,0
450067,Chuyên đề luật tố tụng hình sự,2,0
450068,Luật dân sự 3,2,15
450069,Luật hình sự 3,2,0
45007,Luật hiến pháp,3,0
450070,Luật thương mại 3,2,15
450071,Công tác hòa giải - Tuyên truyền pháp luật,2,0
450072,Luật hành chính 2,2,15
450073,Luật tố tụng hình sự 1,2,0
450074,Luật tố tụng dân sự 1,2,15
450075,Tư pháp quốc tế 1,2,0
450076,Luật tài chính,2,0
450077,Luật tố tụng hình sự 2,2,0
450078,Luật tố tụng dân sự 2,2,15
450079,Tư pháp quốc tế 2,2,0
45008,Lịch sử Nhà nước & PL Việt Nam,2,0
450080,Công pháp quốc tế,2,30
450081,Luật ngân hàng,2,0
450082,Luật hình sự chuyên sâu,2,0
450083,Luật môi trường,2,30
450084,Luật hôn nhân GĐ chuyên sâu,2,0
450085,Hôn nhân và GĐ chuyên sâu,2,0
450086,Luật ngân hàng,2,15
450087,Những vấn đề CB về MTTQ VN,2,30
450088,Tổ chức và hoạt động của MT CS,2,0
450089,Mặt trận và công tác dân tộc,2,0
45009,Luật hành chính,3,0
450090,Mặt trận với CT đối ngoại ND,2,15
450091,Mặt trận và công tác tôn giáo,4,30
450092,Văn hoá các dân tộc thiểu số,2,0
450093,Công pháp quốc tế,2,15
450094,Pháp luật kinh tế,3,0
450095,Luật hành chính đô thị,2,15
450096,Kỹ thuật đàm phán hợp đồng,2,0
450097,Anh văn chuyên ngành (L),3,0
450098,Mặt trận với CT GS PB xã hội,2,0
450099,Kinh tế học đại cương,2,30
45010,Cơ sở văn hoá Việt Nam,3,0
450100,Luật Dân sự,2,0
450101,Báo chí và tuyên truyền,2,15
450102,Công tác VĐ các tầng lớp Nhân dân,2,15
450103,Luật chuyên ngành,2,0
450104,Chuyên đề lý luận NN&PL VN,2,0
450105,Luật lao động 1,2,0
450106,Luật lao động 2,2,0
450107,Khoá luận tốt nghiệp (L),7,0
450108,Tiểu luận tốt nghiệp (L),3,0
450109,Thực tập thực tế (L),2,0
45011,Tiếng Việt thực hành,3,0
450110,Luận văn tốt nghiệp (L),10,0
450111,Tiểu luận tốt nghiệp (L),6,0
450112,Luận văn tốt nghiệp (L),7,0
450113,Lịch sử Nhà nước & Pháp luật Việt Nam,2,0
450114,Kỹ thuật xây dựng Văn bản pháp luật,2,0
450115,Lịch sử nhà nước & Pháp luật thế giới,2,0
450116,"Hoà giải, tuyên truyền Pháp luật",1,0
450117,Pháp luật về kinh doanh bảo hiểm,1,0
450118,Luật Dân sự 2,2,0
450119,Luật Hình sự 2,2,0
45012,Luật hình sự,3,0
450120,Luật Thương mại 2,2,30
450121,Luật hành chính đô thị,2,0
450122,Pháp luật về công chứng chứng thực,1,0
450123,Khoa học điều tra hình sự,2,0
450124,"Pháp luật về thanh tra khiếu nại,tố cáo",1,0
450125,Luật tài chính 1,2,0
450126,Luật tố tụng hành chính,1,0
450127,Pháp luật về quản lý hộ tịch,1,0
450128,Trách nhiệm dân sự ngoài HĐ,2,0
450129,Giám định pháp y,2,0
45013,Luật dân sự,3,0
450130,Luật tố tụng hình sự 1,2,0
450131,Luật tố tụng dân sự 1,2,0
450132,Luật tài chính 2,2,15
450133,Hoạt động xuất nhập khẩu,1,0
450134,Luật thương mại quốc tế,2,30
450135,Pháp luật về KD chứng khoán,2,0
450136,Luật cạnh tranh,1,0
450137,"Quyền con người,quyền công dân",2,0
450138,Tội phạm học,2,0
450139,Nghề luật sư và TV pháp luật,1,0
45014,Luật thương mại,3,0
450140,Nghiệp vụ toà án,1,0
450141,Thực tập tốt nghiệp (L),4,0
450142,Luật lao động,2,0
450143,Lý luận nhà nước và pháp luật,4,60
450144,Luật bảo hiểm xã hội,2,30
450145,Luật dân sự 2,2,0
450146,Luật hình sự 2,2,0
450147,"Hòa giải, tuyên truyền pháp luật",2,0
450148,Luật hình sự 1,2,0
450149,Chuyên ngành (Luật HS),4,0
45015,Luật ngân hàng,3,0
450150,Lý luận Nhà nước và pháp luật 2,2,15
450151,Lịch sử Nhà nước và pháp luật Việt Nam,3,45
450152,Luật Dân sự 1,2,15
450153,Luật Thương mại 1,2,15
450154,Luật Hiến pháp 1,3,0
450155,Luật học so sánh,2,30
450156,Pháp luật về phòng chống tham nhũng,2,30
450157,Luật hành chính,3,0
450158,Trách nhiệm dân sự ngoài hợp đồng,2,15
450159,Luật hôn nhân và gia đình,2,15
45016,Luật tố tụng hình sự,3,0
450160,Soạn thảo văn bản pháp luật,3,30
450161,Pháp luật về hoạt động xuất nhập khẩu,1,0
450162,Kỹ năng đàm phán hợp đồng,1,0
450163,Luật Thương mại điện tử,2,30
450164,Pháp luật về An sinh xã hội,2,15
450165,Tư pháp quốc tế,2,0
450166,Tâm lý học tội phạm,2,0
450167,Pháp luật về Chứng khoán,2,0
450168,Luật đầu tư,2,0
450169,Phương pháp nghiên cứu khoa học Luật,3,0
45017,Luật tố tụng dân sự,3,0
450170,Pháp luật về tài chính nhà nước,3,0
450171,Khoa học điều tra hình sự,1,0
450172,Thực tập tốt nghiệp,3,0
450173,Xã hội học pháp luật,2,0
450174,Quyền công dân - quyền con người,1,0
450175,Luật tố tụng hành chính,2,30
450176,Luật Hiến Pháp,3,0
450177,Quyền nhân thân theo quy định pháp luật dân sự,1,0
450178,Luật Tố tụng hình sự,2,0
450179,Xã hội học pháp luật,1,0
45018,Luật hôn nhân - gia đình,3,0
450180,Pháp luật về tài sản của vợ chồng,2,0
450181,Pháp luật về tài sản,2,0
450182,Chứng cứ - chứng minh trong tố tụng dân sự,2,30
450183,Pháp luật về thủ tục rút gọn trong tố tụng Dân sự,1,0
450184,Thi hành án dân sự,2,0
450185,Quyền công dân - quyền con người,2,0
450186,Pháp luật bảo vệ quyền lợi người tiêu dùng,2,0
450187,Pháp luật về nhà ở,2,0
450188,Hợp đồng dân sự thông dụng,1,0
450189,Luật đầu tư,1,0
45019,"Tuyên truyền, hoà giải p.luật",2,0
450190,Bảo đảm nghĩa vụ dân sự,2,0
450191,Trách nhiệm dân sự ngoài hợp đồng,1,0
450192,Kỹ năng nghiên cứu và lập luận,2,0
450193,Pháp luật về Xúc tiến thương mại,1,0
450194,Luật Tố tụng dân sự,2,0
450195,Luật đầu tư,2,15
450196,Đấu tranh phòng ngừa tội phạm,1,0
450197,Biện pháp bảo đảm hợp đồng tín dụng ngân hàng,2,15
450198,Luật tố tụng dân sự,2,15
450199,Quyền con người trong pháp luật hình sự,2,0
45020,Thanh tra khiếu tố,2,0
450200,Luật hình sự các nước,1,0
450201,Luật tố tụng hình sự chuyên sâu,1,0
450202,Luật hình sự chuyên sâu,2,0
450203,Mô hình tố tụng hình sự,2,30
450204,Tâm lý học tư pháp,2,0
450205,Kỹ năng thực hành một số hoạt động tố tụng,1,0
450206,Kỹ năng của Luật sư trong tố tụng hình sự,1,0
450207,Luật thi hành án hình sự,2,0
450208,Lý luận định tội,1,0
450209,Kỹ thuật soạn thảo hợp đồng kinh doanh thương mại,1,0
45021,Quản lý hộ tịch -công chứng CT,2,0
450210,Luật WTO,1,0
450211,Pháp luật về thương mại điện tử,2,0
450212,Luật Ngân sách nhà nước,2,0
450213,Pháp luật Kinh doanh bất động sản,2,0
450214,Pháp luật về các Hiệp định thương mại,1,0
450215,Luật Cạnh tranh,2,15
450216,Pháp luật bảo vệ quyền lợi người tiêu dùng,2,30
450217,Một số hợp đồng thông dụng trong lĩnh vực ngân hàng,1,0
450218,Quản lý nhà nước về kinh tế,2,15
450219,Pháp luật về dịch vụ Logistics,1,0
45022,Luật lao động,3,0
450220,Luật hình sự phần chung,3,0
450221,Pháp luật về thanh tra,1,0
450222,Lịch sử các học thuyết pháp lý,1,0
450223,Luật hình sự phần các tội phạm,2,0
450224,Luật thương mại 2,3,30
450225,Pháp luật về khiếu nại tố cáo,1,0
450226,Soạn thảo văn bản pháp luật,2,15
450227,Tư pháp quốc tế,3,30
450228,Phương pháp nghiên cứu khoa học,2,15
450229,Lý luận định tội danh,1,0
45023,Luật môi trường,3,30
450230,Kỹ thuật đàm phán và soạn thảo hợp đồng kinh doanh thương mại,2,0
450231,Hành chính so sánh,2,0
450232,Phương pháp nghiên cứu khoa học luật,2,15
450233,Những quy định chung về luật Dân sự,2,0
450234,Luật học so sánh,2,0
450235,Pháp luật về chủ thể kinh doanh,2,15
450236,Pháp luật,2,0
450237,Pháp luật về các hành vi thương mại,2,0
450238,Pháp luật về xúc tiến thương mại,2,0
450239,Pháp luật về đầu tư,2,0
45024,Luật đất đai,3,0
450240,Tài sản và thừa kế,2,0
450241,Pháp luật về hợp đồng,2,0
450242,Những vấn đề lý luận về luật tố tụng dân sự,2,0
450243,Lý luận chung về tội phạm học,2,15
450244,Nghiệp vụ thư ký tòa án,1,0
450245,Kỹ năng nghiên cứu và lập luận,2,0
450246,Pháp luật về tố tụng kinh doanh thương mại,2,0
450247,Bảo đảm thực hiện nghĩa vụ,2,0
450248,Pháp luật thương mại quốc tế,2,0
450249,Pháp luật về cạnh tranh,2,0
45025,Luật tài chính,3,0
450250,Pháp luật chứng khoán,2,15
450251,Quản lý Nhà nước về kinh tế,1,0
450252,Kỹ thuật đàm phán và soạn thảo hợp đồng kinh doanh thương mại,3,45
450253,Nghề Luật sư và tư vấn pháp luật,2,0
450254,Bồi thường thiệt hại ngoài hợp đồng,2,0
450255,Trình tự thủ tục tố tụng dân sự,2,0
450256,Án lệ trong hệ thống pháp luật Việt Nam,1,0
450257,Luật trách nhiệm bồi thường của nhà nước,1,0
450258,Luật bảo vệ quyền lợi người tiêu dùng,1,0
450259,Khái quát về luật đầu tư,1,0
45026,Thực tập thực tế,7,0
450260,Pháp luật về bảo đảm nghĩa vụ dân sự,1,0
450261,Luật hình sự so sánh,2,30
450262,Điều tra hình sự,2,0
450263,Tố tụng hành chính,2,0
450264,Luật tố tụng hình sự chuyên sâu,2,0
450265,Xã hội học pháp luật,2,0
450266,Luật hiến pháp,3,30
450267,Luật so sánh,1,0
450268,Pháp luật tố tụng hình sự 1,2,15
450269,Pháp luật tố tụng hình sự 2,2,15
45027,Thực tập tốt nghiệp (LH),10,0
450270,Pháp luật về thi hành án hình sự,1,0
450271,Luật về xúc tiến thương mại,2,15
450272,Bảo đảm nghĩa vụ dân sự,2,15
450273,Pháp luật về quản lý hộ tịch,2,15
450274,Tâm lý học trong tư pháp hình sự ,2,15
450275,"Pháp luật về khiếu nại, tố cáo",2,15
450276,Nguồn của luật,2,0
450277,Tiếng Anh chuyên ngành Luật,2,15
450278,Luật kinh doanh bảo hiểm,2,15
450279,Nghề luật sư và đạo đức nghề luật,2,15
45028,LT tổng hợp nghề nghiệp (LLNN),2,0
450280,"Hòa giải, tuyên truyền pháp luật",2,15
450281,Luật WTO,2,15
450282,Luật đầu tư quốc tế,2,15
450283,Quyền con người - quyền công dân,1,0
450284,Pháp luật về thi hành án hình sự,1,0
450285,Pháp luật tài chính nhà nước,3,30
450286,Pháp luật lao động,2,0
450287,Pháp luật về hành vi thương mại,2,15
450288,Pháp luật về thanh toán,2,15
450289,Luật tư pháp quốc tế,2,15
45029,TH nghề nghiệp (Luật HNGĐ),2,0
450290,Luật doanh nghiệp so sánh,2,15
450291,Luật thi hành án dân sự,2,15
450292,Luật hình sự quốc tế,2,0
450293,Kỹ năng thực hành một số hoạt động tố tụng,1,0
450294,Luật hình sự chuyên sâu,1,0
450295,Pháp luật về giao dịch bảo đảm,2,0
450296,Pháp luật về thi hành án dân sự,2,15
450297,Luật trọng tài thương mại,2,0
450298,Pháp luật về quyền nhân thân,2,15
450299,Luật hòa giải đối thoại tại tòa án,2,15
45030,Kỹ thuật XD và ban hành VB pháp luật,2,0
450300,Pháp luật về thủ tục rút gọn,2,0
450301,Pháp luật về thừa phát lại,2,0
450302,Luật dân sự 3,2,0
450303,Luật thanh tra,2,0
450304,Pháp luật về nhà ở,2,0
450305,Luật Hộ tịch,2,0
450306,Luật tài chính nhà nước,2,0
450307,Luật bảo vệ quyền lợi người tiêu dùng,2,0
450308,Chứng cứ - chứng minh trong tố tụng dân sự,1,0
450309,Án lệ trong hệ thống pháp luật Việt Nam,2,0
45031,Lý thuyết tổng hợp nghề nghiệp (Lý luận Nhà nước và pháp luật),2,0
450310,"Luật Hòa giải, đối thoại tại tòa án",1,0
450311,Luật Trọng tài thương mại,2,0
450312,Tâm lý học tội phạm,2,0
450313,Pháp luật phòng chống tham nhũng,2,0
450314,Luật tố tụng hình sự 2,3,0
450315,Quyền con người trong pháp luật tố tụng hình sự,2,0
450316,Luật hình sự quốc tế,2,30
450317,Đấu tranh phòng ngừa tội phạm,2,0
450318,"Pháp luật về thanh tra, khiếu nại tố cáo",2,0
450319,Pháp luật về hoạt động xuất nhập khẩu,2,0
45032,Thực hành nghề nghiệp (Luật dân sự),2,0
450320,Pháp luật về công chứng - chứng thực,2,0
450321,Pháp luật về dịch vụ Logistics,3,0
450322,Luật dân sự,3,0
450323,Luật hình sự,3,0
450324,Luật thương mại,3,0
450325,Luật hình sự (phần thứ nhất),2,15
460000,An toàn lao động,2,0
460001,Nước trong công nghệ TP,2,15
460002,Môi trường và BV nguồi lợi TS,2,0
460003,Vi sinh đại cương,2,15
460004,Hoá học thủy sản,3,0
460005,Các quá trình CN trong CB TS,3,0
460006,Vi sinh thủy sản,2,15
460007,Quản trị học,2,0
460008,Nguyên liệu thủy sản,2,30
460009,Vệ sinh an toàn thực phẩm,2,0
46001,Bảo Quản Sản Phẩm Thủy Sản,2,0
460010,Thiết bị trong CN chế biến TS,3,0
460011,Thực tập định hướng nghề,1,0
460012,An toàn lao động,2,0
460013,Vi sinh đại cương,2,0
460014,Quá trình CNCB trong CBTS,2,0
460015,Kỹ thuật lạnh,2,30
460016,Vi sinh thuỷ sản,2,0
460017,TH Vi sinh thuỷ sản,1,0
460018,Kỹ thuật sấy,2,0
460019,TH Kỹ thuật sấy,1,0
46002,Kỹ Thuật Lạnh Đông Thực Phẩm,4,0
460020,Thực tập định hướng nghề,2,0
460021,Hoá học trong thuỷ sản,4,0
460022,TH hoá học trong thuỷ sản,1,0
460023,Tin học trong thuỷ sản,3,0
460024,Thống kê và phép bố trí TN,3,30
460025,Quản lý hệ thống thuỷ lợi,3,0
460026,Sinh thái học cơ bản,2,0
460027,Luật thuỷ sản,2,0
460028,Sinh thái thuỷ sinh vật,3,0
460029,Thiết bị trong công nghệ CBTS,3,0
46003,Luật Thực Phẩm,3,0
460030,Nước trong công nghệ CBTS,2,0
460031,Vệ sinh an toàn thực phẩm,2,0
460032,Nguyên liệu thuỷ sản,2,0
460033,Phương pháp BTTN & XL số liệu,3,0
460034,Kiểm nghiệm chất lượng TS,4,30
460035,Công nghệ BQ&CB lạnh thuỷ sản,3,0
460036,Thực tập thực tế,4,0
460037,Bao bì,2,0
460038,Hệ thống quản lý chất lượng,2,0
460039,Kiểm nghiệm chất lượng TS,2,0
46004,Thực Tập Nhận Thức,1,0
460040,Chế biến đồ hộp thuỷ sản,2,15
460041,Chế biến tổng hợp,2,0
460042,Bao bì,2,0
460043,Chế biến khô thuỷ sản,2,0
460044,Phát triển sản phẩm mới,2,0
460045,Chế biến nước mắm &các SP mắm,3,0
460046,Chế biến các sản phẩm GTGT,3,15
460047,Bảo quản và CB lạnh thuỷ sản,3,0
460048,TH Kiểm nghiệm chất lượng TS,2,0
460049,Thực tập tốt nghiệp,4,0
46005,Chế Biến & Bảo Quản SP T.Sản,2,0
460050,Cơ sở khoa học môi trường,2,0
460051,Kỹ thuật xử lý nước cấp,2,0
460052,Kỹ thuật xử lý nước thải,1,0
460053,"TH Kỹ thuật XL nước thải, cấp",2,0
460054,Phân tích chất lượng đất,2,0
460055,QL CLN trong Nuôi & XS GiốngTS,2,0
460056,Thuỷ văn môi trường,2,0
460057,Quản lý chất thải nguy hại,3,0
460058,Thuốc và hoá chất trong TS,2,0
460059,Anh văn chuyên ngành TS,3,0
46006,Vệ Sinh Thực Phẩm & HACCP,4,0
460060,Quản lý chất lượng đáy ao NTTS,3,0
460061,Ứng dụng GIS trong quản lý MT,3,30
460062,Sinh vật chỉ thị môi trường,3,0
460063,Tài nguyên sinh vật biển,2,15
460064,Chuyên đề luật vệ sinh ATTP,2,0
460065,Hoá học thuỷ sản,2,0
460066,TH hoá học thuỷ sản,1,0
460067,Thiết kế và vận hành HT TL,3,30
460068,Cơ sở khoa học môi trường,2,15
460069,Kỹ thuật XL nước trong NTTS,4,0
46007,Xử Lý Nước,2,0
460070,Đánh giá tác động MTtrong NTTS,2,0
460071,Phân tích chất lượng đất,2,0
460072,Quản lý môi trường ao nuôi TS,4,0
460073,Quản lý chất thải nguy hại,2,15
460074,Nuôi thức ăn tự nhiên,2,0
460075,Quản lý dịch bệnh (TS),2,0
460076,Môi trường và con người,2,0
460077,Sinh lý động vật thuỷ sản,3,30
460078,Quản lý và bảo vệ nguồn lợi TS,2,0
460079,Nuôi thuỷ sản kết hợp,2,0
46008,Máy Chế Biến,2,30
460080,Luật & CS phát triển thuỷ sản,2,0
460081,KT nuôi & SX GTS nước ngọt,3,0
460082,KT nuôi & SX GTS nước lợ,3,0
460083,Anh văn chuyên ngành thuỷ sản,2,0
460084,Quan trắc & CB MT trong NTTS,3,0
460085,Hoá học thực phẩm 1,2,0
460086,TH Hoá học thực phẩm 1,1,0
460087,Vi sinh thực phẩm,2,0
460088,Các quá trinh công nghệ cơ bản,2,0
460089,TH Các quá trinh công nghệ CB,1,0
46009,Sinh Hóa Thực Phẩm,3,45
460090,Hoá học thực phẩm II,2,0
460091,TH Hoá học thực phẩm II,1,0
460092,An toàn lao động,2,30
460093,Thuỷ sinh vật 1,3,0
460094,Thuỷ sinh vật 2,4,0
460095,Thuỷ sinh vật cơ bản,2,0
460096,Phương pháp NC sinh học cá,2,0
460097,Hoá học trong thuỷ sản,3,0
460098,Vi sinh thuỷ sản,3,0
460099,An toàn lao động và VSMT,2,15
46010,Vi Sinh Thực Phẩm,3,0
460100,Cơ khí trong thuỷ sản,2,15
460101,Thống kê & thí nghiệm trong TS,3,0
460102,Các quá trinh công nghệ CB 1,2,0
460103,Các quá trình CN trong CB TS,2,0
460104,TH Các quá trình CN trong CBTS,1,0
460105,Thiết bị trong CN chế biến TS,2,30
460106,TH Thiết bị trong CN CBTS,1,0
460107,An toàn lao động,1,0
460108,TH An toàn lao động,1,0
460109,Hoá học thực phẩm 1,3,0
46011,Bao bì,2,0
460110,Kỹ thuật sấy,3,0
460111,Chế biến các sản phẩm GTGT,2,0
460112,Chế biến mắm và nước chấm,2,0
460113,Thực tập tốt nghiệp,6,0
460114,Tiếp thị nông sản thực phẩm,2,0
460115,Hoá học thực phẩm II,3,0
460116,Các quá trình công nghệ CB II,2,0
460117,Thiết bị trong công nghệ TP,3,0
460118,Hóa keo thực phẩm,2,15
460119,Kiểm nghiệm thực phẩm,2,0
46012,Chế Biến & Bảo Quản SP T.Sản,4,0
460120,Công nghệ sản xuất đường mía,2,15
460121,Công nghệ sản xuất bánh kẹo,2,0
460122,Công nghệ BQ & CB ngũ cốc,2,0
460123,Công nghệ BQ & CB lương thực,2,0
460124,Công nghệ CB các SP lên men,2,0
460125,"Công nghệ BQ & CB sữa, trứng",2,15
460126,Quản trị học và tiếp thị Sp,2,0
460127,Hoá phân tích,3,0
460128,Hoá sinh đại cương,2,0
460129,Vi sinh thực phẩm,3,30
46013,Thực Tập Nhận Thức 2,2,0
460130,4Tin học trong thuỷ sản,4,30
460131,Hoá học trong thuỷ sản,3,0
460132,Phương pháp NC bệnh trên ĐVTS,4,0
460133,Đánh giá tác động môi trường,3,30
460134,Độc chất học thủy vực,3,0
460135,Kiểm nghiệm chất lượng TS,4,0
460136,Kiểm nghiệm vi sinh thực phẩm,3,30
460137,Công nghệ bảo quản và CBTS,3,0
460138,Công nghệ BQ&CB rau quả,3,30
460139,Công nghệ BQ&CB sản phẩm thịt,3,0
46014,TH Sinh Hóa Thực Phẩm,1,0
460140,Thực tập tốt nghiệp (CBTS),8,0
460141,Bao bì thực phẩm,2,15
460142,Hoá hữu cơ,2,0
460143,Hoá học thực phẩm,3,30
460144,Các quá trình công nghệ C.bản,3,0
460145,"Xử lý nước cấp, nước thải TCN",2,15
460147,Chuyên đề an toàn thực phẩm,2,0
460148,Nguyên lý BQ sau thu hoạch,3,0
460149,"Công nghệ Protein, Enzyme",2,0
46015,TH Xử Lý Nước,1,0
460150,Công nghệ BQ&CB lạnh thuỷ sản,2,0
460151,Coop 1 (CB),3,0
460152,Coop 2 (CB),3,0
460153,Coop 3 (CB),3,0
460154,Coop 4 (CB),3,0
460155,Coop 5 (CB),3,0
460156,Coop 6 (CB),3,0
460157,Phương pháp BTTN&XL số liệu TK,2,0
460158,Kiểm nghiệm chất lượng TP,4,45
460159,Bao bì thực phẩm,2,30
46016,Chế Biến Nông Sản,3,0
460160,"Xử lý nước cấp, nước thải TCN",2,30
460161,Máy chế biến,2,15
460162,Phát triển sản phẩm,2,15
460163,Khoá luận tốt nghiệp (CB),5,0
460164,Anh văn chuyên ngành,2,15
460165,Công nghệ bảo quản &CB lạnh TS,3,0
460166,Tiếp thị nông sản thực phẩm,2,0
460167,Phương pháp BTTN&XL số liệu TK,3,0
460168,"Xử lý nước cấp, nước thải trong CNTP",2,15
460169,Cân bằng vật chất năng lượng,2,15
46017,Thực Tập Thực Tế,2,0
460170,Các quá trình cơ bản trong công nghệ thực phẩm,2,0
460171,Đánh giá cảm quan thực phẩm,2,15
460172,Nguyên lý bảo quản và chế biến thực phẩm,3,30
460173,Phụ gia thực phẩm,2,30
460174,"Công nghệ BQ và CB sữa, trứng",3,0
460175,Kiểm nghiệm hoá học thực phẩm,2,0
460176,Thực phẩm chức năng,2,0
460177,Công nghệ SX nước giải khát,2,0
460178,Công nghệ bảo quản và chế biến thủy sản,3,30
460179,Đồ án công nghệ thực phẩm,2,0
46018,Thực Tập Thực Tế 4,4,0
460180,Công nghệ CB dầu mỡ thực phẩm,2,0
460181,"Công nghệ BQ&CBtrà,càphê,cacao",2,15
460182,Dinh dưỡng người,2,15
460183,Công nghệ sản xuất đồ hộp TP,2,15
460184,Thực tập thực tế (STH),2,0
460185,"Xử lý phụ, phế phẩm thực phẩm",2,0
460186,Tiểu luận tốt nghiệp (STH),3,0
460187,Luận văn tốt nghiệp (STH),7,0
460188,Công nghệ sx các SP lên men,3,0
460189,Khoá luận tốt nghiệp (CB),5,0
46019,Chế Biến Thủy Sản,5,0
460190,Sinh hoá đại cương,3,0
460191,Máy chế biến,2,0
460192,Sinh hoá thực phẩm,3,0
460193,Hoá keo thực phẩm,2,0
460194,Cơ sở ngành (Kinh tế NT và CS  PT NT),3,0
460195,Chuyên ngành (Quy hoạch PT NT và QL dự án PT),4,0
460196,Máy chế biến,2,30
460197,Sinh hóa,3,30
460198,Chế biến khô,2,0
460199,Sinh thái thủy sinh vật,2,15
46020,Điện ứng Dụng Trong CNTP,3,0
460200,Hóa phân tích,2,15
460201,Nhiệt kỹ thuật,2,15
460202,Nguyên lý bảo quản và chế biến thực phẩm,2,0
460203,Kiểm nghiệm vi sinh thực phẩm,2,15
460204,Công nghệ bảo quản và chế biến thịt,2,15
460205,Công nghệ bảo quản và chế biến rau quả,2,0
460206,Phương pháp bố trí thí nghiệm và xử lý số liệu,2,0
460207,Đồ án môn học,2,0
460208,Công nghệ bảo quản và chế biến thủy sản,2,0
460209,Độc chất học thực phẩm,2,0
46021,Hóa Phân Tích (CNTP),2,0
460210,Công nghệ enzyme,2,0
460211,Hóa học thực phẩm,3,0
460212,Thực tập tốt nghiệp,3,0
460213,Hóa keo,2,0
460214,Thực tập thực tế,2,0
460215,Quản lý và bảo vệ nguồn lợi thủy sản,2,15
460216,Sinh học đại cương A1,3,0
460217,Sinh học đại cương A2,3,0
460218,Lý sinh học,3,0
460219,Sinh hóa,4,0
46022,Toán Cao Cấp,4,0
460220,An toàn phòng thí nghiệm,2,0
460221,Miễn dịch học,2,15
460222,Thương mại hóa sản phẩm công nghệ sinh học,2,0
460223,Hóa dược,2,15
460224,Di truyền học,3,0
460225,Công nghệ Protein-enzyme,3,0
460226,Thống kê sinh học,2,15
460227,Sinh lý người và động vật,3,0
460228,Công nghệ tế bào gốc,2,15
460229,Vi sinh công nghiệp,2,0
46023,Hóa Học Thực Phẩm 1,4,0
460230,Vi sinh nông nghiệp,2,0
460231,Công nghệ DNA tái tổ hợp,3,0
460232,Hóa học ứng dụng trong nông nghiệp,3,0
460233,Anh văn chuyên ngành (CNSH),3,15
460234,Chuyên đề công nghệ sinh học,3,15
460235,Công nghệ sản xuất vaccine,2,15
460236,Vi sinh y học,2,15
460237,Công nghệ sinh học trong chọn giống cây trồng,2,15
460238,Nuôi cấy mô và tế bào thực vật,3,30
460239,Công nghệ sản xuất sinh phẩm,3,30
46024,Vật Lý ứng Dụng - Nhiệt,4,45
460240,Nấm học,3,30
460241,Tin Sinh học,2,15
460242,Ứng dụng công nghệ sinh học trong nông nghiệp,2,0
460243,Ứng dụng công nghệ sinh học trong y dược,2,0
460244,Thực tập cuối khóa,4,0
460245,Vật lý học thực phẩm,2,15
460246,Kỹ thuật lên men thực phẩm,2,15
460247,Công nghệ bảo quản và chế biến lương thực,3,30
460248,Thực phẩm chức năng,3,30
460249,Công nghệ sản xuất đường mía,3,30
46025,Thống Kê ứng Dụng,3,0
460250,Dinh dưỡng người,3,0
460251,Các quá trình cơ bản trong công nghệ thực phẩm,3,30
460252,Chuyên đề đặc biệt,2,30
460253,Phương pháp bố trí thí nghiệm và xử lý số liệu,3,15
460254,"Sức khỏe, an toàn và vệ sinh môi trường",2,0
460255,Quá trình thiết bị công nghệ hóa học,2,0
460256,Quá trình thiết bị công nghệ sinh học,2,0
460257,Autocad - Kỹ thuật môi trường,2,0
460258,Hệ thống tự động hóa,2,15
460259,Thiết bị thủy khí,2,0
46026,Biến Đổi Lý Hóa Thực Phẩm,2,0
460260,Hóa lý - Hóa keo,2,15
460261,Quy hoạch môi trường,2,0
460262,Truyền thông môi trường,2,15
460263,Thống kê phép thí nghiệm,2,15
460264,Quản lý môi trường cơ bản,2,15
460265,Kỹ thuật môi trường đại cương,2,15
460266,Mô hình hóa môi trường cơ bản,2,15
460267,Mô hình hóa,2,0
460268,Lên men thực phẩm,2,0
460269,Hệ thống quản lý chất lượng,2,0
46027,Hóa Học Thực Phẩm 2,3,45
460270,Marketing thực phẩm,2,15
460271,Toán ứng dụng trong kỹ thuật môi trường,2,15
460272,Truyền khối,3,30
460273,Kiểm nghiệm hóa học thực phẩm,3,30
460274,Công nghệ sau thu hoạch,2,0
460275,Công nghệ enzyme,2,15
460276,Nhập môn công nghệ sinh học,2,30
460277,Kỹ thuật xử lý mẫu trong phân tích sắc ký,2,0
460278,Các phương pháp sắc ký Ứng dụng trong Công nghệ sinh học,3,0
460279,Kiểm nghiệm vi sinh,2,15
46028,Chế Biến Sản Phẩm Lên Men,3,0
460280,Quá trình và thiết bị công nghệ sinh học,2,15
460281,Công nghệ nano trong nghiên cứu sinh học,2,15
460282,Phân loại thực vật,2,15
460283,Bệnh học thực vật,3,0
460284,Anh văn chuyên ngành (CNSH),3,0
460285,Côn trùng học,2,0
460286,Công nghệ vi sinh,4,45
460287,Chuyển giao công nghệ và sở hữu trí tuệ công nghệ sinh học,2,15
460288,Các hợp chất có hoạt tính sinh học,2,15
460289,Kỹ thuật sản xuất và ứng dụng vi tảo,3,0
46029,Thực Tập Định Hướng Nghề,2,0
460290,Phụ gia thực phẩm,2,15
460291,Dự án cộng đồng,4,0
460292,Sinh lý người và động vật,2,15
460293,Các phương pháp sắc ký Ứng dụng trong Công nghệ sinh học,2,15
460294,Bệnh học thực vật,2,15
460295,Công nghệ DNA tái tổ hợp,2,15
460296,Công nghệ vi sinh,2,0
460297,Kỹ thuật sản xuất và ứng dụng vi tảo,2,15
460298,Nấm học,2,0
460299,Nuôi cấy mô và tế bào thực vật,2,0
46030,Phân Tích Lý Hóa Thực Phẩm 1,3,0
460300,Công nghệ Protein - enzyme,2,15
460301,Ứng dụng công nghệ sinh học trong nông nghiệp,3,45
460302,Ứng dụng công nghệ sinh học trong y dược,3,45
460303,Sinh lý thực vật,2,15
460304,Di truyền học,2,15
460305,An toàn phòng thí nghiệm,1,15
460306,Công nghệ vi sinh,3,15
460307,Nuôi cấy mô và tế bào thực vật,3,15
460308,Nấm học,3,15
460309,Kỹ thuật xử lý mẫu,2,15
46031,Hóa Keo Thực Phẩm,2,0
460310,Các phương pháp phân tích sắc ký Ứng dụng trong Công nghệ sinh học,2,15
460311,Công nghệ sản xuất bánh kẹo,3,30
460312,Công nghệ sản xuất nước giải khát,3,30
460313,Công nghệ sản xuất đồ hộp thực phẩm,3,30
460314,Hệ thống quản lý chất lượng thực phẩm,2,30
46032,Kiểm Nghiệm Vi Sinh Thực Phẩm,2,0
46033,Quản Trị Học,4,0
46034,Nước Trong Công Nghệ TP,2,0
46035,Các Quá Trình CN Cơ Bản 2,3,0
46036,Anh Văn Chuyên Ngành,4,0
46037,Kỹ Thuật Lạnh,3,0
46038,Bảo Quản Và Chế Biến Rau Quả,4,0
46039,Nghiệp Vụ Kinh Tế,4,0
46040,Bảo Quản Và Chế Biến Thủy Sản,3,45
46041,Máy Và Thiết Bị Trong CNTP,4,45
46042,Thực Tập Thực Tế 1,4,0
46043,Bảo Quản Và Chế Biến Thịt,4,30
46044,Công Nghệ Chế Biến Dầu TP,3,30
46045,Quản Trị Sản Xuất,3,0
46046,Phân Tích Lý Hóa 2,3,30
46047,Dinh Dưỡng,3,0
46048,Bao Bì Thực Phẩm,3,30
46049,Hệ Thống Vi Sinh An Toàn TP,3,0
46050,Bảo Quản Và Chế Biến Sữa,2,0
46051,Hệ Thống Quản Lý Chất Lượng,4,0
46052,Cộng Nghệ Đường - Bánh Kẹo,4,0
46053,Thiết Bị Trong Công Nghệ TP,3,0
46054,Thực Tập Thực Tế,10,0
46055,Kiểm Nghiệm Thực Phẩm,3,0
46056,TH Kiểm Nghiệm Thực Phẩm,2,0
46057,Hợp Đồng KT - Tổ Chức QL,3,45
46058,TH Chế Biến Và Bảo Quản TS,3,0
46059,Thực Tập Tốt Nghiệp,12,0
46060,TH Vi Sinh Thực Phẩm,3,0
46061,TH Sinh Học,1,0
46062,Nguyên Lý Bảo Quản STH,3,45
46063,Các Quá Trình CN Cơ Bản 1,3,0
46064,Thực tập Hóa học,1,0
46065,Bảo Quản Và Chế Biến Ngũ Cốc,2,30
46066,Vệ Sinh An Toàn Thực Phẩm,3,0
46067,TH P.Pháp Thống Kê Bố Trí TN,1,0
46068,TH Công Nghệ CBSP Lên Men,1,0
46069,TH Kiểm Nghiệm Thực Phẩm,1,0
46070,Thiết Bị Trong Công Nghệ TP,3,0
46071,TH Thiết Bị Trong CNTP,1,0
46072,Thực Tập Thực Tế 1,4,0
46073,Nghiệp Vụ Ngoại Thương,2,0
46074,Công Nghệ CB Đường Và Bánh,4,45
46075,Công Nghệ CB Dầu Thực Phẩm,3,30
46076,Tiếp Thị Sản Phẩm,3,0
46077,Khuyến Nghệ,3,0
46078,Thực Tập Tốt Nghiệp,3,0
46079,TH Các Quá Trình CN Cơ Bản 2,1,0
46080,TH Hóa Học Thực Phẩm 2,1,0
46081,TH Phương Pháp Bố Trí TN,1,0
46082,TH Nguyên Lý Bảo Quản STH,1,0
46083,TH Bảo Quản Và Chế Biến NC,1,0
46084,TH Chế Biến Thủy Sản (TS),1,0
46085,TH Bảo Quản Sản Phẩm Thủy Sản,1,0
46086,TH Nước Trong CNTP,1,0
46087,TH Kiểm Nghiệm Vi Sinh TP,2,0
46088,Các Quá Trình Công Nghệ CB 1,3,45
46089,TH Các Quá Trình CN CB 1,1,0
46090,Môi Trường Và BV Nguồn Lợi TS,3,0
46091,Ngoại Ngữ 3 (Tiếng Nhật 3),5,0
46093,Bao Bì Và Chế Biến Đồ Hộp TS,4,0
46094,Công Nghệ Bảo Quản Và CB TS,0,0
46095,Quản Trị Doanh Nghiệp CB TS,4,0
46096,Công Nghệ Bảo Quản Và CB TS,5,0
46097,Các Quá Trình Công Nghệ CBản 1,3,0
46098,Công Nghệ CB Các SP Lên Men,2,0
46099,Công Nghệ Bảo Quản Và CBTS,3,0
46100,TH Công Nghệ Bảo Quản Và CBTS,2,0
46101,CN Chế Biến Đường Mía & Bánh,2,0
46102,Chế Biến Sản Phẩm Lên Men,2,0
46103,Các Quá Trình CN Cơ Bản 1,2,0
46104,Chế Biến Nông Sản,4,30
46105,Công Nghệ CB Đường & Bánh Kẹo,2,0
46106,Vệ Sinh An Toàn Thực Phẩm,2,0
46107,Thực Tập Cơ Sở Ngành,3,0
46108,Công Nghệ Bảo Quản Và CB LT,2,30
46109,TH Kiểm Nghiệm Vi Sinh TP,1,0
46110,Công Nghệ B.Quản & CB SữaTrứng,2,0
46111,Thực Tập Chuyên Ngành 1,3,0
46112,Thực Tập Thực Tế,6,0
465216,Đánh giá tác động môi trường,2,0
46901,Bảo Quản Sản Phẩm Thuỷ Sản,3,0
46902,TH Hoá Phân Tích,1,0
46903,Hoá Học Thực Phẩm 1,3,45
46904,TH Hoá Học Thực Phẩm 1,1,0
46905,Vi Sinh Thực Phẩm,2,30
46906,TH Vi Sinh Thực Phẩm,1,0
46907,Bao Bì Và Chế Biến Đồ Hộp TS,3,0
46908,TH Bao Bì & Chế Biến Đồ Hộp TS,1,0
46909,Bảo Quản Và Chế Biến Rau Quả,3,0
46910,TH Bảo Quản&Chế Biến Rau Quả,1,0
46911,Bảo Quản Và Chế Biến Thịt,2,0
46912,TH Bảo Quản Và Chế Biến Thịt,2,0
46913,Công Nghệ Chế Biến Dầu Tp,2,0
46914,TH Công Nghệ Chế Biến Dầu TP,1,0
46915,TH Hoá Keo Thực Phẩm,1,0
46916,TH Công Nghệ BQ & CB Sữa Trứng,1,0
46917,Môi Trường Và Con Người,3,45
46918,Thực Tập Tốt Nghiệp,15,0
46919,Công Nghệ CB Đường & Bánh kẹo,3,0
46920,TH Công Nghệ CB Đường và B Kẹo,1,0
46921,Tiếp Thị Sản Phẩm,2,30
46922,TH Tiếp Thị Sản Phẩm,1,0
46923,Hệ Thống Quản Lý Chất Lượng,3,0
46924,Chế Biến SP TS Truyền Thống,2,0
46925,TH Chế Biến SP TS Truyền Thống,1,0
46926,Chế Biến Các Sphẩm GTGT,2,0
46927,TH Chế Biến Các SPhẩm GTGT,1,0
46928,Bảo Quản Và Chế Biến Lạnh TS,3,0
46929,TH Bảo Quản & Chế Biến Lạnh TS,1,0
46930,Thực Tập Chuyên Ngành,2,0
46931,Thực Tập Giáo Trình,3,0
46932,Hoá Học Thực Phẩm 2,3,0
46933,TH Hoá Học Thực Phẩm 2,1,0
46934,Hóa Học Thực Phẩm 1,3,0
46935,Thực Tập Giáo Trình,8,0
46936,Thực Tập Thực Tế,0,0
46937,Thực Tập Chuyên Ngành 2,3,0
46938,Phát Triển Sản Phẩm Mới,3,0
46939,Chế Biến Nông Sản,2,0
46940,Công Nghệ BQ & CB Rau Quả,2,0
46941,TH Công Nghệ BQ & CB Rau Quả,1,0
46942,Thực Tập Định Hướng Nghề,2,0
46943,Các Quá Trình CN Cơ Bản 2,4,0
46944,Thiết Bị Trong CN Thực Phẩm,4,0
46945,Điện ứng Dụng Trong CNTP,2,30
46946,TH Điện ứng Dụng Trong CNTP,1,0
46947,Công Nghệ STH Và CB Rau Quả,3,45
46948,Công Nghệ BQ&CB Sản Phẩm Thịt,2,0
46949,Công Nghệ Chế Biến Bánh Kẹo,2,0
46950,Thực Tập Chuyên Ngành 2,3,0
46951,Tiếp Thị Nông Sản Thực Phẩm,2,0
46952,Luật Thuỷ Sản,2,0
46953,Khuyển Ngư,3,0
46954,Thực Tập Tốt Nghiệp,8,0
46955,Hoá học đại cương,3,0
46956,Môi trường và BV nguồi lợi TS,2,30
46957,Quản trị học và tiếp thị NS,3,0
46958,Các quá trình c.bản trong CNTP,3,0
46959,"Xử lý nước cấp,nthải trongCNTP",3,0
46960,Vi sinh thực phẩm,3,15
46961,Máy chế biến,3,0
46962,Hoá học thực phẩm,3,0
46963,Nguyên liệu thuỷ sản,2,0
46964,Chuyên đề an toàn thực phẩm,2,0
46965,Công nghệ BQ&CB lạnh thuỷ sản,4,0
46966,Công nghệ SX đồ hộp TP,4,0
46967,Chế biến khô,4,0
46968,Kiểm nghiệm hoá học TP,3,0
46969,Kiểm nghiệm vi sinh thực phẩm,2,0
46970,Hệ thống quản lý chất lượng,3,0
46971,Chế biến nước mắm &các SP mắm,3,0
46972,Chế biến tổng hợp,3,0
46973,Bao bì thực phẩm,3,30
46974,Phát triển sản phẩm,3,15
46975,Chế biến các sản phẩm GTGT,3,0
46976,Thực tập định hướng nghề(STH),3,0
46977,Thực tập nghề nghiệp(STH),6,0
46978,Thực tập tốt nghiệp (STH),8,0
46979,Kiểm nghiệm thực phẩm,4,0
46980,Công nghệ BQ & CB rau quả,4,0
46981,Công nghệ BQ & CB thịt,4,30
46982,Công nghệ BQ & CB thuỷ sản,4,0
46983,Công nghệ BQ & CB sữa trứng,3,0
46984,Công nghệ chế biến dầu t.phẩm,3,0
46985,"Công nghệ sản xuất bánh, kẹo",3,0
46986,Công nghệ sản xuất đường mía,3,0
46987,Công nghệ sản xuất nước g.khát,3,0
46988,Công nghệ sản xuất rượu bia,3,0
46989,Công nghệ BQ & CB lương thực,3,0
46990,Thực tập định hướng nghề,3,0
46991,Thực tập thực tế,6,0
46992,Thực tập tốt nghiệp,8,0
46993,Bao bì thực phẩm,2,0
470000,Kinh tế vi mô,3,30
470001,Nguyên lý kế toán,3,0
470002,Quản trị học,3,0
470003,Kinh tế vĩ mô,3,0
470004,Kỹ năng chăm sóc khách hàng,2,15
470005,Tài chính - Tiền tệ,3,0
470006,Nguyên lý kế toán,3,0
470007,Marketing căn bản,3,0
470008,Kế toán tài chính 1,3,30
470009,Marketing,2,15
47001,Business Studies,3,0
470010,Nghệ thuật giao tiếp,2,0
470011,Toán tài chính,2,15
470012,Kinh tế học đại cương,3,0
470013,Kế toán tài chính 1,4,0
470014,Kế toán tài chính 2,3,30
470015,Thị trường tài chính,2,0
470016,Thuế,2,15
470017,Kế toán tài chính 2,3,0
470018,Kế toán quản trị chi phí,2,0
470019,Tín dụng ngân hàng thương mại,2,0
47002,Business Writing,3,0
470020,Nghiệp vụ ngoại thương,2,15
470021,Thực hành kế toán 1,2,0
470022,Thực hành kế toán 2,2,0
470023,Nguyên lý thống kê kinh tế,3,0
470024,Thanh toán quốc tế,2,15
470025,Phân tích hoạt động kinh doanh,2,15
470026,Thực tập thực tế,2,0
470027,Kế toán kho bạc,2,0
470028,Kế toán ngân sách,2,0
470029,Quản trị doanh nghiệp,3,0
47003,Nguyên Lý Kế Toán,4,0
470030,Kế toán tài chính,3,0
470031,Chuyên đề HD TH khai báo thuế,2,15
470032,Tin học UD trong kinh doanh,2,0
470033,Quản trị chất lượng sản phẩm,2,0
470034,Quản trị sản xuất,2,15
470035,Hệ thống thông tin quản lý,2,15
470036,Quản trị Marketing,2,15
470037,Hành vi tổ chức,2,15
470038,Quản trị tài chính,2,15
470039,Văn hoá và ĐĐ trong kinh doanh,2,15
47004,Quản Trị Nguồn Nhân Lực,5,75
470040,Kinh tế lượng,3,0
470041,Quản trị chiến lược,3,0
470042,Thực hành kế toán 1,3,0
470043,Thực hành kế toán 2,3,0
470044,Tin học kế toán,3,0
470045,Chuyên đề lập báo cáo nội bộ,2,0
470046,Thực tập tốt nghiệp,4,0
47005,Soạn Thảo Văn Bản Và LT Học,5,0
470056,Hành vi khách hàng,2,15
470057,Kinh tế vi mô,2,15
470058,Kinh tế vĩ mô,2,15
470059,Thực hành ngôn ngữ văn bản,2,0
47006,Ngoại Ngữ 2 (Tiếng Nhật 2),5,0
470060,Đạo đức công vụ,2,0
470061,Đàm phán trong kinh doanh,2,15
470062,Nghệ thuật lãnh đạo,2,15
470063,Tài chính - Tiền tệ,2,15
470064,Tâm lý học quản lý,2,15
470065,Quản trị tài chính 1,2,0
470066,Quản trị chiến lược,2,15
470067,Kinh tế lượng,2,15
470068,Thương mại điện tử,2,15
470069,CĐ nguồn NL trong MT CT T.Cầu,2,0
47007,Nghiệp Vụ Ngoại Thương CB,4,0
470070,Kế toán tài chính tổng hợp,6,60
470071,Tín dụng ngân hàng,3,0
470072,Kế toán quốc tế (kế toán Mỹ),3,0
470073,Chuyên đề giáo dục pháp luật,2,15
470074,Chuyên đề marketing,2,0
470075,Kinh tế học,2,15
470076,Quản trị nguồn nhân lực 2,3,0
470077,Lễ tân ngoại giao thực hành,2,15
470078,Tổ chức sự kiện,2,0
470079,Ứng dụng 5S trong TH CT VP,2,0
47008,Luật Hành Chính,5,0
470080,"Chuyên đề tuyển dụng, ĐT&PTNNL",2,0
470081,Kế toán ngân hàng thương mại,2,15
470082,Kiểm toán căn bản,3,0
470083,Tin học kế toán,2,0
470084,Quản trị nguồn nhân lực,3,0
470085,Nghiên cứu Marketing,2,0
470086,Marketing xuất nhập khẩu,2,0
470087,Quản trị thương hiệu,2,15
470088,Sử dụng PM Access trong CTKT,2,0
470089,Kế toán ngân sách & KT kho bạc,3,0
47009,Tâm Lý ứng Xử Trong Công Sở,4,0
470090,Thuế,2,0
470091,Quản trị dự án,2,0
470092,Quản trị chất lượng,3,0
470093,Kế toán tài chính nâng cao,3,30
470094,Quản trị tài chính 2,2,0
470095,Thực hành kế toán nâng cao,3,0
470096,Quản trị tài chính 1,3,0
470097,Chuyên đề kinh tế vi mô,1,0
470098,Chuyên đề kinh tế vĩ mô,1,0
470099,Kế toán hành chính sự nghiệp,2,0
47010,Luật Hành Chính,4,0
470100,Kỹ năng TC & PT nghề nghiệp,2,0
470101,Kinh tế lượng,3,0
470102,Quản trị sự thay đổi,2,15
470103,Thiết lập & thẩm định dự án ĐT,2,15
470104,Kỹ năng làm việc nhóm,2,15
470105,Kỹ năng quản lý thời gian,2,0
470106,Tín dụng và thẩm định TDNH,4,0
470107,Tài chính doanh nghiệp,3,30
470108,Thuế căn bản,3,0
470109,Kinh tế vi mô I,3,0
47011,Nghiên Cứu Marketing,4,30
470110,Lịch sử các học thuyết K.Tế,2,0
470111,Kinh tế vi mô II,3,0
470112,Kinh tế vĩ mô I,3,0
470113,Kế toán thương mại dịch vụ,2,0
470114,Kiểm toán nâng cao,2,0
470115,Kinh tế học,3,0
470116,Kỹ thuật TC và ĐH công sở,3,45
470117,Quản trị nguồn NL nâng cao,3,0
470118,Phân tích hoạt động kinh doanh,3,0
470119,Tiểu luận tốt nghiệp,3,0
47012,Kỹ Năng Chăm Sóc Khách Hàng,2,30
470120,Tiểu luận tốt nghiệp,4,0
470121,Kinh tế phát triển,2,15
470122,Phân tích hoạt động kinh doanh,2,0
470123,Kế toán quản trị,2,15
470124,Kiểm toán căn bản,2,15
470125,Văn hoá DN và ĐĐ trong KD,2,0
470126,Kế toán ngân sách,3,0
470127,Quản trị nông trại,2,0
470128,Quản trị tài chính,3,0
470129,Thanh toán quốc tế,3,0
47013,Quản Trị Nguồn Nhân Lực,3,0
470130,Quản trị chất lượng,2,15
470131,Kế toán hành chính sự nghiệp,2,15
470132,Kinh tế vĩ mô II,3,30
470133,Pháp luật kinh tế,2,15
470134,Kinh tế phát triển,3,0
470135,Kinh doanh quốc tế,2,15
470136,Lịch sử KT Việt Nam & thế giơí,2,0
470137,Luật kinh tế,3,0
470138,Toán tài chính,3,0
470139,Đầu tư tài chính,2,15
47014,Soạn Thảo Văn Bản Và LT Học,4,0
470140,Tín dụng ngân hàng,2,0
470141,Kế toán quốc tế,2,15
470142,Nghiệp vụ kế toán,3,0
470143,Kiểm toán,3,0
470144,Khoá luận tốt nghiệp,10,0
470145,Quản trị rủi ro,2,15
470146,Kế toán ngân hàng,2,0
470147,Phân tích chứng khoán,2,0
470148,Quản trị tài chính,3,0
470149,Tài chính quốc tế,3,0
47015,Nghiên Cứu Khoa Học,2,30
470150,Quản trị dự án,2,15
470151,Quản trị nguồn NL nâng cao,2,0
470152,Kinh tế học đại cương,2,15
470153,Sử dụng phần mềm Access,2,0
470154,Nghiệp vụ ngân hàng thương mại,2,15
470155,Quản trị chiến lược,3,0
470156,Quản trị dự án,3,0
470157,Khoá luận tốt nghiệp (KT),5,0
470158,Kế toán quản trị,2,0
470159,Kinh tế quốc tế,3,30
47016,Nghiên Cứu Marketing,3,0
470160,Kinh tế môi trường,3,30
470161,Marketing quốc tế,3,0
470162,Thị trường chứng khoán,2,15
470163,Tài chính quốc tế,2,15
470164,Bảo hiểm vận tải quốc tế,3,0
470165,Anh văn chuyên ngành I(TCNH),3,0
470166,Nghiệp vụ ngoại thương,3,0
470167,Kinh tế đối ngoại,3,0
470168,Quản trị danh mục đầu tư,3,0
470169,Thị trường chứng khoán,3,30
47017,Chuyên Đề Nghiên Cứu Marketing,2,0
470170,Nghiệp vụ ngân hàng TM 1,3,30
470171,Nghiệp vụ ngân hàng TM 2,3,0
470172,Tín dụng và thẩm định TDNH,3,0
470173,Nghiệp vụ ngân hàng trung ương,2,15
470174,Nghiệp vụ ngân hàng quốc tế,2,15
470175,Quản lý quỹ đầu tư,2,0
470176,Thị trường giao sau & Q.chọn,2,0
470177,Anh văn chuyên ngành (TCNH),3,30
470178,Kế toán kho bạc &KT ngân sách,2,0
470179,Quản trị danh mục đầu tư,2,0
47018,Tin Học ứng Dụng Trong KD,2,0
470180,Tài chính quốc tế,3,0
470181,Thiết lập và thẩm định DA Đ.tư,3,0
470182,Marketing ngân hàng,3,0
470183,Kế toán ngân hàng,4,30
470184,Quản trị ngân hàng,3,0
470185,Thực tập tốt nghiệp (TCNH),3,0
470186,Khoá luận tốt nghiệp (TCNH),7,0
470187,Tiểu luận tốt nghiệp,3,0
470188,Kế toán ngân hàng nâng cao,2,15
470189,Chuyên đề ngân hàng,2,0
47019,Kế Toán Quản Trị,2,0
470190,Khoá luận tốt nghiệp (KT),7,0
470191,Thực tập tốt nghiệp,3,0
470192,Kinh tế vĩ mô II,2,0
470193,Lịch sử kinh tế Việt Nam và TG,2,15
470194,Anh văn chuyên ngành I (K),2,15
470195,Kinh tế đối ngoại,2,15
470196,Kinh tế công cộng,3,30
470197,Anh văn chuyên ngành II (K),2,15
470198,Marketing quốc tế,2,15
470199,Phân tích chính sách kinh tế,2,0
47020,Kiểm Toán,2,0
470200,Thực tập tốt nghiệp (K),3,0
470201,Khoá luận tốt nghiệp (K),7,0
470202,Tiểu luận tốt nghiệp (K),3,0
470203,Quản trị Logistics,2,0
470204,Kinh tế đối ngoại nâng cao,2,0
470205,Hệ thống thông tin kế toán,2,0
470206,Thực hành khai báo thuế,2,15
470207,Tín dụng ngân hàng,3,45
470208,Kế toán ngân sách &NV kho bạc,3,0
470209,Kế toán quốc tế,3,0
47021,Phân Tích Hoạt Động Kinh Doanh,2,0
470210,Kế toán thương mại dịch vụ,3,45
470211,Kiểm toán nâng cao,4,0
470212,Kế toán hoạt động ĐT XDCB,2,0
470213,Khoá luận tốt nghiệp (QKD),5,0
470214,Phân tích & Đ.tư chứng khoán,2,0
470215,Đầu tư tài chính,3,0
470216,Kế toán ngân hàng,3,30
470217,Nguyên lý kế toán,4,0
470218,Kế toán quản trị,3,0
470219,Quản trị kênh phân phối,3,0
47022,Tài Chính Doanh Nghiệp,3,45
470220,Thực hành kế toán,3,0
470221,Thực hành kế toán,3,0
470222,Văn hóa và đạo đức trong KD,2,15
470223,Kiểm toán,2,0
470224,Tài chính - Tiền tệ,3,0
470225,Anh văn chuyên ngành 2,3,0
470226,Chuyên đề TCH&HN kinh tế QT,2,15
470227,Soạn thảo và lưu trữ văn bản,2,0
470228,Chuyên đề kinh tế đối ngoại,2,0
470229,Nghiệp vụ ngân hàng TM,4,0
47023,Chuyên Đề Kế Toán Quản Trị,1,0
470230,Kinh tế học nâng cao,2,0
470231,Khoá luận tốt nghiệp (KT),10,0
470232,Cơ sở ngành (toán tài chính),3,0
470233,"Chuyên ngành(NV NHTM 1,2)",4,0
470234,Chuyên ngành (KT TC tổng hợp),4,0
470235,Quản trị tài chính 2,3,0
470236,Đạo đức kinh doanh và văn hóa doanh nghiệp,2,15
470237,Chuyên ngành (nghiệp vụ ngân hàng thương mại),4,0
470238,Chuyên ngành (Kế toán tài chính),4,0
470239,Nghiệp vụ kế toán,3,0
47024,Chuyên Đề Về TT Tài Chính,1,0
470240,Phương pháp nghiên cứu khoa học trong kinh tế,2,15
470241,Lý thuyết XS và thống kê toán,2,15
470242,Chuyên ngành (quản trị doanh nghiệp),4,0
470243,Khởi sự doanh nghiệp,2,0
470244,Thống kê ứng dụng trong kinh doanh,3,0
470245,Anh văn chuyên ngành (QKD),2,15
470246,Kế toán tài chính,2,15
470247,Quản trị doanh nghiệp,2,30
470248,Quản trị thương hiệu,2,30
470249,Quản trị tài chính,3,0
47025,Nghệ Thuật Lãnh Đạo,2,0
470250,Nghiệp vụ ngân  hàng thương mại,4,0
470251,Kế toán nhà nước,2,15
470252,Anh văn thương mại 1,2,0
470253,Anh văn thương mại 2,2,0
470254,Kinh tế quốc tế,2,15
470255,Anh văn thương mại 3,2,0
470256,Anh văn thương mại 4,2,0
470257,Bảo hiểm vận tải quốc tế,2,15
470258,Quản trị chuỗi cung ứng,2,0
470259,Kinh tế vùng,2,15
47026,Tin Học ƯD Trong Kinh Doanh,1,0
470260,Đầu tư nước ngoài,2,0
470261,Chuyên đề hội nhập quốc tế,2,0
470262,Tài chính hành vi,2,0
470263,Thẩm định tín dụng,2,15
470264,Anh văn chuyên ngành,3,0
470265,Marketing ngân hàng,2,15
470266,Tài chính công,2,15
470267,Ngân hàng trung ương,2,0
470268,Quản trị ngân hàng,2,15
470269,Phân tích báo cáo tài chính,2,15
47027,Thống Kê Kinh Tế,4,0
470270,Quản trị đầu tư,2,15
470271,Tài chính vi mô,2,15
470272,Kinh doanh ngoại hối,2,15
470273,Hệ thống thông tin kế toán,2,15
470274,Kế toán doanh nghiệp xây lắp và đơn vị chủ đầu tư,2,15
470275,Tổ chức công tác kế toán,3,0
470276,Anh văn chuyên ngành (KT),2,15
470277,Kế toán excel,2,15
470278,Kế toán quốc tế (kế toán Mỹ),2,0
470279,Thực hành phần mềm kế toán,2,0
470280,Kế toán Nhà nước,3,0
470281,Lập báo cáo tài chính,2,0
470282,Phân tích chuẩn mực kế toán quốc tế,2,0
470283,Kế toán quản trị,3,30
470284,Khởi tạo doanh nghiệp,2,15
470285,Chuyên đề quản trị rủi ro ngân hàng thương mại,2,0
470286,Chuyên đề hội nhập kinh tế trong lĩnh vực ngân hàng,2,0
470287,Kế toán Mỹ,2,0
470288,Thực hành phần mềm kế toán,3,0
470289,Phân tích chuẩn mực kế toán,2,0
470290,Thực hành ghi sổ kế toán,3,15
470291,Nguyên lý kế toán,3,0
470292,Kinh tế vi mô,3,0
470293,Lý thuyết xác suất và thống kê toán,3,0
470294,Ứng dụng phần mềm phân tích thống kê,2,0
470295,Thực tập cuối khóa,3,0
470296,Kế toán tài chính 2,3,0
470297,Tổ chức công tác kế toán,3,0
470298,Thực tập thực tế,2,0
470299,Thực hành ghi sổ kế toán,2,0
470300,Kế toán quản trị,2,0
470301,Kế toán thương mại dịch vụ,3,0
470302,Quản trị học,3,0
470303,Quản trị nguồn nhân lực,3,0
470304,Nguyên lý thống kê kinh tế,3,15
470305,Thực tập cuối khóa,4,0
470306,Phân tích hoạt động kinh doanh,3,15
470307,Khởi tạo doanh nghiệp,2,0
470308,Thực tập thực tế,2,0
470309,Thực tập cuối khóa,3,0
470310,Khóa luận tốt nghiệp,5,0
470311,Toán kinh tế,2,15
470312,Nguyên lý thống kê kinh tế,2,15
470313,Kế toán công,3,0
470314,Phương pháp nghiên cứu khoa học trong kế toán,2,0
470315,Thuế,3,0
470316,Quản trị tài chính,2,15
470317,Luật kế toán và chuẩn mực kế toán,3,30
470318,Kế toán tài chính 3,3,30
470319,Lập báo cáo tài chính,3,30
470320,Thực hành khai báo thuế,2,0
470321,Kế toán mô phỏng,4,15
470322,Phương pháp nghiên cứu khoa học trong kinh doanh,2,15
470323,Kinh tế vi mô,2,30
470324,Kinh tế đại cương,2,0
470325,Soạn thảo văn bản,2,30
470326,Hành vi tổ chức,2,0
470327,Thống kê ứng dụng trong kinh doanh,2,15
470328,Phương pháp nghiên cứu khoa học trong tài chính ngân hàng,2,15
470329,Kế toán tài chính 1,3,0
470330,Kế toán công,2,15
470331,Luật ngân hàng và luật các tổ chức tín dụng,2,0
470332,Đạo đức kinh doanh ngân hàng,2,15
470333,Bảo hiểm,2,0
470334,Kế toán ngân hàng thương mại,3,30
470335,Nghiệp vụ ngân hàng thương mại,3,30
470336,Thực hành nghiệp vụ ngân hàng,2,15
470337,Chuyên đề kỹ năng bán hàng,3,45
470338,Tin học ứng dụng trong kinh doanh,2,0
470339,Anh văn chuyên ngành 1,2,0
470340,Thực tế,1,0
470341,Thực hành anh văn chuyên ngành,1,0
470342,Kinh tế công cộng,2,15
470343,Kỹ năng bán hàng,2,15
470344,Anh văn chuyên ngành 2,2,0
470345,Thanh toán quốc tế và tài trợ ngoại thương,2,15
470346,Quản trị Logistics,2,15
470347,Thực hành nghiệp vụ ngoại thương 1,2,0
470348,Marketing địa phương,2,15
470349,Anh văn chuyên ngành 3,2,0
470350,Đàm phán trong kinh doanh quốc tế,2,15
470351,Thực hành nghiệp vụ ngoại thương 2,2,0
470352,Nghiệp vụ hải quan,2,15
470353,Chính sách ngoại thương và công nghiệp,2,15
470354,Tài chính phát triển,2,15
470355,Đầu tư quốc tế,2,15
470356,Quản trị doanh nghiệp,3,45
470357,Luật sở hữu trí tuệ,2,30
470358,Kinh tế môi trường,2,0
470359,Anh  văn chuyên ngành,2,0
470360,Quản trị hành chính,2,0
470361,Dự báo phát triển kinh tế - xã hội,2,0
470362,Quản lý Nhà nước về kinh tế,3,0
470363,Kinh tế xanh,2,15
470364,Thích ứng biến đổi khí hậu,2,0
470365,Quản lý dự án phát triển,2,0
470366,Quản trị chuỗi cung ứng,3,0
470367,Quản trị nguồn nhân lực,2,30
470368,Anh văn chuyên ngành,2,0
470369,Quản trị chuỗi cung ứng và logistics,2,15
470370,Quản trị bán hàng,2,15
470371,Kiểm soát nội bộ,2,0
470372,Quản trị Kinh doanh quốc tế,2,15
470373,Mạng máy tính và truyền thông,3,30
470374,Quản trị Cơ sở dữ liệu,3,30
470375,Luật thương mại,2,0
470376,Thanh toán điện tử,2,15
470377,Tiếng Anh chuyên ngành thương mại điện tử,2,15
470378,Phân tích và thiết kế hệ thống thương mại điện tử,3,30
470379,Marketing thương mại điện tử,3,30
470380,Phát triển ứng dụng trên thiết bị di động,2,15
470381,Phân tích dữ liệu cho Marketing điện tử,2,15
470382,Lập trình ứng dụng trong quản lý,2,15
470383,Thương mại điện tử triển khai và ứng dụng,3,0
470384,An toàn thông tin và bảo mật hệ thống,3,30
470385,Quản trị quan hệ khách hàng,2,15
470386,Chiến lược kinh doanh điện tử,2,0
470387,Quản trị kinh doanh xuất nhập khẩu,2,15
470388,Điện toán đám mây,2,15
470389,Kho dữ liệu và OLAP,2,15
470390,Kinh doanh quốc tế,3,30
470391,Quản trị thương mại điện tử,2,15
470392,Chuyên đề ngoại thương,2,0
470393,Nhập môn Logistics và chuỗi cung ứng,2,15
470394,Kỹ năng chăm sóc khách hàng,2,0
470395,Kỹ năng sales trong Logistics,2,0
470396,Thực hành anh văn chuyên ngành 1,1,0
470397,Anh văn chuyên ngành Quản trị Marketing,3,0
470398,Marketing điện tử,2,15
470399,Marketing dịch vụ,2,0
470400,Quản trị kênh phân phối,2,0
470401,Quản trị quan hệ khách hàng,2,0
470402,Tiếng Anh chuyên ngành Logistics và cảng biển,2,0
470403,"Tổng quan kho CFS, kho phân phối và kho ngoại quan",2,0
470404,An toàn và nhân trắc học ,2,0
470405,Tiếng Anh chuyên ngành hàng hải và vận tải,2,0
470406,Thực hành nghiệp vụ ngoại thương,2,0
470407,Nghiệp vụ quảng cáo,2,15
470408,Anh văn chuyên ngành (QKD),3,0
470409,Kế toán công,4,30
470410,Chuẩn mực kế toán quốc tế (IAS),2,15
470411,Chuẩn mực báo cáo tài chính quốc tế (IFRS),2,15
470412,Kiểm toán báo cáo tài chính,4,60
470413,Luật thương mại điện tử,2,15
470414,Chiến lược kinh doanh thương mại điện tử,3,30
470415,Marketing thương mại điện tử,2,15
470416,Công cụ phái sinh,2,15
470417,Anh văn thương mại 1,2,0
470418,Kỹ thuật xếp dỡ và bảo quản hàng hóa,2,15
470419,Anh văn thương mại 2,2,0
470420,Vận tải và giao nhận xuất nhập khẩu,2,0
470421,Hệ thống thông tin Logistics,2,0
470422,Nghiệp vụ mua hàng,2,0
470423,Quản lý phân phối,2,0
470424,Quản trị chuỗi cung ứng toàn cầu,2,0
470425,Quản lý thiết bị nâng vận chuyển,2,0
470426,Nghiệp vụ hải quan (NVHQ + Hướng dẫn khai hải quan điện tử),3,0
470427,Quản trị Logistics và chuỗi cung ứng,3,30
470428,Mô hình hóa và mô phỏng,2,15
470429,Chuyên đề Logistics và Ngoại thương (Logistics study tour),2,0
470430,Mô hình ra quyết định trong chuỗi cung ứng,2,0
470431,Luật vận tải biển,2,0
470432,Quản lý tồn kho,2,15
470433,Quản trị kho bãi,2,0
470434,Co-op 3,12,0
470435,Lập báo cáo tài chính,2,0
470436,Vận tải đường biển,3,0
470437,Kỹ năng bán hàng trong logistics,2,0
470438,Vận tải đa phương thức,2,0
470439,Hàng hóa và hàng hóa nguy hiểm,2,15
470440,Digital Marketing,2,15
470441,Nghiệp vụ hải quan,3,0
470442,Quản trị mua hàng,2,15
470443,Lập kế hoạch nhu cầu & nguồn cung,2,15
470444,Quản lý vận hành và sản xuất,2,0
470445,Phân tích dữ liệu (big data),3,0
470446,Thiết kế giải pháp Logistics,4,45
470447,Tiếng Anh chuyên ngành Quản trị kinh doanh,3,0
470448,Trách nhiệm xã hội của doanh nghiệp,2,15
470449,Quản trị đa văn hóa,2,15
470450,Nhập môn tiền kỹ thuật số,2,15
470451,Thẩm định dự án,2,15
470452,Ngân hàng điện tử,2,15
470453,Lý thuyết bảo hiểm,2,15
470454,Chuyên đề Hệ thống thông tin tài chính - ngân hàng,2,15
470455,Chuyên đề hội nhập trong tài chính - ngân hàng,2,15
470456,Kỹ năng excel ứng dụng nâng cao,2,15
470457,Anh văn thương mại ,2,15
470458,Tiếng Anh chuyên ngành Logistics và Quản lý chuỗi cung ứng,2,15
470459,Quản trị xuất nhập khẩu,3,30
470460,Quản trị bán hàng trong dịch vụ Logistics,2,15
470461,Mô phỏng kinh doanh,2,15
470462,Quản trị vận tải nội địa và quốc tế ,3,30
470463,Nghiệp vụ giao nhận và khai báo thủ tục hải quan,3,30
470464,Quản trị kho hàng và tồn kho,2,15
470465,Quản trị vận hành và sản xuất,2,15
470466,Quản trị tài chính trong chuỗi cung ứng,2,15
470467,Logistics trong thương mại điện tử,2,15
470468,Truyền thông trong kinh doanh quốc tế,2,15
470469,Quản trị chuỗi cung ứng lạnh,2,15
470470,Quản  trị chiến lược chuỗi cung ứng,3,30
470471,FIATA-MODULE 1: FRIGHT LOGISTICS OPERATION,4,15
470472,FIATA-MODULE 2: SEA TRANSPORT MANAGEMENT,3,0
470473,FIATA-MODULE 3: Air Transport Management,4,0
470474,FIATA-MODULE 4: Multimodal Transport Management,4,0
470475,Tài chính toàn diện,2,15
470476,Anh văn chuyên ngành quản trị tài chính,3,0
470477,Quản lý năng suất và chất lượng,3,0
470478,Kế toán công nâng cao,3,15
470479,Thực hành ghi sổ kế toán công,2,0
470480,Thực hành phần mềm kế toán công,2,0
470481,Thực hành phần mềm kế toán doanh nghiệp,3,0
470482,Tiếng Anh chuyên ngành Quản trị Marketing,3,0
470483,Trách nhiệm xã hội của tổ chức,2,0
470484,Thực hành ERP Kế toán quản trị,1,0
470485,Thực hành phần mềm kế toán công,3,0
470486,Thực hành ghi sổ kế toán doanh nghiệp,2,0
470487,Thực tập cuối khóa,5,0
470488,Nhập môn ngành Kế toán,2,15
470489,Quản trị Logistics và chuỗi cung ứng,2,15
470490,Thực hành ERP Quản trị Logistics và chuỗi cung ứng,1,0
470491,Pháp luật thương mại điện tử,2,15
470492,Hệ thống hoạch định nguồn lực doanh nghiệp,2,30
470493,Thực hành ERP Quản trị tài chính,1,0
470494,Thực hành ERP quản lý năng suất và chất lượng,1,0
470495,Thực tế doanh nghiệp,2,0
470496,Tiếng Anh trong kinh doanh,3,30
470497,Thực hành ERP quản trị sản xuất,1,0
470498,Thực hành ERP quản trị nguồn nhân lực,1,0
470499,Nghiên cứu Marketing,3,30
470500,Thực hành ERP Quản trị chuỗi cung ứng và logistics,1,0
470501,Thực hành ERP quản trị bán hàng,1,0
470502,Thực hành ERP quản trị doanh nghiệp,1,0
470503,Nhập môn Kinh tế,2,15
480000,Pháp luật,2,0
480001,Pháp luật,1,0
480002,Luật HN và GD chuyên sâu,2,0
480003,Kỹ năng tiếp cận nghề nghiệp,2,0
480004,Tư pháp quốc tế,4,0
480005,"Hòa giải, tuyên truyền PL",1,0
48001,Luật Lao Động,5,0
48002,Nghiên Cứu Và Viết Báo Cáo,4,0
48003,Luật Hôn Nhân Và Gia Đình,4,60
48004,Luật Dân Sự,5,0
480040,Lý luận chung về nhà nước,2,30
480041,Thực tập tốt nghiệp (QVP),3,0
480042,Khoá luận tốt nghiệp (QVP),5,0
48005,Luật Hình Sự,5,0
48006,Luật Hiến Pháp,3,0
48007,Luật Lao Động,3,45
48008,Luật Thương Mại,5,0
48009,Luật Tố Tụng Hình Sự,4,0
48010,Văn Thư Lưu Trữ,3,0
48011,Luật Tố Tụng Dân Sự,4,0
48012,Luật Ngân Hàng,2,0
48013,Luật Tài Chính,3,0
48014,Chuyên Đề Rèn Luyện Kỹ Năng 1,8,0
48015,Quản Lý Hộ Tịch,2,0
48016,Công Chứng Và Chứng Thực,2,0
48017,Thanh Tra Khiếu Tố,2,30
48018,Tuyên Truyền Pháp Luật,2,30
48019,Luật Môi Trường,3,0
48020,Chuyên Đề Rèn Luyện Kỹ Năng 2,4,0
48021,Công Tác Hòa Giải,2,0
48022,Thẩm Quyền THA Dân Sự Cấp Xã,2,30
48023,Văn Thư Lưu Trữ,2,0
48024,Tổng quan du lịch,2,0
48025,Lý Thuyết Nghiệp Vụ Bàn,3,0
48026,Nguyên Tắc Chất Lượng Vệ Sinh,2,0
48027,Tổng Quan Cơ Sở Lưu Trú DL,2,0
48028,Kỹ Năng Giao Tiếp Trong DL,3,0
48029,Thực Hành Nghiệp Vụ Bàn,2,0
48030,Lý Thuyết Nghiệp Vụ Buồng,2,0
48031,Marketing Du Lịch,3,0
48032,Luật Đất Đai,3,0
48033,Chuyên Đề Rèn Luyện Kỹ Năng,0,0
48034,Văn Thư Lưu Trữ,4,45
48035,Lễ Tân Văn Phòng,2,0
48036,Kế Toán Văn Phòng,3,0
48037,Nghi Thức Nhà Nước,3,0
48038,Kỹ Năng Cuối Khóa,2,0
48039,Chuyên Đề Giáo Dục Pháp Luật,1,0
48040,Chuyên Đề Rèn Luyện Kỹ Năng 2,2,0
48041,Kinh Tế Vi Mô,2,0
48042,Kế Toán Tài Chính Tổng Hợp,6,0
48043,Pháp Luật Đại Cương,1,30
48044,Giáo Dục Pháp Luật,2,0
48045,Kế Toán Tài Chính Nâng Cao,4,0
48046,Thực Hành Kế Toán Tổng Hợp,3,0
48047,Kế Toán Quốc Tế (KT Mỹ),3,45
48048,Tín Dụng Ngân Hàng,3,0
48049,Thực Hành Kế Toán Nâng Cao,3,15
48050,Kiểm Toán Căn Bản,4,0
48051,CĐ Về Báo Cáo Thuế,2,0
48052,Kế Toán Ngân Hàng,2,0
48053,Tài Chính Doanh Nghiệp,3,0
48054,CĐ An Toàn Và Bảo Hộ LĐ,1,15
48055,Tin Học ứng Dụng Trong KD,3,0
48056,CĐ Khởi Sự Doanh Nghiệp,1,0
48057,Tin Học UD Trong Kinh Doanh,1,0
48058,Đàm Phán Trong Kinh Doanh,2,15
48059,Lý Thuyết Tài Chính 2,2,30
48060,Lý Thuyết Tiền Tệ Tín Dụng,2,30
48061,Lý Thuyết Kế Toán,4,0
48062,Lý Thuyết Thống Kê 2,2,0
48063,Kế Toán Doanh Nghiệp,10,0
48064,Tin Học ứng Dụng Trong KD,1,0
48065,Tín Dụng Ngân Hàng,2,0
48066,Kế Toán Tài Chính,3,45
48067,Chuyên Đề Tin Học ƯD Trong KD,1,0
48068,Chuyên đề UDKNTCLD Khoa Học,1,0
48069,Chuyên đề UDLT Ra Quyết định,1,0
48070,Chuyên đề UDPMQL Nhân Sự,1,0
48071,Chuyên đề An Toàn Và BH Lđộng,1,0
48072,Chuyên đề NLTBC Toàn Cầu,1,0
48073,Chuyên đề UDKNHL & DT Nguồn NL,1,0
48074,Chuyên đề HDCL Nguồn NL,1,0
48075,Chuyên đề DGNLTH CV Của NV,1,0
48076,Toán Tài Chính,3,0
48077,CĐ TH PT BCTC&TĐ Sức Khỏe DN,2,0
48078,Nghiệp Vụ Ngân Hàng,3,0
48079,CĐ Kế Toán NS & KT Kho Bạc,1,0
48080,Thiết Lập & Thẩm Định DAĐT,2,15
48081,Kế toán Ngân hàng,3,0
48082,Kế toán Mỹ,3,0
48083,Tài chính doanh nghiệp,3,0
48084,Thực Tập Nghề Nghiệp (TCN),4,0
48085,Thực Tập Tốt Nghiệp (TCN),13,0
48086,Thực Tập Thực Tế (TCN),10,0
48087,Giáo Dục Thể Chất,2,30
48088,Giáo Dục Quốc Phòng,3,0
48089,CĐ Kế Toán - TC - Ngân Hàng,1,0
48090,Marketing căn bản,3,0
48091,Luật Lao Động,2,0
48092,Kế toán ngân hàng,2,0
48093,Tổ chức sự kiện,3,0
48094,Marketing du lịch,3,0
48095,Phong tục tập quán và LH VN,3,30
48096,Tâm lý du khách,2,0
48097,Anh văn chuyên ngành nhà hàng,3,0
48098,Anh văn chuyên ngành kháchsạn,3,15
48099,Anh văn chuyên ngành du lịch,3,0
48100,Nghiệp vụ buồng,4,30
48101,Nghiệp vụ lễ tân,3,0
48102,Nghiệp vụ hướng dẫn du lịch,4,0
48103,Nghiệp vụ nhà hàng,4,0
48104,Tuyến điểm du lịch,3,0
48105,Thủ tục xuất nhập cảnh,2,0
48106,Kế toán du lịch,2,15
48107,Kinh doanh nhà hàng-khách sạn,3,0
48108,Pha chế,3,0
48109,Thực phẩm và chế biến TP,4,0
48110,Thực tập nghề nghiệp(QVP),6,0
48111,Thực tập tốt nghiệp (QVP),12,0
51000,Triết Học Mác-Lênin,6,0
52000,Kinh Tế Chính Trị Mác-Lênin,8,0
53000,Lịch Sử Đảng Cộng Sản Việt Nam,4,0
54000,Chủ Nghĩa Xã Hội Khoa Học,4,0
54001,Tư Tưởng Hồ Chí Minh,3,0
54002,Kinh Tế Chính Trị,7,0
55555,TH Điện Lạnh,3,0
55556,TH Quấn Dây Máy Điện 2,6,0
62000,Môi Trường & Con Người,3,36
620000,Giải phẫu sinh lý trẻ em,2,0
620001,Giáo dục học mầm non,3,30
620002,Tâm lý học mầm non,3,0
620003,Dinh dưỡng (MN),3,0
620004,Âm nhạc và múa,3,0
620005,Kiến tập sư phạm,1,0
620006,Tạo hình  - PPDH,5,15
620007,Vệ sinh phòng bệnh,2,0
620008,Xã hội học đại cương,2,0
620009,Sự PT thể chất TE lứa tuổi MN,2,30
62001,PPGD Âm Nhạc & Mỹ Thuật,6,0
620010,Sự học và sựPTTL trẻ em LTMN,4,30
620011,Đại cương mĩ học,2,0
620012,Văn học thiếu nhi và đọc kể diễn cảm,2,15
620013,Tâm bệnh học,2,15
620014,Mỹ thuật,3,15
620015,Vệ sinh - Dinh dưỡng,2,0
620016,Dẫn luận ngôn ngữ học,2,0
620017,Giáo dục học đại cương,2,15
620018,Tiếng Khmer giao tiếp,3,0
620019,Sinh lý trẻ em,2,0
62002,QLHC Nhà Nước & QL Ngành,2,0
620020,Tâm lý học trẻ em 1,2,0
620021,Ngữ âm Tiếng Việt,2,30
620022,Lịch sử văn hoá GD Việt Nam,2,0
620023,Âm nhạc,2,0
620024,Khiêu vũ,2,0
620025,Tâm lý học trẻ em 2,2,0
620026,Giáo dục học mầm non 1,2,15
620027,Văn học dân gian Việt Nam,2,15
620028,Toán cơ sở,3,0
620029,Vệ sinh trẻ em,2,0
62003,Nghề Giáo Viên Mầm Non,2,0
620030,Lịch sử giáo dục mầm non,2,30
620031,Giáo dục học mầm non 2,2,0
620032,TC các HĐ theo hướng tích hợp,2,0
620033,Dinh dưỡng trẻ em,2,15
620034,Lý luận và PP GDTC cho trẻ em,3,0
620035,LLvàPPHD trẻ làm quen với MTXQ,3,0
620036,Kiến tập,1,0
620037,Tâm lý học trẻ em,4,30
620038,Mĩ học đại cương,2,15
620039,Vệ sinh trẻ em,2,15
62004,Chương Trình Giáo Dục Mầm Non,2,30
620040,Giao tiếp SP ở trường mầm non,2,0
620041,Văn học trẻ em,2,15
620042,Toán cơ sở,2,15
620043,Tâm bệnh học trẻ em,2,0
620044,Chương trình giáo dục mầm non,2,0
620045,Tổ chức các HĐ theo hướng TH,2,30
620046,LL&PP hình thành BTTHSĐ cho TE,3,0
620047,Tổ chức HĐ vui chơi cho trẻ,2,0
620048,LL&PP HD trẻ làm quen với MTXQ,3,0
620049,LL&PP tổ chức HĐ AN cho trẻ em,3,0
62005,Tổ Chức Hoạt Động Âm Nhạc,3,0
620050,LL&PP phát triển NN cho trẻ,3,0
620051,LL&PP tổ chức HĐ TH cho TE,3,0
620052,Thực tập sư phạm 1,4,0
620053,Đánh giá trong GD mầm non,2,15
620054,PP cho trẻ làm quen với VHTN,3,0
620055,Bệnh học trẻ em,3,0
620056,Phòng bệnh&đảm bảo AT cho trẻ,2,30
620057,Giáo dục gia đình,2,30
620058,Ứng dụng CNTT trong GD mầm non,1,0
620059,Nghề giáo viên mầm non,2,0
62006,PP Làm Quen Văn Học,3,0
620060,PP dạy múa ở trường mầm non,3,15
620061,Quản lý giáo dục mầm non,2,30
620062,PT&TC thực hiện CTGD MN,3,0
620063,Khoá luận tốt nghiệp (MN),7,0
620064,Giáo dục môi trường trong trường mầm non,2,30
620065,Trò chơi dân gian cho trẻ,2,0
620066,Tâm lý học xã hội,3,0
620067,PT và TC thực hiện CT mầm non,2,0
620068,QL trong giáo dục mầm non,2,0
620069,Thực tập tốt nghiệp (MN),4,0
62007,PP Giáo Dục Thể Chất,3,0
620070,Khoá luận tốt nghiệp (MN),5,0
620071,Tâm bệnh học trẻ em,3,0
620072,Giáo dục MT trong trường MN,2,0
620073,Mỹ thuật,4,0
620074,Giao tiếp sư phạm ở trường MN,2,0
620075,LL và PP tổ chức HĐTH cho TE,4,0
620076,Mỹ thuật (nâng cao),2,0
620077,LL & PP PT ngôn ngữ cho trẻ,2,0
620078,Toán cơ sở (nâng cao),2,15
620079,LL&PP Tổ chức HĐÂN cho TE,2,15
62008,PT & Tổ Chức Thực Hiện CTMN,4,45
620080,LL&PP Tổ chức HĐTH cho TE,2,0
620081,LL&PP cho trẻ LQBTTHSĐ cho TE,2,0
620082,Giáo dục học mầm non 2,2,0
620083,Tiếng Khmer giao tiếp,2,15
620084,Giáo dục học mầm non,4,0
620085,PP HD trẻ làm quen với MTXQ,3,0
620086,PP TC HĐ tạo hình cho trẻ,3,0
620087,PP TC HĐ âm nhạc cho trẻ em,3,0
620088,PP PT ngôn ngữ cho trẻ em,3,0
620089,Toán và PP HT BT BĐ về toán,3,0
62009,Đánh Giá Trong GD Mầm Non,3,30
620090,PT & TC TH CT GD mầm non,2,0
620091,Thực hành sư phạm,6,0
620092,PP GDTC cho trẻ em,3,0
620093,Thực tập thi tốt nghiệp,9,0
620094,LL&PP phát triển NN cho trẻ em,3,0
620095,Đánh giá trong giáo dục mầm non,2,0
620096,Phát triển và tổ chức thực hiện chương trình GDMN,2,0
620097,Lý luận và phương pháp giáo dục thể chất cho trẻ em,3,0
620098,Lý luận và phương pháp hình thành biểu tượng toán học sơ đẳng cho trẻ mầm non,3,30
620099,Vệ sinh - phòng bệnh và đảm bảo an toàn cho trẻ,3,0
62010,CNTT & UDCNTT Trong GDMN,3,0
620100,Nghề giáo viên mầm non,2,15
620101,Bệnh học trẻ em,2,0
620102,Tâm lý học trẻ em,3,0
620103,Mĩ thuật,3,0
620104,Toán và PP HT BT toán học sơ đẳng cho trẻ mầm non,3,30
620105,Thực tập sư phạm 1,3,0
620106,Vệ sinh - phòng bệnh và đảm bảo an toàn,3,0
620107,Phát triển và tổ chức thực hiện chương trình GDMN,3,45
620108,Tâm lý học trẻ em,4,0
620109,Đánh giá trong giáo dục mầm non,2,15
62011,Cơ Sở Văn Hóa Việt Nam,2,30
620110,Tâm lý học xã hội,2,15
620111,LL&PP phát triển ngôn ngữ cho trẻ em,3,0
620113,Giáo dục học mầm non,3,15
620114,Lý luận và phương pháp phát triển ngôn ngữ cho trẻ em,3,0
620115,Lý luận và phương pháp tổ chức hoạt động tạo hình cho trẻ em,3,0
620116,Tâm lý học trẻ em lứa tuổi mầm non,3,15
620117,Tâm bệnh học trẻ em lứa tuổi mầm non,2,0
620118,Phương pháp cho trẻ làm quen với tác phẩm văn học,2,0
620119,Phương pháp giáo dục thể chất cho trẻ mầm non,2,15
62012,PP NCKH Giáo Dục,2,0
620120,Vệ sinh - phòng bệnh và đảm bảo an toàn cho trẻ,2,0
620121,Phương pháp phát triển ngôn ngữ cho trẻ mầm non,2,0
620122,Phương pháp tổ chức hoạt động âm nhạc cho trẻ mầm non,2,0
620123,Phương pháp nghiên cứu khoa học giáo dục mầm non,2,15
620124,Giáo dục hòa nhập ở trường mầm non,2,0
620125,Phương pháp dạy múa ở trường mầm non,3,0
620126,Phương pháp tổ chức hoạt động tạo hình cho trẻ mầm non,2,0
620127,Lịch sử văn hóa giáo dục Việt Nam,2,0
620128,Lý luận và phương pháp tổ chức hoạt động tạo hình cho trẻ mầm non,3,0
620129,Giáo dục tích hợp ở bậc học mầm non,2,30
62013,Thực Tập Cuối Khóa,9,0
620130,Giáo dục và phương pháp phát triển ngôn ngữ cho trẻ mầm non,3,30
620131,Lý luận và phương pháp tổ chức hoạt động âm nhạc cho trẻ mầm non,3,0
620132,Phương pháp cho trẻ làm quen với tác phẩm văn học,3,30
620134,Lý luận và phương pháp hướng dẫn trẻ làm quen với môi trường xung quanh,3,0
620135,Lý luận và phương pháp giáo dục thể chất cho trẻ mầm non,3,30
620136,Giáo dục kỹ năng sống cho trẻ mầm non,2,0
620137,Lý luận và phương pháp phát triển ngôn ngữ cho trẻ mầm non,3,30
620138,Giáo dục kỹ năng sống cho trẻ mầm non,2,15
620139,Tiếng việt mầm non,2,15
62014,Giáo Dục Dinh Dưỡng,3,0
620140,Sinh lý trẻ em lứa tuổi mầm non,2,0
620141,Dinh dưỡng trẻ mầm non,2,0
620142,Lịch sử giáo dục mầm non,2,0
620143,Giao tiếp sư phạm mầm non,2,15
620144,Phát triển và tổ chức thực hiện chương trình giáo dục mầm non,2,0
620145,Âm nhạc mầm non,3,15
620146,Ứng dụng công nghệ thông tin trong giáo dục mầm non,1,0
620147,Phương pháp cho trẻ mầm non khám phá khoa học về môi trường xung quanh,2,0
620148,Tâm lí học gia đình và giáo dục gia đình,2,0
620149,Tổ chức hoạt động vui chơi cho trẻ mầm non,2,15
62015,Sự PT TL Trẻ Em Lứa Tuổi MN,7,0
620150,Vệ sinh - Phòng bệnh và đảm bảo an toàn cho trẻ mầm non,2,0
620151,Tâm bệnh học trẻ em và giáo dục hòa nhập ở trường mầm non,2,15
620152,Phương pháp dạy múa ở trường mầm non,3,0
620153,Cơ sở văn hóa Việt Nam tiểu học,2,0
620154,Lý luận và phương pháp cho trẻ mầm non khám phá khoa học về môi trường xung quanh,3,30
620155,Lý luận dạy học mầm non hiện đại,2,15
620156,Vệ sinh - Phòng bệnh và đảm bảo an toàn cho trẻ mầm non,2,0
620157,Lý luận và phương pháp tổ chức hoạt động âm nhạc cho trẻ mầm non,3,30
620158,Lý luận và phương pháp tổ chức hoạt động tạo hình cho trẻ mầm non,3,30
620159,Trò chơi dân gian cho trẻ mầm non,2,15
62016,Sự PT TC Trẻ Em Lứa Tuổi MN,3,40
620160,Phương pháp cho trẻ mẫu giáo làm quen với tiếng Anh,2,15
620161,Phương pháp dạy múa và dàn dựng chương trình văn nghệ ở trường mầm non,2,0
620162,Các mô hình giáo dục mầm non trên thế giới,3,45
620163,Tâm lý học và giáo dục học đại cương,3,0
620164,Sự phát triển thể chất trẻ em lứa tuổi mầm non,2,0
620165,Tâm lý học trẻ em lứa tuổi mầm non,3,0
620166,Phát triển chương trình giáo dục mầm non,3,30
620167,Đàn phím điện tử,2,15
620168,Dinh dưỡng trẻ em và vệ sinh an toàn thực phẩm,2,15
620169,Phòng bệnh và đảm bảo an toàn cho trẻ mầm non,2,30
62017,Mỹ Thuật,4,0
620170,Chăm sóc sức khỏe và vệ sinh cho trẻ mầm non,2,15
620171,Phát triển vốn từ tiếng anh theo chủ đề,2,15
620172,Ứng dụng STEAM trong tổ chức thực hiện chương trình giáo dục mầm non,2,15
620173,Phương pháp dạy múa và dàn dựng chương trình văn nghệ ở trường mầm non,2,15
620174,Trò chơi học tập nhằm phát triển tiếng Anh cho trẻ mầm non,2,15
620175,Quản lý hành chính nhà nước và Quản lý giáo dục đào tạo,2,30
620176,Hình thành kỹ năng tiền đọc viết cho trẻ mầm non,2,15
620177,Các dự án STEAM trong giáo dục mầm non,3,30
62018,Giáo Dục Hòa Nhập,3,0
62019,PP Phát Triển Ngôn Ngữ,4,0
62020,Đánh Giá Trong GDMN,3,0
62021,Thực Hành Sư Phạm,4,0
62022,Ngoại Ngữ,10,0
62023,PP Làm Quen Với Toán,3,0
62024,Phòng Bệnh & Đảm Bảo An Toàn,3,0
62025,Vệ Sinh-Dinh Dưỡng,3,0
62026,Thực Tập Sư Phạm,4,0
62027,Xã Hội Học,3,30
62028,Tiếp Cận Trọn Vẹn Trong PT NN,3,30
62029,Sinh Lý Học Lứa Tuổi Tiểu Học,2,30
62030,Tâm Lý Học Đại Cương,2,15
62031,TLH Lứa Tuổi Tiểu Học & TLHSP,3,0
62032,Văn Học,3,0
62033,Cơ Sở LT Tập Hợp & Logic Toán,2,0
62034,Các Tập Hợp Số,2,15
62035,Thủ Công-Kỹ Thuật,2,0
62036,Giáo Dục Học Đại Cương,2,0
62037,Xã Hội Học,2,30
62038,Tiếng Việt Thực Hành,2,0
62039,Sự PT Thể Chất Trẻ Em LTMN,2,0
62040,Môi Trường & Con Người,2,0
62041,Giáo dục chính trị,5,0
62042,Giải Phẩu Sinh Lý Trẻ Em,2,0
62043,Tin Học Đại Cương,4,0
62044,Dinh Dưỡng,3,0
62045,PP Dạy Học Đạo Đức,4,0
620455,Lý luận dạy học mầm non,2,0
620456,Lý luận dạy học mầm non hiện đại ,2,0
620457,Giáo dục giá trị sống và kỹ năng sống cho trẻ mầm non,2,15
620458,Các mô hình giáo dục mầm non trên thế giới,3,0
62046,PP Dạy Học Tự Nhiên-Xã Hội,5,0
62047,PP Công Tác Đội,6,0
62048,Âm Nhạc,9,0
62049,Mĩ Thuật,9,135
62050,PP Phát Triển Lời Nói Cho Trẻ,8,0
62051,PP Giáo Dục Âm Nhạc,16,0
62052,PPHD Trẻ Làm Quen Với MTXQ,7,0
62053,Xác Xuất Thống Kê,2,0
62054,Giải Toán ở Tiểu Học,3,0
62055,Tiếng Việt,4,0
62056,Giáo Dục Môi Trường ở Tiểu Học,2,21
62057,Lý Luận Dạy Học ở Tiểu Học,2,0
62058,Lý Luận Giáo Dục ở Tiểu Học,2,24
62059,PP Dạy Học Toán ở Tiểu Học,4,30
62060,KT&ĐG Kết Quả Giáo Dục ở TH,2,0
62061,PP Dạy Tiếng Việt ở Tiểu Học,3,20
62062,TH TC Các HĐGD Ngoài Giờ LL,2,0
62063,Rèn Luyện NVSPTX,2,0
62064,Giáo Dục Thể Chất,3,0
62065,PP Dạy Học Toán 1 ở Tiểu Học,2,0
62066,Giáo Dục Học Đại Cương,3,45
62067,Sự Học & PT Tâm Lý Trẻ Em LTMN,7,105
62068,Giáo Dục Học Gia Đình,2,0
62069,Tổ Chức Hoạt Động Vui Chơi,4,0
62070,PP Khám Phá KH & MTXQ,4,0
62071,Lịch Sử GD Học Mầm Non,2,0
62072,Âm Nhạc Và Múa,4,0
62073,Sự PT Thể Chất Trẻ EM LT MN,3,45
62074,Giáo Dục Học Mầm Non,4,0
62075,Tổ Chức Hoạt Động Tạo Hình,3,45
62076,Đại Cương Mỹ Học,3,0
62077,Tâm Lý Học LT & TL Học SP,2,0
62078,Văn Học Thiếu Nhi & Đọc Kể DC,2,0
62079,Chính Trị - Đạo Đức,8,0
62080,Lịch Sử,5,0
62081,Sinh Học,6,0
62082,Thể Dục,5,0
62083,Tâm Lý Học,9,140
62084,Giáo Dục Học,10,0
62085,Giải Phẩu Sinh Lý,5,0
62086,Toán,9,0
62087,Dinh Dưỡng,6,0
62088,Vệ Sinh Phòng Bệnh,7,0
62089,PPHT Biểu Tượng Toán,6,0
62090,TV-RKNTV,7,0
62091,PP Giáo Dục Thể Chất,5,0
62092,Âm Nhạc,2,0
62093,PP Cho Trẻ Làm Quen Với VH,6,0
62094,PPPTLN Cho Trẻ,8,0
62095,PPDH Trẻ Làm Quen Với MTXQ,7,110
62096,Môi Trường Xung Quanh,3,0
62097,Anh Văn,7,0
62098,Vật Lý,11,0
62099,Văn Học,11,160
62100,PP Giáo Dục Âm Nhạc,0,0
62101,Tạo Hình &PPHD Hoạt Động TH,18,0
62102,PPGD Âm Nhạc & Mỹ Thuật,6,0
62103,Quản Lý Trong Giáo Dục Mầm Non,3,0
62104,Lịch Sử Văn Minh Nhân Loại,3,0
62105,Sinh (tốt nghiệp),0,0
62106,Lý (tốt nghiệp),0,0
62107,Sử (tốt nghiệp),0,0
62108,Sinh lí trẻ em,2,0
62109,Mĩ thuật,3,15
62110,Âm nhạc và múa,3,0
62111,Tâm lý học trẻ em,4,0
62112,Giáo dục học mầm non,4,0
62113,Văn học trẻ em,2,15
62114,Vệ sinh trẻ em,2,0
62115,Dinh dưỡng trẻ em,2,0
62116,PP HD trẻ làm quen với MTXQ,3,0
62117,TC HD vui chơi cho trẻ,2,0
62118,Kiến tập sư phạm,2,0
62119,PP TC HD tạo hình cho TE,3,0
62120,PP TC HD âm nhạc cho trẻ em,3,0
62121,PP PT ngôn ngữ cho trẻ em,3,0
62122,PP cho trẻ làm quen với VH TN,3,0
62123,Toán & PP HT BT BD về Toán,3,0
62124,PP & tổ chức TH CT GD MN,2,0
62125,Thực hành sư phạm,6,0
62126,Phòng bệnh & ĐB AT cho trẻ,2,0
62127,PP GDTC cho trẻ em,3,0
62128,Nghề giáo viên mầm non,2,0
62129,Thực tập thi tốt nghiệp,9,0
62130,"LT tổng hợp NN (TLGD,PP,..)",2,0
62131,"Thực hành nghề nghiệp (PPDHT,)",2,0
62132,PT và TC thực hiện CTGD mầm non,2,0
62133,Giáo dục học đại cương,2,0
62134,"LT tổng hợp NN (TL-GD, toán và PPHTBTBĐ về toán)",2,0
62135,"Thực hành NN (TH-PPDH, TV và PPPTLN cho trẻ)",2,0
62136,"LT tổng hợp nghề nghiệp (Tâm lý-Giáo dục,Toán)",2,0
62137,Thực hành NN (PPDH Toán; PPDH TV),2,0
63000,TH Tổ Chức Các HĐ NG Lên Lớp,2,0
630000,Sinh lý trẻ lứa tuổi tiểu học,2,0
630001,Văn học,3,0
630002,Cơ sở LT tập hợp & logic Toán,2,15
630003,Các tập hợp số,2,0
630004,Thủ công - Kỹ thuật,2,0
630005,Tâm lý học lứa tuổi tiểu học và Tâm lý học sư phạm,3,30
630006,Những vấn đề chung của GD học,2,0
630007,Lý luận dạy học TH & LL GD TH,4,0
630008,Tiếng Việt,5,0
630009,Nhạc lý sơ giản,2,0
63001,PTKTDH &UDCNTT Trong DH ở TH,4,0
630010,Vẽ trang trí,2,0
630011,Phương pháp dạy học thủ công kỹ thuật,2,0
630012,Cơ sở Tự nhiên - Xã hội,2,15
630013,Rèn luyện nghiệp vụ sư phạm thường xuyên,1,0
630014,Mĩ thuật và phương pháp dạy học mĩ thuật ở tiểu học,4,0
630015,Đạo đức và PP GDĐĐ ở tiểu học,2,15
630016,Tiếng Việt và phương pháp dạy học Tiếng Việt ở tiểu học 1,4,30
630017,Toán và phương pháp dạy học toán ở tiểu học 1,4,0
630018,Rèn luyện nghiệp vụ sư phạm thường xuyên 2,1,0
630019,Nhập môn lý thuyết xác suất và thống kê toán,2,0
63002,Kiểm Tra Đánh Giá Kết Quả GDTH,2,30
630020,Giáo dục môi trường ở tiểu học,2,0
630021,Phương pháp NC khoa học GD,2,15
630022,PPTCCTĐTNTPHCM;TC các HĐNGLL,3,30
630023,Tiếng Việt và PP DH TV ở TH 2,4,0
630024,Toán và PP dạy học toán ở TH 2,4,0
630025,Thực tập sư phạm 1,2,0
630026,Rèn luyện NVSP thường xuyên 1,1,0
630027,Thể dục & PP dạy học  TD ở TH,4,0
630028,Âm nhạc & PPDH âm nhạc ở TH,4,0
630029,Mĩ thuật & PPDH mĩ thuật ở TH,4,0
63003,PP Dạy Học Toán 2 ở Tiểu Học,4,0
630030,Lý luận dạy học tiểu học và lý luận giáo dục tiểu học,3,30
630031,Tiếng Việt và PPDH TV ở TH 1,3,0
630032,Tiếng Việt và PPDH TV ở TH 2,4,0
630033,Phương pháp dạy học TN-XH,4,0
630034,Rèn luyện nghiệp vụ sư phạm thường xuyên 3,1,0
630035,PTKT d.học&UDCNTT trong DH ởTH,1,0
630036,Tiếng Việt & PPDH TV nâng cao,2,0
630037,Phương pháp nghiên cứu khoa học giáo dục,2,15
630038,Thể dục & PPDH thể dục ở TH,2,0
630039,Âm nhạc& PPDH âm nhạc ở TH,2,0
63004,Đá Cầu & PPDH Đá Cầu,1,0
630040,"Kiểm tra, đánh giá KQ GD ở TH",2,0
630041,PPTC CTĐTNTPHCM&TCHĐN giờ LL,2,0
630042,Quản lý HCNN & Quản lí ngành,2,0
630043,Thực tập sư phạm 2,4,0
630044,Toán và PP DH toán nâng cao,2,0
630045,PPDH tiếng Việt cho HSDT ở TH,3,0
630046,PTKTDH và UDCNTT trong DH ở TH,3,0
630047,PPDH Tiếng Việt cho HSDT ở TH,2,0
630048,TV và PP dạy học TV nâng cao,3,0
630049,Toán và PP DH Toán nâng cao,3,0
63005,Trò Chơi Vận Động & PP DH TCVĐ,1,0
630050,QLHC nhà nước và QL ngành,2,0
630051,Giáo dục HN HS khuyết tật ở TH,3,0
630052,Khoá luận tốt nghiệp (TH),5,0
630053,Thủ công,2,0
63006,PP Dạy Học Tự Nhiên - Xã Hội,6,0
63007,Toán Và PP DH Toán,9,0
63008,Rèn Luyện Nghiệp Vụ SP TX 5,1,0
63009,Quản Lý HCNN & QL Ngành,2,30
630098,NM LT XS và TK Toán,2,0
630099,Thủ công - Kỹ thuật,3,0
63010,Thực Tập Sư Phạm 2,7,0
630100,Cơ sở LT TH và logic Toán,3,0
630101,Cơ sở Tự nhiên - Xã hội,3,0
630102,PP dạy học thể dục ở TH,2,0
630103,ĐĐ và PP GD đạo đức ở TH,3,0
630104,Tiếng việt & PP DH TV ở TH,5,0
630105,Toán và PP DH Toán ở TH,7,0
630106,PPTC CTĐTNTPHCM&TCHĐN giờ LL,2,0
630107,PP Dạy học Tự nhiên - Xã hội,3,0
630108,Anh văn,6,0
630109,Sinh lý học lứa tuổi tiểu học,2,30
63011,Rèn Luyện Nghiệp Vụ SP TX 6,1,0
630110,Toán 1,2,0
630111,Tiếng Việt 1,2,15
630112,Âm nhạc 1,2,15
630113,Toán 2,2,0
630114,Tâm lý học lứa tuổi và tâm lý học sư phạm,3,0
630115,Tiếng Việt 2,2,0
630116,âm nhạc 2,2,0
630117,Mỹ thuật 1,2,0
630118,Dạy học ghép lớp,2,0
630119,Văn học 1,3,0
63012,Rèn Luyện Nghiệp Vụ SP TX 3,1,15
630120,Rèn luyện nghiệp vụ sư phạm thường xuyên 1,2,0
630121,Mỹ thuật 2,2,0
630122,Toán 3,2,0
630123,Tiếng Việt 3,2,0
630124,Ứng dụng công nghệ thông tin trong dạy học tiểu học,1,0
630125,Lý luận và phương pháp dạy học tiếng Việt ở tiểu học 1,3,0
630126,Lý luận và phương pháp dạy học toán ở tiểu học 1,3,0
630127,Giáo dục kỹ năng sống ở tiểu học,2,0
630128,Tổ chức các hoạt động theo hướng tích hợp ở tiểu học,2,0
630129,Văn học 2,2,0
63013,Vẽ Theo Mẫu,2,0
630130,Lý luận và phương pháp dạy học tiếng Việt ở tiểu học 2,3,15
630131,Lý luận và phương pháp dạy học toán ở tiểu học 2,3,15
630132,Đánh giá kết quả giáo dục ở tiểu học,2,0
630133,Tổ chức các hoạt động giáo dục ngoài giờ lên lớp và PP CT Đội TNTP HCM,2,0
630134,Phương pháp dạy học thủ công -  kỹ thuật,2,0
630135,Giao tiếp sư phạm ở trường tiểu học,2,15
630136,Toán nâng cao,2,0
630137,Tiếng Việt nâng cao,2,0
630138,Toán 4,2,0
630139,Phương pháp dạy học Tiếng Việt cho học sinh dân tộc ở tiểu học,3,0
63014,Tiếng Việt,8,0
630140,Lịch sử giáo dục Việt Nam,2,0
630141,Phương pháp dạy học Thủ công - Kỹ thuật,2,0
630142,Ứng dụng công nghệ thông tin trong dạy học ở tiểu học,1,0
630143,Tổ chức các hoạt động giáo dục ngoài giờ lên lớp & PP công tác ĐTNTP HCM & HĐ trải nghiệm sáng tạo,2,0
630144,Quản lý giáo dục tiểu học,2,15
630145,Giáo dục hòa nhập ở trường tiểu học,2,15
630146,Thực tập cuối khóa,4,0
630147,Quản lý hành chính nhà nước và Quản lý giáo dục và Đào tạo,2,30
630148,Dạy học lớp ghép,2,15
630149,"Thực tập chăm sóc nuôi dưỡng, chẩn đoán, phòng và điều trị trên gia súc độc vị",4,0
63015,Nhạc Lý Sơ Giản,2,0
630150,"Thực tập chăm sóc nuôi dưỡng, chẩn đoán, phòng và điều trị trên gia súc đa vị",4,30
630151,"Thực tập chăm sóc nuôi dưỡng, chẩn đoán, phòng và điều trị trên chó, mèo",3,15
630152,Thủ công - Kỹ thuật,2,0
630153,Tiếng Việt thực hành tiểu học,2,0
630154,Âm nhạc,2,15
630155,Mỹ thuật,2,0
630156,Công tác Đội TNTP HCM và hoạt động trải nghiệm,2,0
630157,Lý luận và phương pháp dạy học tiếng Việt ở tiểu học 1,3,0
630158,Lý luận và phương pháp dạy học Toán ở tiểu học 1,3,30
630159,Phương pháp dạy học Tự nhiên - Xã hội,3,0
63016,Vẽ Trang Trí,2,0
630160,Phương pháp dạy học Tiếng Việt cho học sinh dân tộc ở tiểu học,3,30
630161,Cơ sở lý thuyết tập hợp và Logic toán ở tiểu học,2,15
630162,Cơ sở văn hóa Việt Nam ở tiểu học,2,15
630163,Cơ sở văn học của dạy học môn Tiếng Việt ở tiểu học,2,15
630164,Ngữ âm và từ vựng tiếng Việt,2,15
630165,Rèn luyện nghiệp vụ sư phạm thường xuyên 1 (kĩ năng nghề nghiệp),1,0
630166,Tiếng Việt thực hành ở tiểu học,2,15
630167,Tâm lý học đại cương (tiểu học),2,15
630168,Cấu trúc đại số và Cơ sở tập hợp số ở tiểu học,2,15
630169,Rèn luyện nghiệp vụ sư phạm thường xuyên 2 (kĩ năng nghiệp vụ),1,0
63017,Lý Luận Dạy Học Tiểu Học,2,0
630170,Mĩ thuật,2,15
630171,Giáo dục môi trường ở tiểu học,2,15
630172,Công tác Đội thiếu niên tiền phong Hồ Chí Minh,1,0
630173,Giáo dục kỹ năng sống và hoạt động trải nghiệm ở tiểu học,2,15
630174,Tư vấn tâm lí học đường ở tiểu học,1,0
630175,Lịch sử giáo dục Việt Nam,2,15
630176,Giáo dục vì sự phát triển bền vững,2,15
630177,Lý luận dạy học tiểu học và Lý luận giáo dục tiểu học,2,15
630178,Rèn luyện nghiệp vụ sư phạm thường xuyên 3 (thực hành nghề nghiệp),1,0
630179,Cơ sở lý thuyết số ở tiểu học,2,15
63018,Đạo Đức Và PPGD ĐĐ ở TH,3,0
630180,Trí tuệ nhân tạo trong giáo dục tiểu học,2,15
630181,Cơ sở lí luận của việc dạy học Tiếng Việt ở tiểu học,3,30
630182,Dạy học tích hợp và Giáo dục STEM ở tiểu học,3,30
630183,Đánh giá kết quả giáo dục ở tiểu học,2,15
630184,Giáo dục hòa nhập ở tiểu học,2,15
630185,Văn học thiếu nhi,2,15
630186,Xác suất và Thống kê toán ở Tiểu học,2,15
630187,Dạy học phát triển năng lực môn Tin học và Công nghệ ở tiểu học,2,15
630188,Phương pháp dạy học phát triển năng lực môn Tiếng Việt ở tiểu học,3,15
630189,Phương pháp dạy học các môn học tự nhiên – xã hội ở tiểu học,3,30
63019,PP Dạy Học Tiếng Việt ở TH,6,0
630190,Phong cách học và ngữ dụng học tiếng Việt,2,15
630191,Thi pháp học văn học thiếu nhi,2,15
630192,Dạy học môn Toán ở tiểu học bằng tiếng Anh,2,15
63020,Bơi Lội Và PPDH Bơi Lội,1,0
63021,Đọc - Ghi Nhạc,2,30
63022,"Vẽ Tranh, Nặn, Tạo Dáng",3,0
63023,PP dạy Học Mĩ Thuật ở TH,3,0
63024,Một Số Kiến Thức CB Về TN-XH,4,30
63025,Ngoại Ngữ,10,60
63026,Học Hát,2,0
63027,PP Sử Dụng Đàn Phím Điện Tử,2,0
63028,PP Dạy Học Âm Nhạc ở TH,2,30
63029,Giáo Dục Môi Trường ở TH,2,0
63030,PP Tổ Chức CT Đội TNTP HCM,2,0
63031,Thực Tập Sư Phạm 1,3,0
63032,TH Công Tác Đội &Sao Nhi Đồng,1,0
63033,Rèn Luyện Nghiệp Vụ SP TX 4,1,0
63034,Rèn Luyện Nghiệp Vụ SP TX 1,1,15
63035,Rèn Luyện Nghiệp Vụ SP TX 2,1,0
63036,Rèn Luyện Nghiệp Vụ SP TX,6,0
63037,TLH lứa tuổi TH và TLH SP,4,0
63038,Lý Luận GD Tiểu Học,2,30
63039,Văn Học,5,0
63040,Các Tập Hợp Số,4,0
63041,PP Dạy Học Thể Dục,2,0
63042,Điền Kinh & PP DH Điền Kinh,2,0
63043,Thủ Công - Kỹ Thuật,4,0
63044,Những Vấn Đề Chung Của GDH,2,0
63045,"Thể Dục, Nhảy Dây & PP Dạy Học",2,30
63046,PP Dạy Thủ Công - KT,2,30
63047,Tiếng Việt Thực Hành,3,0
63048,Tiếng Viêt,9,0
63049,RKNSDTV,5,0
63050,Văn Học,9,0
63051,Tập Hợp - Lôgic,3,0
63052,Số Hình Đại Lượng,5,0
63053,Tâm Lí Học,5,75
63054,Giáo Dục Học,6,0
63055,Đại số - Giải Tích,8,0
63056,Hình Học,5,0
63057,Y Tế Cộng Đồng,6,0
63058,Anh Văn,20,0
63059,Vật Lý,12,0
63060,Hóa Học,6,0
63061,Sinh Học,8,0
63062,Lịch Sử- PP Kể Chuyện Lịch Sử,6,0
63063,Địa Lý,6,0
63064,Tin Học,4,0
63065,PP DH Sức Khỏe,3,45
63066,PP DH Tiếng Việt,9,0
63067,PP DH Toán,7,0
63068,PP DH Tự Nhiên Xã Hội,5,75
63069,LĐKT & PPDH,6,0
63070,Anh Văn 10,7,105
63071,Anh Văn 11,7,0
63072,Anh Văn 12,7,0
63073,Một Số Kiến Thức CB Về TN-XH,4,0
63074,Sinh Lý Trẻ Lứa Tuổi TH,2,0
63075,Tâm Lý Học Đại Cương,2,0
63076,TLH Lứa Tuổi TH & TLH Sư Phạm,2,30
63077,Đại Số,3,0
63078,Lý Luận Văn Học,4,0
63079,Ngoại Ngữ,8,0
63080,PTKTDH & ƯDCNNTT Trong DH ở TH,4,60
63081,Văn Học,5,0
63082,PPNC Khoa Học Giáo Dục,2,0
63083,Hình Học,3,0
63084,Xác Xuất Thống Kê,2,0
63085,Giải Toán ở Tiểu Học,3,0
63086,Tiếng Việt,4,0
63087,Giáo Dục Môi Trường ở Tiểu Học,2,30
63088,Lý Luận Dạy Học ở Tiiểu Học,2,0
63089,Lý Luận Giáo Dục ở Tiiểu Học,2,0
63090,PP Dạy Học Toán ở Tiểu Học,4,0
63091,Kiểm Tra & Đánh Giá KQ GD ở TH,2,0
63092,PP Dạy Tiếng Việt ở Tiểu Học,3,0
63093,TH TC Các HĐGD Ngoải Giờ LL,2,30
63094,Rèn Luyện NVSPTX,2,0
63095,Thi Tốt Nghiệp,20,0
63096,Rèn Luyện Nghiệp Vụ SP TX,6,0
63097,Tiếng Việt và PPDH TV,9,135
63098,NM LT Xác Suất Và TK Toán,2,0
63099,Quản lý hành chính Nhà nước & quản lý ngành GD&ĐT,2,0
63100,Lý luận dạy học tiểu học & Lý luận giáo dục tiểu học,4,0
63101,Văn học,3,0
63102,Tiếng Việt,4,0
63103,Tiếng Việt thực hành,3,0
63104,Tiếng Việt & phương pháp dạy học Tiếng Việt ở tiểu học,4,0
63105,Toán & phương pháp dạy học Toán ở tiểu học,5,0
63106,Đạo đức và phương pháp giáo dục đạo đức ở tiểu học,3,0
63107,Thủ công - Kỹ thuật,2,0
63108,Cơ sở Tự nhiên - Xã hội,3,0
63109,Phương pháp dạy học thủ công Kỹ thuật,3,30
63110,Phương pháp dạy học Tự nhiên - Xã hội,4,30
63111,Giáo dục môi trường ở Tiểu học,2,0
63112,Âm nhạc & phương pháp dạy học âm nhạc ở tiểu học,3,0
63113,Mĩ thuật & phương pháp dạy học mĩ thuật ở tiểu học,3,0
63114,Phương pháp TC công tác đội TNTP HCM & TC các HĐ ngoài giờ lên lớp,3,0
63115,"Kiểm tra, đánh giá kết quả giáo dục ở tiểu học",2,0
640000,Toán (9/12),0,0
640001,Văn - Tiếng Việt (9/12),0,0
640002,Sinh học (9/12),0,0
640003,Lịch sử (9/12),0,0
640004,Địa lý (9/12),0,0
640005,Hóa học (9/12),0,45
640006,Toán (9/12),0,90
640007,Văn - Tiếng Việt (9/12),0,110
640008,Vật lý (9/12),0,115
640009,Hóa học (9/12),0,0
640010,Tổ chức hoạt động âm nhạc,3,0
640011,TV và PPPT lời nói cho trẻ em,3,0
640012,Toán và PPHTBT BĐ về Toán,3,0
640013,MTXQ và PPHD trẻ LQ với MTXQ,3,0
640014,Thực hành sư phạm,3,0
640015,VH và PP cho trẻ LQ với VH,3,30
640016,Kỹ năng giao tiếp,2,15
640017,PP giáo dục thể chất,3,30
640018,Thực tập tốt nghiệp,5,0
640019,LL và PP PT ngôn ngữ cho trẻ,3,0
640020,Âm nhạc và múa,3,0
640021,Thực hành sư phạm,2,0
640022,LL và PP tổ chức HĐTH cho trẻ,4,0
640023,Tổ chức HĐ vui chơi cho trẻ,2,0
640024,LL và PP HTBT TH SĐ cho trẻ em,3,30
640025,Dinh dưỡng trẻ em,2,0
640026,Thực tập sư phạm,2,0
640027,LL và PP HD trẻ LQ với MTXQ,3,0
640028,LL và PP tổ chức HĐAN cho TE,3,0
640029,LL và PP cho trẻ LQ với VHTN,3,0
640030,Giáo dục hòa nhập,2,0
640031,Tâm lý học xã hội,2,0
640032,Lịch sử giáo dục mầm non,2,0
640033,Logic học đại cương,2,15
640034,Tâm lý học trẻ em 1,2,0
640035,Mĩ thuật & PP DH mĩ thuật ở TH,2,0
640036,Giáo dục hòa nhập học sinh khuyết tật ở tiểu học,2,0
640037,Giáo dục kỹ năng sống,2,0
640038,Thực hành sư phạm (MN),2,0
640039,PP hình thành BTTHSĐ cho TE,2,15
640040,Giáo dục dinh dưỡng,2,0
640041,Giao tiếp sư phạm,2,15
640042,PP HD trẻ làm quen với MTXQ,2,0
640043,PP tổ chức HĐ âm nhạc cho TE,2,0
640044,PP cho trẻ làm quen với VH TN,2,0
640045,PP tổ chức HĐ tạo hình cho TE,2,0
640046,PP phát triển ngôn ngữ cho TE,2,0
640047,UD CNTT trong GD mầm non,2,0
640048,PP GD thể chất cho trẻ em,2,15
640049,Phòng bệnh và đảm bảo an toàn,2,0
640050,QLHCNN và QL giáo dục đào tạo,2,0
640051,Thực tập tốt nghiệp (MN),5,0
640052,UDCNTT trong GD mầm non,1,0
640053,Quản lý trong giáo dục mầm non,2,0
640054,Giáo dục MT trong trường MN,3,0
640055,Anh văn,4,0
640056,Cơ sở ngành (LLDH&GTSP..),4,0
640057,Cơ sở ngành (TLHTE2&GDHMN2),3,0
640058,Chuyên ngành (LL&PPPT NNTE),3,0
640059,Chuyên ngành (LL&PP PT NNTE & LL&PPHD trẻ làm quen với môi trường xung quanh),4,0
640060,Cơ sở ngành (LL DH & GT sư phạm ở trường MN),3,0
640061,Chuyên ngành (LL&PP PT NN cho trẻ và LL&PP TC HD TH cho trẻ),4,0
640062,Chuyên ngành (LL&PP phát triển ngôn ngữ cho trẻ em),4,0
640063,Logic học đại cương,1,0
64961,Máy chế biến,3,0
65000,Giải phẫu,4,0
650001,Ngoại ngữ cơ bản 1,3,0
650002,Sinh học và Di truyền,2,15
650003,Hoá học,2,0
650004,Vật lý và Lý sinh,2,15
650005,Giải phẫu,2,15
650006,Ngoại ngữ cơ bản 2,2,0
650007,Tâm lý y học - Đạo đức y học,2,30
650008,Hoá sinh,2,0
650009,Sinh lý,2,15
65001,Vật lý đại cương,2,0
650010,Vi sinh,2,15
650011,Ký sinh trùng,2,15
650012,Ngoại ngữ chuyên ngành,3,0
650013,Xác suất - Thống kê y học,2,0
650014,Sinh lý bệnh - Miễn dịch,2,15
650015,Các bệnh thông thường 1,3,0
650016,Tự chọn 1,2,0
650017,Tự chọn 2,2,0
650018,Các bệnh thông thường 2,3,0
650019,Tổ chức và quản lý hệ thống YT,2,0
65002,"Hoá vô cơ, hữu cơ",3,0
650020,Nguyên lý quản lý &các KNQL CB,2,0
650021,Chính sách y tế,2,0
650022,Dịch tễ học cơ bản,2,0
650023,Phòng chống thảm hoạ,2,0
650024,Sức khoẻ môi trường cơ bản,2,0
650025,Sức khoẻ nghề nghiệp cơ bản,2,0
650026,Thực tập cộng đồng 1,2,0
650027,Quản lý dịch vụ y tế,3,0
650028,Quản lý tài chính và kinh tế YT,2,30
650029,Sức khoẻ sinh sản,2,30
65003,Ngoại ngữ (Tiếng Anh) cơ bản 1,4,60
650030,Nhân học và XH học sức khoẻ,3,0
650031,Tự chọn 3,2,0
650032,Tự chọn 4,3,30
650033,Tự chọn 5,3,0
650034,Dân số và phát triển,2,0
650035,Dinh dưỡng -An toàn thực phẩm,2,0
650036,Nghiên cứu định tính,2,15
650037,Thực tập cộng đồng 2,2,0
650038,Tự chọn 6,2,15
650039,Tự chọn 7,2,0
65004,Di truyền học,2,0
650040,Tự chọn 8,2,0
650041,Tự chọn 9,2,0
650042,Nghiên cứu khoa học,2,0
650043,Nâng cao sức khoẻ,3,0
650044,Phục hồi chức năng dựa vào CĐ,2,15
650045,Tự chọn 10,2,0
650046,Tự chọn 11,2,0
650047,Tự chọn 12,2,0
650048,Tự chọn 13,2,0
650049,Tự chọn 14,2,0
65005,Nhật ngữ II (Ngoại ngữ II),3,0
650050,Phân loại bệnh tật &tử vong QT,2,0
650051,Tự chọn 15,3,30
650052,Kế hoạch y tế,3,0
650053,Thực tập nghề nghiệp 1,3,0
650054,Thực tập nghề nghiệp 2,3,0
650055,Thi tốt nghiệp (YT),7,0
650056,Hoá học,5,0
650057,Sinh học và Di truyền,5,0
650058,Xác suất - Thống kê y học,2,15
650059,Tin học ứng dụng,2,15
65006,Hoá sinh,3,0
650060,Vật lý và Lý sinh,4,0
650061,Giải phẫu 1 (đại cương-tứ chi),3,0
650062,Hóa học,2,30
650063,Hoá đại cương - vô cơ,3,0
650064,Dược lý,2,15
650065,Điều dưỡng cơ sở 1,2,0
650066,Giải phẫu - Sinh lý,3,0
650067,Sinh lý bệnh,2,0
650068,Vi sinh vật - ký sinh trùng,2,15
650069,Mô phôi,2,15
65007,Hoá học đại cương - Vô cơ,4,0
650070,Tổ chức y tế - CTYTQG-GDSK,2,0
650071,Sinh lý,3,30
650072,Sức khoẻ - NC sức khoẻ & HVCN,2,0
650073,Giải phẫu,3,30
650074,Hoá hữu cơ,2,0
650075,Hóa phân tích,3,30
650076,Vi sinh - Ký sinh trùng,3,0
650077,Điều dưỡng cơ sở II,3,0
650078,Dinh dưỡng - Tiết chế,2,15
650079,Sức khỏe môi trường,2,15
65008,Sinh lý,4,0
650080,Phương pháp NCKH trong Y học,2,15
650081,Chăm sóc SK người bệnh lao,1,0
650082,TH. Chăm sóc SK người bệnh lao,1,0
650083,Chăm sóc sức khỏe tâm thần,1,15
650084,TH. Chăm sóc SK tâm thần,1,0
650085,Quản lý điều dưỡng,2,15
650086,Chăm sóc SKNL bệnh Nội khoa II,2,0
650087,TH. CS SK NL bệnh nội khoa II,1,0
650088,Chăm sóc SK NL bệnh Ng khoa II,2,0
650089,TH. CS SK NL bệnh Ng khoa II,1,0
65009,Sinh học và di truyền,2,0
650090,Chăm sóc sức khỏe trẻ em II,1,0
650091,TH. Chăm sóc SK trẻ em II,1,0
650092,"SK PN, BM, GĐ và CS ĐD II",1,0
650093,"TH. SK PN, BM, GĐ và CS ĐD II",1,0
650094,CS N bệnh CC & CS tích cực,1,15
650095,TH. CS N bệnh CC & CS tích cực,1,0
650096,CS SK người cao tuổi,1,0
650097,TH. CS SK người cao tuổi,1,0
650098,Thực tập tốt nghiệp,4,0
650099,Anh văn chuyên ngành (ĐD),2,30
65010,Nhật ngữ 2 (Ngoại ngữ 2),4,0
650100,KN giao tiếp trong TH ĐD,2,0
650101,KS nhiễm khuẩn trong TH ĐD,2,0
650102,Giải phẫu 2 (ngực - bụng),3,0
650103,Giải phẫu 3 (đầu - mặt - cổ),2,0
650104,Truyền thông và giáo dục sức khoẻ,2,30
650105,Tâm lý học - Đạo đức Y học,2,0
650106,Dân số học,2,30
650107,Mô phôi,3,30
650108,Sinh lý 1,3,0
650109,Sinh lý 2,3,30
65011,Điều dưỡng cơ sở I,4,0
650110,Vi sinh,3,30
650111,Hoá sinh,3,0
650112,Giải phẫu bệnh,2,15
650113,Điều dưỡng cơ bản,2,15
650114,Huấn luyện kỹ năng 1,2,0
650115,Hoá sinh,3,0
650116,Điều dưỡng cơ bản,2,0
650117,Sinh lý bệnh – Miễn dịch,3,0
650118,Phẫu thuật thực hành,2,0
650119,Chẩn đoán hình ảnh,3,0
65012,Giải phẫu sinh lý,5,0
650120,Huấn luyện kỹ năng 2,2,0
650121,Anh văn chuyên ngành Y đa khoa,2,0
650122,Dược lý,4,0
650123,Dinh dưỡng và An toàn vệ sinh thực phẩm,2,15
650124,Dịch tễ học,2,15
650125,Sức khỏe môi trường và sức khỏe nghề nghiệp,2,15
650126,Tổ chức và quản lý y tế,2,15
650127,Thực tập cộng đồng 1,1,0
650128,Dược lý lâm sàng,1,0
650129,Huấn luyện kỹ năng 3,2,0
65013,Tâm lý Y học - Y đức,2,0
650130,Hóa sinh lâm sàng,2,30
650131,Sinh lý 3 (thăm dò chức năng),1,0
650132,Huyết học cơ bản,2,0
650133,Nội cơ sở 1,3,0
650134,Nội cơ sở 2,2,0
650135,Ngoại cơ sở 1,3,0
650136,Ngoại cơ sở 2,2,0
650137,Nội bệnh lý 1,4,0
650138,Nội bệnh lý 2,3,0
650139,Ngoại bệnh lý 1,4,0
65014,Xác suất - thống kê y dược,3,0
650140,Phụ sản 1,4,0
650141,Nhi 1,4,0
650142,Phụ sản 2,4,30
650143,Nhi 2,4,0
650144,Ngoại bệnh lý 2,3,0
650145,Lao,2,0
650146,Phục hồi chức năng,2,15
650147,Truyền nhiễm,3,0
650148,Y học cổ truyền,3,0
650149,Nội bệnh lý 3,4,0
65015,Pháp luật đại cương,2,0
650150,Dị ứng lâm sàng,1,0
650151,Y học gia đình,2,15
650152,Gây mê hồi sức,2,0
650153,Tai mũi họng,2,0
650154,Mắt,2,0
650155,Thần kinh,2,0
650156,Tâm thần,2,0
650157,Ung thư,2,0
650158,Da liễu,2,0
650159,Răng hàm mặt,2,0
65016,Phương pháp nghiên cứu KH,2,0
650160,Chương trình Y tế quốc gia,1,15
650161,Thực tập cộng đồng 2,1,0
650162,Y học thảm họa,1,0
650163,Nội bệnh lý 4,4,30
650164,Ngoại bệnh lý 3,4,0
650165,Phụ sản 3,4,0
650166,Nhi 3,4,0
650167,Định hướng cơ bản chuyên khoa nội tổng quát,7,0
650168,Định hướng cơ bản chuyên khoa ngoại tổng quát,7,0
650169,Định hướng cơ bản chuyên khoa phụ sản,7,0
65017,Di truyền học,2,0
650170,Định hướng cơ bản chuyên khoa nhi,7,0
650171,Định hướng cơ bản chuyên khoa lao và bệnh phổi,7,0
650172,Định hướng cơ bản chuyên khoa y học cổ truyền,7,0
650173,Hóa sinh 1,3,0
650174,Xét nghiệm cơ bản,3,0
650175,Vi sinh 1,3,30
650176,Ký sinh trùng 1,3,0
650177,Sinh lý bệnh – Miễn dịch,2,0
650178,Anh văn chuyên ngành Xét nghiệm,2,15
650179,Sức khỏe môi trường,2,0
65018,Hoá hữu cơ,2,15
650180,Điều dưỡng cơ bản – Cấp cứu ban đầu,2,15
650181,Dược lý,2,30
650182,Huyết học tế bào 1,3,0
650183,Hóa sinh 2,2,0
650184,Vi sinh 2,2,15
650185,Bệnh học nội khoa,2,30
650186,Bệnh học ngoại khoa,2,0
650187,Chống nhiễm khuẩn bệnh viện,2,15
650188,Hóa sinh 3,2,0
650189,Vi sinh 3,2,0
65019,Hoá đại cương,2,0
650190,Ký sinh trùng 2,2,0
650191,Huyết học tế bào 2,2,0
650192,Hóa sinh 4,2,0
650193,Ký sinh trùng 3,2,0
650194,Vi sinh 4,2,0
650195,Huyết học truyền máu,2,0
650196,Xét nghiệm tế bào 1,3,0
650197,Huyết học đông máu,2,0
650198,Y sinh học phân tử 1,2,0
650199,Y sinh học phân tử 2,2,0
65020,Sức khoẻ môi trường,2,0
650200,Một số XN VS & KST trong vệ sinh ATTP,2,0
650201,Xét nghiệm tế bào 2,2,0
650202,Kiểm tra chất lượng xét nghiệm,2,15
650203,Xét nghiệm huyết học nâng cao,3,0
650204,Thực tập kỹ thuật xét nghiệm Vi sinh-Ký sinh trùng,2,0
650205,Thực tập kỹ thuật xét nghiệm Hóa sinh,2,0
650206,Độc chất học lâm sàng,3,0
650207,Xét nghiệm tế bào 3,3,30
650208,Bệnh lý tế bào máu,3,30
650209,Thực tập kỹ thuật xét nghiệm Huyết học,2,0
65021,Hoá hữu cơ,3,0
650210,Thực tập kỹ thuật xét nghiệm Giải phẫu bệnh,2,0
650211,Vi sinh- Ký sinh trùng nâng cao,3,0
650212,Hóa sinh 5,2,0
650213,Huyết học chuyên ngành,2,15
650214,Hóa phân tích,5,0
650215,Hóa sinh,3,30
650216,Độc chất học,2,30
650217,Thực vật dược,4,0
650218,Hóa dược,4,0
650219,Dược liệu,4,45
65022,Xác suất - thống kê,2,0
650220,Dược lý,5,60
650221,Anh văn chuyên ngành Dược,3,0
650222,Dược học cổ truyền,3,30
650223,Bào chế,5,60
650224,Dược lâm sàng,4,0
650225,Kiểm nghiệm,4,45
650226,Sản xuất thuốc,3,0
650227,Dược bệnh viện,3,0
650228,Thực phẩm chức năng,2,30
650229,Mỹ phẩm,2,0
65023,Giao tiếp và TH điều dưỡng,2,0
650230,Thiết bị và sinh phẩm y tế,2,0
650231,Pháp chế dược,3,45
650232,"Nhóm GPs (GMP, GLP, GSP, GDP, GPP)",3,0
650233,Nghiên cứu và phát triển thuốc mới,2,0
650234,Phương pháp nghiên cứu dược liệu,2,15
650235,Hóa sinh lâm sàng,2,15
650236,Các phương pháp sắc ký,2,0
650237,Các dạng bào chế đặc biệt,2,30
650238,Trồng và thu hái dược liệu,2,0
650239,Tương tác thuốc,2,0
65024,Nhật ngữ I (Ngoại ngữ 1),4,0
650240,Các phương pháp phổ,2,0
650241,Kinh tế y tế,3,0
650242,Kinh tế dược,3,0
650243,Bao bì dược phẩm,2,0
650244,Nhận biết dược liệu,2,0
650245,Hóa trị liệu,2,0
650246,Kiểm nghiệm bằng phương pháp sinh vật,2,0
650247,Bảo hiểm y tế,2,0
650248,Độ ổn định và tuổi thọ dược phẩm,2,0
650249,Kiểm nghiệm dược liệu – đông dược,2,0
65025,Vật lý - Lý sinh,4,45
650250,Dinh dưỡng trong điều trị,2,0
650251,Marketing dược,2,30
650252,Thực tập tốt nghiệp (Dược),3,0
650253,Dược phẩm sinh học,3,0
650254,Ung thư,2,30
650255,Các chất chống oxy hóa,2,0
650256,Anh văn chuyên ngành Y tế công cộng,3,30
650257,Các bệnh thường gặp 1,3,0
650258,Khoa học môi trường và Sinh thái,2,0
650259,Dinh dưỡng và An toàn vệ sinh thực phẩm,2,0
65026,Sinh học đại cương,4,0
650260,Giáo dục và nâng cao sức khỏe,3,0
650261,Thực tập cộng đồng 1,2,0
650262,Các bệnh thường gặp 2,3,0
650263,Sức khỏe môi trường và Thảm họa,3,0
650264,Các chương trình y tế quốc gia 1,3,0
650265,Dinh dưỡng học cơ bản và xây dựng khẩu phần dinh dưỡng,2,15
650266,Vệ sinh học đại cương môi trường – nghề nghiệp,2,15
650267,Điều tra một vụ dịch,2,15
650268,Đại cương về Nâng cao sức khỏe,2,0
650269,Dân số - Kế hoạch hóa gia đình,2,15
65027,Toán cao cấp,3,45
650270,Lập kế hoạch và các phương pháp đánh giá tình trạng dinh dưỡng,2,15
650271,Dịch tễ học bệnh không truyền nhiễm,2,0
650272,Lập kế hoạch chương trình Nâng cao sức khỏe,2,15
650273,Thống kê dân số y tế,2,15
650274,Quản lý dịch vụ y tế,2,30
650275,Sức khỏe sinh sản,2,0
650276,Sức khỏe lứa tuổi,2,30
650277,Các yếu tố ảnh hưởng tới sức khỏe,2,0
650278,bổ sung sau,2,0
650279,Thực tập cộng đồng 2,2,0
65028,Vi sinh vật - ký sinh trùng,3,0
650280,Dinh dưỡng và các vấn đề sức khỏe cộng đồng,2,15
650281,Sức khỏe nghề nghiệp,2,15
650282,Dịch tễ học bệnh truyền nhiễm,2,0
650283,Đánh giá chương trình Nâng cao sức khỏe,2,15
650284,Quản lý chương trình dân số - Kế hoạch hóa gia đình,2,15
650285,Bệnh truyền qua thực phẩm và phân tích nguy cơ an toàn thực phẩm,2,15
650286,Sức khỏe trường học,2,15
650287,Thống kê y sinh học thực hành,2,0
650288,Truyền thông sức khỏe và tiếp thị xã hội,2,0
650289,Kinh tế dân số y tế,2,15
65029,Ngoại ngữ (Tiếng Anh) cơ bản 2,3,0
650290,Quản lý an toàn thực phẩm,2,15
650291,Đánh giá nguy cơ sức khỏe môi trường – Nghề nghiệp,2,15
650292,Thiết kế đánh giá chương trình y tế,2,0
650293,Vận động trong thực hành nâng cao sức khỏe,2,0
650294,Chính sách dân số,2,15
650295,Kế hoạch và Chính sách y tế,3,0
650296,Các chương trình y tế quốc gia 2,3,0
650297,Dịch tễ học chấn thương,2,15
650298,Tin học ứng dụng,3,0
650299,Quản lý dự án y tế,2,15
65030,Hoá học,2,0
650300,Nghiên cứu sức khỏe cộng đồng,3,0
650301,Phân loại bệnh tật và tử vong toàn cầu,2,30
650302,Thực tập cộng đồng 3,2,0
650303,Các kỹ năng Chẩn đoán cộng đồng,2,15
650304,Phương tiện và Tài liệu truyền thông,3,0
650305,Kỹ năng giao tiếp trong thực hành Điều dưỡng,2,0
650306,Điều dưỡng cơ sở 1,4,0
650307,Điều dưỡng cơ sở 2,4,0
650308,Kiểm soát nhiễm khuẩn trong thực hành điều dưỡng,2,0
650309,Chăm sóc sức khỏe người lớn bệnh Nội khoa 1,4,0
65031,Hoá phân tích,3,0
650310,Chăm sóc sức khỏe người lớn bệnh Ngoại khoa 1,4,30
650311,Pháp luật – Tổ chức y tế,2,0
650312,Chăm sóc sức khỏe người bệnh truyền nhiễm,3,0
650313,Chăm sóc sức khỏe cộng đồng,2,0
650314,Chăm sóc sức khỏe người cao tuổi,2,0
650315,Chăm sóc sức khỏe người bệnh da liễu,2,0
650316,Chăm sóc sức khỏe người bệnh lao,2,0
650317,Chăm sóc sức khỏe người bệnh Tai Mũi Họng,2,15
650318,Chăm sóc sức khỏe người bệnh Răng Hàm Mặt,2,0
650319,Giáo dục sức khỏe trong thực hành Điều dưỡng,2,0
65032,Giáo dục SK&TH điều dưỡng,2,0
650320,Chăm sóc sức khỏe trẻ em,4,30
650321,"Sức khỏe phụ nữ, bà mẹ, gia đình và chăm sóc điều dưỡng",4,0
650322,Dịch tễ học các bệnh không lây,2,0
650323,Dịch tễ học các bệnh lây,2,0
650324,Chăm sóc sức khỏe người bệnh Mắt,2,0
650325,"Chăm sóc giảm đau, giảm nhẹ",2,0
650326,Chăm sóc sức khỏe người lớn bệnh Nội khoa 2,3,0
650327,Chăm sóc sức khỏe người lớn bệnh Ngoại khoa 2,3,0
650328,Y học cổ truyền,2,0
650329,Chăm sóc cho người cần được phục hồi chức năng,2,15
65033,Ngoại ngữ 1 (Nhật ngữ),4,0
650330,Chăm sóc sức khỏe Tâm thần,2,0
650331,Chăm sóc người bệnh cấp cứu & chăm sóc tích cực,2,0
650332,Phần mềm tin học quản lý các khoa/phòng bệnh viện,2,15
650333,Chăm sóc ban đầu,2,0
650334,Vi sinh vật,2,0
650335,Chăm sóc sức khỏe người lớn bệnh Nội khoa,4,0
650336,Chăm sóc sức khỏe người lớn bệnh Ngoại khoa,4,30
650337,Dịch tễ và các bệnh truyền nhiễm,2,0
650338,"Sức khoẻ phụ nữ, bà mẹ, gia đình và chăm sóc điều dưỡng",3,0
650339,Chăm sóc sức khỏe trẻ em,3,0
65034,Xác suất thống kê,3,45
650340,Chăm sóc sức khỏe người lớn bệnh Ngoại khoa (Nâng cao),2,0
650341,Chăm sóc sức khoẻ người bệnh truyền nhiễm,2,0
650342,Chăm sóc sức khỏe người lớn bệnh Nội khoa (Nâng cao),2,0
650343,Chăm sóc sức khỏe người bệnh lao,2,15
650344,Chăm sóc sức khỏe cộng đồng,3,0
650345,Chăm sóc sức khỏe người cao tuổi,2,0
650346,Pháp luật - Tổ chức y tế,1,0
650347,Chăm sóc sức khỏe trẻ em (Nâng cao),2,0
650348,"Sức khoẻ phụ nữ, bà mẹ, gia đình và chăm sóc điều dưỡng (Nâng cao)",2,15
650349,Anh văn chuyên ngành Điều dưỡng,2,15
65035,Pháp luật và Tổ chức Y tế,2,0
650350,"Điều dưỡng chuyên khoa (Mắt, Răng Hàm Mặt, Tai –Mũi - Họng, Da Liễu)",4,0
650351,Văn bản hành chính,1,15
650352,Hóa sinh,2,30
650353,Hóa dược,3,0
650354,Bào chế,4,0
650355,Thiết bị và an toàn lao động trong phòng thí nghiệm,2,0
650356,Kỹ thuật kiểm nghiệm cơ bản,2,0
650357,Dược lâm sàng,3,30
650358,Kiểm nghiệm,3,0
650359,"Kỹ năng giao tiếp, bán hàng",2,0
65036,Hoá phân tích,5,0
650360,Kiểm nghiệm các dạng thuốc và mỹ phẩm,3,0
650361,Kiểm nghiệm độc chất,3,0
650362,Đảm bảo chất lượng thuốc,3,0
650363,Bảo quản và tồn trữ thuốc,3,30
650364,Sản xuất thuốc,3,0
650365,Dược học cổ truyền,2,30
650366,Huyết học tế bào,3,30
650367,Vi sinh 2,2,0
650368,Xét nghiệm tế bào,3,0
650369,Ký sinh trùng 2,2,0
65037,Giải phẫu,5,0
650370,Vi sinh 3,2,0
650371,Hóa sinh 3,2,0
650372,Thực tập kỹ thuật xét nghiệm Hóa sinh – Huyết học,3,0
650373,Y sinh học phân tử,3,0
650374,Khóa luận tốt nghiệp,5,0
650375,Luận văn tốt nghiệp,7,0
650376,Chống nhiễm khuẩn bệnh viện,2,0
650377,Thực tập kỹ thuật xét nghiệm Hóa sinh,2,0
650378,Thực tập kỹ thuật xét nghiệm Huyết học,2,0
650379,Thực tập kỹ thuật xét nghiệm Giải phẫu bệnh,2,0
65038,Pháp luật -Tổ chức QL dược,3,45
650380,Nhân học và xã hội học sức khỏe,2,0
650381,Phương pháp nghiên cứu khoa học trong y học,2,15
650382,Thiết kế đánh giá chương trình y tế,2,15
650383,Vận động trong thực hành nâng cao sức khỏe,2,15
650384,Sức khỏe - Nâng cao sức khỏe và hành vi con người,2,0
650385,Pháp chế và kinh tế dược,3,0
650386,Chăm sóc SK người lớn có bệnh Nội khoa 1,4,0
650387,Chăm sóc SK người lớn có bệnh Ngoại khoa 1,4,0
650388,Chính sách y tế,2,15
650389,Nội cơ sở,3,30
65039,Sinh lý,3,0
650390,Ngoại cơ sở,3,0
650391,Anh văn chuyên ngành 1 (RHM),2,0
650392,Bệnh học Nội khoa,4,0
650393,Bệnh học Ngoại khoa,4,0
650394,Nhi,2,0
650395,Phụ sản,2,0
650396,Mắt,2,0
650397,Tai mũi họng,2,15
650398,Da liễu,2,0
650399,Thần kinh,2,15
65040,Dụng cụ và P.Tiện xét nghiệm,3,0
650400,Y học cổ truyền,2,0
650401,Giải phẫu răng,4,0
650402,Mô phôi răng miệng,2,30
650403,Sinh học miệng,1,0
650404,Bệnh học răng,2,30
650405,Cắn khớp học,3,0
650406,Vật liệu - thiết bị nha khoa,2,30
650407,Bệnh học miệng - hàm mặt 1,2,0
650408,Mô phỏng lâm sàng,2,15
650409,Chẩn đoán hình ảnh nha khoa,2,0
65041,Giải phẫu sinh lý,5,0
650410,Giải phẫu ứng dụng và phẫu thuật hàm mặt,2,15
650411,Chữa răng nội nha 1,2,0
650412,Chữa răng nội nha 2,4,15
650413,Nha chu 1,2,0
650414,Phục hình 1 (cơ sở),2,0
650415,Bệnh học miệng- hàm mặt 2,4,15
650416,Phẫu thuật miệng 1,2,0
650417,Nha chu 2,4,0
650418,Nha khoa công cộng,2,0
650419,Phục hình 2 (PH tháo lắp bán hàm),5,0
65042,Sinh lý bệnh,3,30
650420,Phục hình 3 (PH toàn hàm),5,0
650421,Phục hình 4 (PH cố định),3,30
650422,Phục hình 5,3,0
650423,Răng trẻ em,4,0
650424,Phẫu thuật miệng 2,2,15
650425,Phẫu thuật hàm mặt,4,0
650426,Nha khoa dự phòng,3,0
650427,Chỉnh hình răng mặt căn bản,3,0
650428,Nha khoa bệnh lý và phẫu thuật,4,0
650429,Nha khoa Phục hồi tổng quát,3,0
65043,Ngoại ngữ 1,5,0
650430,Nha khoa cấy ghép,3,0
650431,Tổ chức hành nghề Răng Hàm Mặt,2,0
650432,Nha khoa hiện đại,2,0
650433,Đào tạo thực địa & thực tập cộng đồng,3,15
650434,Điều trị loạn năng hệ thống nhai,2,0
650435,Phục hình nâng cao,3,30
650436,Lão nha học,2,0
650437,Hóa học đại cương - vô cơ,3,0
650438,Hóa hữu cơ,2,15
650439,Vi sinh vật - ký sinh trùng,3,0
65044,Ngoại ngữ 1,4,0
650440,Hóa phân tích,3,0
650441,Răng trẻ em,4,0
650442,Bệnh học miệng - hàm mặt II,4,45
650443,Phương pháp nghiên cứu khoa học trong y học,2,15
650444,Phục hình 1 (PH cơ sở),2,0
650445,Phẫu thuật miệng 2,2,0
650446,Phẫu thuật hàm mặt,4,30
650447,Hóa sinh 2,2,0
650448,Phục hình 2 (PHTL bán phần),5,0
650449,Phục hình 3 (PHTL toàn hàm),5,0
65045,Tiếng Anh chuyên ngành (DD),4,0
650450,Nha khoa bệnh lý và phẫu thuật,4,0
650451,Thi tốt nghiệp,7,0
650452,Quản lý chất thải y tế,3,30
650453,Các chương trình hỗ trợ có mục tiêu về y tế,3,30
650454,Phục hồi chức năng dựa vào cộng đồng,2,0
650455,Ngoại cơ sở 1,4,0
650456,Ngoại cơ sở 2,3,0
650457,Dịch tễ học,2,0
650458,Tổ chức và quản lý y tế,2,30
650459,Nội cơ sở 1,4,0
65046,Dược lý,3,30
650460,Nội cơ sở 2,3,0
650461,Bệnh học Nội khoa,3,0
650462,Ngoại cơ sở,2,0
650463,Bệnh học Ngoại khoa,3,0
650464,Giải phẫu răng,3,0
650465,Vật liệu nha khoa,2,0
650466,Ký sinh trùng,3,30
650467,Giải phẫu bệnh,3,30
650468,"Thực tập bệnh viện Vi sinh, Ký sinh trùng, Hóa sinh, Huyết học",3,0
650469,Anh văn chuyên ngành 2 (RHM),2,0
65047,Triệu chứng bệnh nội khoa,4,0
650470,Nhi,2,0
650471,Phụ sản,2,15
650472,Da liễu,2,0
650473,Mô phỏng lâm sàng,2,0
650474,Nội cơ sở,2,0
650475,Y sinh học phân tử,2,15
650476,Chăm sóc sức khỏe người bệnh da liễu,1,0
650477,TH. Chăm sóc sức khỏe người bệnh da liễu,1,0
650478,Chăm sóc sức khỏe người bệnh lao,1,0
650479,TH. Chăm sóc sức khỏe người bệnh lao,1,0
65048,Chăm sóc ban đầu,3,0
650480,Phần mềm thống kê ứng dụng trong y học,2,15
650481,Hóa học,5,0
650482,Tiếng Anh chuyên ngành Điều dưỡng,2,0
650483,Thực tế nghề nghiệp,4,0
650484,Chuyên đề: Chăm sóc người bệnh lao và bệnh phổi,2,0
650485,Chuyên đề: Chăm sóc người bệnh hồi sức tích cực - chống độc,2,0
650486,Chuyên đề: Chăm sóc người bệnh cấp cứu,1,0
650487,Chuyên đề: Chăm sóc người bệnh ung thư,2,0
650488,"Chăm sóc sức khỏe phụ nữ, bà mẹ và gia đình",4,0
650489,Chuyên đề: Chăm sóc bệnh nhân mắc bệnh không lây,2,30
65049,Dinh dưỡng - Tiết chế,3,15
650490,Chuyên đề: Chăm sóc hồi sức tích cực Nhi khoa,2,15
650491,Chuyên đề: Chăm sóc người bệnh khoa Mắt,2,15
650492,Chuyên đề: Chăm sóc giảm nhẹ,2,0
650493,Vi sinh Y học và Ký sinh trùng,3,0
650494,Giao tiếp - Giáo dục sức khỏe trong thực hành Điều dưỡng,3,30
650495,Dịch tễ học - Nghiên cứu khoa học,3,30
650496,Nghiên cứu Điều dưỡng,2,0
650497,Chuyên đề: Chăm sóc hồi sức tích cực Nhi khoa,2,0
650498,Chuyên đề: Chăm sóc người bệnh truyền nhiễm,2,0
650499,Chuyên đề: Chăm sóc bệnh nhân mắc bệnh không lây,2,0
65050,Vệ sinh - Môi trường,2,0
650500,Chăm sóc người bệnh Cấp cứu,2,0
650501,Chăm sóc người bệnh Hồi sức tích cực - Chống độc,3,0
650502,Chăm sóc người bệnh lao và phổi,2,0
650503,Sức khỏe môi trường - Nâng cao sức khỏe và hành vi con người,3,0
650504,"Chăm sóc sức khỏe phụ nữ, bà mẹ và gia đình",3,0
650505,Huấn luyện kỹ năng 1 (Kỹ thuật thăm khám cơ bản),1,0
650506,Huấn luyện kỹ năng 2 (Kỹ thuật thăm khám nâng cao),1,0
650507,Huấn luyện kỹ năng 3 (Thủ thuật Y khoa),1,0
650508,Điều dưỡng cơ bản 1,2,0
650509,Điều dưỡng cơ bản 2,2,0
65051,Sức khoẻ - NC sức khoẻ & HVCN,2,15
650510,Chăm sóc người bệnh Cấp cứu,2,0
650511,Chăm sóc người bệnh Hồi sức tích cực - Chống độc,3,0
650512,Thực tập cuối khóa,4,0
650513,Hóa đại cương - vô cơ,2,0
650514,Hóa hữu cơ,2,0
650515,Giải phẫu - Mô - Sinh lý,3,0
650516,Vi sinh vật - Ký sinh trùng,2,30
650517,Thực hành dược khoa,2,15
650518,Sinh học và Di truyền,2,30
650519,Vật lý và Lý sinh,2,30
65052,Điều dưỡng cơ sở II,4,0
650520,Hóa học,4,45
650521,Sinh học và Di truyền,4,45
650522,Giải phẫu 1,3,30
650523,Chữa răng nội nha 1,2,0
650524,Chữa răng nội nha 2,4,0
650525,Nha chu 1,2,0
650526,Bệnh học miệng - hàm mặt 2,4,45
650527,Điều dưỡng cơ bản nâng cao,2,0
650528,Nội cơ sở,2,15
650529,Bệnh học nội khoa,3,0
65053,Triệu chứng bệnh sản khoa,4,0
650530,Ngoại cơ sở,2,15
650531,Bệnh học ngoại khoa,3,0
650532,Mắt,2,15
650533,Tai mũi họng,2,15
650534,Nhi,2,15
650535,Phụ sản,2,0
650536,Da liễu,2,15
650537,Thần kinh,2,15
650538,Y học cổ truyền,2,15
650539,Dược xã hội học,2,30
65054,Triệu chứng bệnh nhi khoa,4,0
650540,Thực phẩm chức năng - Mỹ phẩm - Thuốc từ dược liệu,2,0
650541,Một số công cụ quản lý chất lượng thuốc,2,0
650542,Kỹ năng giao tiếp bán hàng,2,30
650543,Dược lâm sàng nâng cao,3,0
650544,Thực hành Dược bệnh viện,2,0
650545,Quản lý - kinh tế dược,2,30
650546,Thực hành nhà thuốc,2,0
650547,Sinh lý bệnh - Miễn dịch,2,30
650548,Thông tin cảnh giác dược,2,0
650549,Dược lâm sàng 1,3,0
65055,Chăm sóc người bệnh CC&CSTC,4,0
650550,Thực hành dược khoa,2,0
650551,Sinh lý bệnh - Miễn dịch,3,0
650552,Phục hình 1 (PH cơ sở),2,0
650553,Phục hình 2 (PHTL bán phần),5,0
650554,THBV.Điều dưỡng cơ bản,2,0
650555,Thực hành dược khoa,2,0
650556,Giải phẫu học,3,30
650557,Phương pháp Nghiên cứu khoa học trong Vật lý trị liệu-Phục hồi chức năng,2,30
650558,Hóa sinh,2,15
650559,Vi sinh vật - Ký sinh trùng,3,30
65056,Chăm sóc SKN.lớn bệnh Nội khoa,5,0
650560,Tâm lý y học - Đạo đức nghề nghiệp,2,0
650561,Xét nghiệm cơ bản,3,30
650562,Kiểm soát nhiễm khuẩn,2,15
650563,Sinh học và Di truyền,3,30
650564,Hóa đại cương - Vô cơ,3,0
650565,Toán xác suất và thống kê,2,0
650566,Giải phẫu - Mô phôi,3,30
650567,Chăm sóc sức khỏe người bệnh truyền nhiễm,3,0
650568,Chăm sóc sức khỏe cộng đồng,2,15
650569,Chăm sóc sức khỏe người cao tuổi,2,15
65057,Chăm sóc sức khoẻ trẻ em,4,0
650570,Chăm sóc sức khỏe người bệnh lao,2,15
650571,Chăm sóc sức khỏe người bệnh Tai Mũi Họng,2,0
650572,Chăm sóc sức khỏe người lớn bệnh Nội khoa,4,0
650573,Chăm sóc sức khỏe người lớn bệnh Ngoại khoa,4,0
650574,Vật lý và Lý sinh,3,30
650575,Sinh lý 1,2,15
650576,Thực hành nhà thuốc,2,0
650577,Tin học ứng dụng trong y học,2,15
650578,Giải phẫu 1 (đại cương - tứ chi - ngực bụng),3,30
650579,Mô phôi (đại cương),2,0
65058,Dịch tễ & các bệnh tr.nhiễm,3,0
650580,Chăm sóc sức khỏe người lớn bệnh Nội khoa 2,1,15
650581,Thực hành chăm sóc sức khỏe người lớn bệnh Nội khoa 2,2,0
650582,Chăm sóc sức khỏe người lớn bệnh Ngoại khoa 2,1,15
650583,Thực hành chăm sóc sức khỏe người lớn bệnh Ngoại khoa 2,2,0
650584,Chăm sóc sức khỏe người bệnh truyền nhiễm,1,15
650585,Thực hành chăm sóc sức khỏe người bệnh truyền nhiễm,2,0
650586,Chăm sóc người bệnh cấp cứu và chăm sóc tích cực,1,15
650587,Thực hành chăm sóc người bệnh cấp cứu và chăm sóc tích cực,2,0
650588,Chăm sóc sức khỏe người cao tuổi,1,0
650589,Thực hành chăm sóc sức khỏe  người cao tuổi,2,0
65059,Kỹ năng tiếp cận và PTNN học,2,15
650590,Chăm sóc sức khỏe tâm thần,1,0
650591,Thực hành chăm sóc sức khỏe tâm thần,1,0
650592,Chuyên đề: Chăm sóc bệnh nhân mắc bệnh không lây - Chăm sóc giảm nhẹ,2,0
650593,Thực hành chăm sóc bệnh nhân mắc bệnh không lây – chăm sóc giảm nhẹ,3,0
650594,Chuyên đề: Chăm sóc hồi sức tích cực Nhi khoa,2,30
650595,Thực hành chăm sóc hồi sức tích cực Nhi khoa,3,0
650596,Thực tập cuối khóa,3,0
650597,Chuyên đề: Chăm sóc người bệnh lao và bệnh phổi,3,0
650598,Chuyên đề: Chăm sóc người bệnh hồi sức tích cực – chống độc,4,30
650599,Chuyên đề: Chăm sóc người bệnh cấp cứu,4,0
65060,Triệu chứng bệnh ngoại khoa,4,0
650600,Chuyên đề: Chăm sóc người bệnh ung thư,3,15
650601,Chuyên đề: Chăm sóc sức khỏe người cao tuổi,4,30
650602,Chuyên đề: Chăm sóc sức khỏe người lớn bệnh Ngoại khoa,4,0
650603,Xét nghiệm tế bào 1,2,15
650604,Kiểm soát nhiễm khuẩn bệnh viện,2,0
650605,Ký sinh trùng 4,2,0
650606,Thực hành bệnh viện hóa sinh,3,0
650607,Thực hành bệnh viện huyết học,3,0
650608,Chuyên đề bệnh lý huyết học,3,15
650609,Hóa sinh 5,3,15
65061,Chăm sóc SKNL bệnh Ngoại khoa,5,0
650610,Thực hành bệnh viện vi sinh - Ký sinh trùng,3,0
650611,Thực hành bệnh viện xét nghiệm tế bào,2,0
650612,Thực tập cuối khóa (Hóa sinh + Huyết học + Vi sinh + Ký sinh trùng),4,0
650613,Hóa sinh nâng cao,2,0
650614,Huyết học nâng cao,2,15
650615,Vi sinh – Ký sinh trùng nâng cao,3,0
650616,Huyết học cơ sở,2,15
650617,Dược liệu,3,30
650618,Dược lý,4,0
650619,Dược lâm sàng,3,0
65062,"Điều dưỡngCK(Mắt,RHM,T-M-H,DL)",4,0
650620,Kỹ năng giao tiếp bán hàng,3,30
650621,Sức khỏe môi trường và sức khỏe nghề nghiệp cơ bản,3,0
650622,Phương pháp nghiên cứu khoa học trong y học,3,30
650623,Tổ chức quản lý và chính sách y tế,2,30
650624,Tin học ứng dụng chuyên ngành,3,0
650625,Phân loại bệnh tật và tử vong toàn cầu,1,0
650626,Dịch tễ học bệnh không lây,2,15
650627,Dịch tễ học bệnh truyền nhiễm,2,15
650628,Kỹ thuật y tế trường học,2,15
650629,Thống kê y sinh học thực hành,2,15
65063,"Chăm sóc sức khoẻ P.Nữ,BM&GD",4,30
650630,Cơ sở ngành và chuyên ngành,3,0
650631,Chuyên ngành (Thực hành),4,0
650632,Giáo dục và nâng cao sức khỏe,2,15
650633,Nhân học và Xã hội học sức khỏe,2,15
650634,Sức khỏe sinh sản,2,15
650635,Quản lý chất thải y tế,2,15
650636,Phục hồi chức năng dựa vào cộng đồng,2,15
650637,Chăm sóc sức khỏe người lớn bệnh Nội khoa 1,2,30
650638,Thực hành chăm sóc sức khỏe người lớn bệnh Nội khoa 1,2,0
650639,Chăm sóc sức khỏe người lớn bệnh Ngoại khoa 1,2,30
65064,Chăm sóc sức khoẻ cộng đồng,4,15
650640,Thực hành chăm sóc sức khỏe người lớn bệnh Ngoại khoa 1,2,0
650641,Chăm sóc sức khỏe trẻ em,2,30
650642,Thực hành chăm sóc sức khỏe trẻ em,2,0
650643,"Chăm sóc sức khỏe phụ nữ, bà mẹ và gia đình",2,30
650644,"Thực hành chăm sóc sức khỏe phụ nữ, bà mẹ và gia đình",2,0
650645,Chăm sóc sức khỏe cộng đồng,1,0
650646,Thực hành chăm sóc sức khỏe cộng đồng,1,0
650647,"Sức khỏe môi trường - Nâng cao sức khỏe, hành vi con người",2,15
650648,Giao tiếp - Giáo dục sức khỏe trong Thực hành Điều dưỡng,2,15
650649,Chuyên đề: Chăm sóc sức khỏe người bệnh chuyên khoa hệ Nội (Da liễu - Lao),2,0
65065,Phục hồi chức năng,3,0
650650,Thực hành Chăm sóc sức khỏe người bệnh chuyên khoa Hệ nội (Da liễu - Lao),3,0
650651,Chuyên đề: Chăm sóc sức khỏe người bệnh chuyên khoa hệ Ngoại (Tai Mũi Họng - Răng Hàm Mặt),2,30
650652,Thực hành Chăm sóc sức khỏe người bệnh chuyên khoa hệ Ngoại (Tai Mũi Họng - Răng Hàm Mặt),3,0
650653,Y học cổ truyền - Chăm sóc người bệnh cần được phục hồi chức năng,2,0
650654,Thực hành Y học cổ truyền - Chăm sóc người bệnh cần được phục hồi chức năng,2,0
650655,Tổ chức y tế - Chương trình y tế quốc gia - Giáo dục sức khỏe,1,15
650656,Dinh dưỡng và an toàn vệ sinh thực phẩm,1,15
650657,Sức khỏe môi trường,1,15
650659,Ký sinh trùng 3,2,15
65066,Y học cổ truyền,3,0
650660,Vi sinh 4,2,15
650661,Chăm sóc sức khỏe trẻ em,4,0
65067,Chăm sóc SK người bệnh c.tuổi,3,15
650678,Hóa sinh 4,2,15
650679,Mô phôi răng miệng,1,0
65068,Quản lý điều dưỡng,3,0
650680,Cắn khớp 1,1,15
650681,Bệnh học miệng và hàm mặt 1,1,0
650682,Kỹ thuật chẩn đoán hình ảnh Răng - Hàm - Mặt,1,0
650683,Nhổ răng 1,1,0
650684,Bệnh học nha chu 1,1,0
650685,Phục hình tháo lắp 1,1,0
650686,Tổ chức hành nghề Răng - Hàm - Mặt,1,15
650687,Phục hình cố định 1,1,15
650688,Nghiên cứu khoa học Răng - Hàm - Mặt,2,30
650689,Cắn khớp 2,2,15
65069,Chăm sóc sức khoẻ tâm thần,3,15
650690,Bệnh học nha chu 2,1,0
650691,Chẩn đoán hình ảnh Răng - Hàm - Mặt 1,1,0
650692,Nhổ răng 2,1,0
650693,Bệnh học miệng và hàm mặt 2,1,0
650694,Phẫu thuật hàm mặt 1,1,0
650695,Chữa răng 1,2,0
650696,Giải phẫu ứng dụng Răng - Hàm - Mặt,2,0
650697,Phục hình cố định 2,2,0
650698,Phục hình tháo lắp 2,2,0
650699,Chăm sóc sức khỏe trẻ em,3,0
65070,"Chăm sóc giảm đau, giảm nhẹ",3,0
650700,Chăm sóc sức khỏe người lớn bệnh Ngoại khoa (Nâng cao),2,0
650701,Chăm sóc sức khỏe người bệnh truyền nhiễm,2,0
650702,Chăm sóc sức khỏe người lớn bệnh Nội khoa 1,4,0
650703,Chăm sóc sức khỏe người lớn bệnh Ngoại khoa 1,4,0
650704,Bệnh học Nội - Ngoại,3,0
650705,Lâm sàng Nội - Ngoại,1,0
650706,Thực tập cuối khóa (Hóa sinh + Huyết học + Vi sinh + Ký sinh trùng),4,0
650707,"Cơ sở ngành và chuyên ngành (Xét nghiệm cơ bản, Hóa sinh, Huyết học, Vi sinh, Ký sinh trùng)",3,0
650708,Chuyên đề kỹ thuật xét nghiệm vi sinh vật gây bệnh truyền nhiễm,2,15
650709,Chuyên đề kỹ thuật xét nghiệm trong vệ sinh an toàn thực phẩm,2,15
65071,Điều dưỡng và KS nhiễm khuẩn,3,0
650710,Hóa hữu cơ,4,45
650711,Hóa lý dược,3,30
650712,Thực vật dược,3,30
650713,Hóa dược 1,2,0
650714,Hóa phân tích 1,2,0
650715,Dược liệu 1,2,0
650716,Dược liệu 2,2,0
650717,Hóa dược 2,3,0
650718,Hóa phân tích 2,3,0
650719,Dược động học,2,30
65072,Thực tế ngành (DD),5,0
650720,Bào chế và Sinh dược học 1,2,30
650721,Quản lý và kinh tế dược,3,0
650722,Dược lý 1,2,0
650723,Bào chế và Sinh dược học 2,3,0
650724,Kiểm nghiệm dược  phẩm,3,30
650725,Bệnh học nội khoa,3,45
650726,Dược lý 2,3,0
650727,Phương pháp nghiên cứu khoa học trong Dược học,2,15
650728,Dược lâm sàng 2,3,30
650729,"Nhóm GPs (GPP, GSP, GDP, GMP, GLP)",3,30
65073,Ôn tập và thi tốt nghiệp (DD),5,0
650730,Thông tin và dược cảnh giác,2,30
650731,Tin học ứng dụng chuyên ngành dược,3,30
650732,Hóa dược 3,2,30
650733,Dược dịch tễ học,2,30
650734,Anh văn chuyên ngành dược,3,45
650735,Dược bệnh viện,3,45
650736,Thực hành Dược bệnh viện,2,0
650737,Quản trị doanh nghiệp,3,30
650738,Kinh tế doanh nghiệp,2,30
650739,Sử dụng thuốc trong điều trị,3,30
65074,Giáo dục sức khoẻ DSKHHGĐ-SKSS,3,0
650740,Kinh tế dược,2,30
650741,Dược động học ứng dụng,2,30
650742,Thực tập cuối khóa,2,0
650743,Chuyên đề đảm bảo an toàn sinh học trong phòng xét nghiệm,2,15
650744,Vi sinh - Ký sinh trùng nâng cao,3,30
650745,Thực vật dược,3,0
650746,Marketing dược,3,0
650747,"Kỹ năng giao tiếp, bán hàng",3,0
650748,Bào chế,3,0
650749,Chăm sóc sức khỏe người lớn bệnh Nội khoa 2,3,0
65075,Mô phôi (XN),2,15
650750,Chăm sóc sức khỏe người lớn bệnh Ngoại khoa 2,3,0
650751,Chăm sóc cho người cần được phục hồi chức năng,2,0
650752,Chăm sóc sức khỏe Tâm thần,2,15
650753,Chăm sóc người bệnh cấp cứu & chăm sóc tích cực,2,15
650754,Chuyên đề: Chăm sóc người bệnh lao và bệnh phổi,2,15
650755,Chuyên đề: Chăm sóc người bệnh hồi sức tích cực - chống độc,2,0
650756,Chuyên đề: Chăm sóc người bệnh cấp cứu,1,0
650757,Chuyên đề: Chăm sóc người bệnh ung thư,2,0
650758,Pháp luật - Tổ chức y tế,2,0
650759,Chăm sóc sức khỏe người bệnh da liễu,2,0
65076,Sinh lý bệnh - Miễn dịch,2,0
650760,Chăm sóc sức khỏe người bệnh Răng Hàm Mặt,2,0
650761,Chuyên đề: Chăm sóc giảm nhẹ,2,15
650762,Chuyên đề: Chăm sóc bệnh nhân mắc bệnh không lây,2,0
650763,Chuyên đề: Chăm sóc người bệnh chuyên khoa Mắt,2,0
650764,Chăm sóc sức khỏe cộng đồng,3,0
650765,Phục hồi chức năng,2,15
650766,Chuyên đề: Chăm sóc người bệnh truyền nhiễm,2,0
650767,Chăm sóc người bệnh Cấp cứu,2,0
650768,Chăm sóc người bệnh Hồi sức tích cực - Chống độc,3,0
650769,Thực tế nghề nghiệp,4,0
65077,Nội và ngoại cơ sở,3,0
650770,Dược lâm sàng 2,3,0
650771,Tương tác thuốc,2,0
650772,Nhận thức dược liệu,2,0
650773,Độ ổn định và tuổi thọ của dược phẩm,2,0
650774,Thực tập cuối khóa,3,0
650775,Kế hoạch hóa gia đình - Ngừa thai - Phá thai an toàn,3,15
650776,Chăm sóc sức khỏe vị thành niên và phụ nữ thời tiền mãn kinh,4,0
650777,Chăm sóc bà mẹ thai nghén bình thường,4,0
650778,Chăm sóc trong đẻ và sau đẻ bình thường,4,0
650779,Chăm sóc hồi sức tích cực Nhi khoa,4,0
65078,Hoá sinh 1 (XN),3,0
650780,Chăm sóc bà mẹ thai nghén có nguy cơ,4,0
650781,Chăm sóc chuyển dạ đẻ khó và sau đẻ khó,4,0
650782,Chăm sóc sức khỏe phụ nữ ngoài thời kỳ thai nghén,4,0
650783,Chăm sóc sơ sinh,3,0
650784,Chuyên đề: Chăm sóc bà mẹ đẻ thường,3,0
650785,Chuyên đề: Phá thai an toàn,4,0
650786,"Chuyên đề: Chăm sóc phụ nữ, bà mẹ và sơ sinh nhiễm HIV",3,15
650787,Chuyên đề: Chăm sóc bà mẹ đẻ khó,3,0
650788,Chuyên đề: Chăm sóc phụ nữ ngoài thời kỳ thai nghén,4,30
650789,Chuyên đề: Kế hoạch hóa gia đình,4,0
65079,Vi sinh 1 (XN),4,0
650790,Dân số học,1,15
650791,Truyền thông và giáo dục sức khoẻ,1,15
650792,Giải phẫu 2 (đầu - mặt - cổ),3,30
650793,Mô phôi đại cương,2,15
650794,Điều dưỡng cơ bản,2,0
650795,Tai Mũi Họng,2,15
650796,Giải phẫu răng 1,2,0
650797,Anh văn chuyên ngành Răng - Hàm - Mặt,3,0
650798,Giải phẫu răng 2,2,0
650799,Bệnh học răng,1,0
65080,Ký sinh trùng 1,4,0
650800,Mô phỏng lâm sàng nha khoa,2,0
650801,Chữa răng 2,1,0
650802,Nội nha 1,1,0
650803,Nhổ răng 3,1,0
650804,Chẩn đoán hình ảnh Răng - Hàm - Mặt 2,1,0
650805,Bệnh học miệng và hàm mặt 3,2,0
650806,Phẫu thuật hàm mặt 2,2,0
650807,Điều trị nha chu 1,2,0
650808,Phục hình tháo lắp 3,2,0
650809,Phục hình cố định 3,2,0
65081,Kỹ thuật XN cơ bản 1(HH+VS),5,0
650810,Nha khoa trẻ em 1,1,15
650811,Nội nha 2,1,0
650812,Nhổ răng 4,1,0
650813,Chẩn đoán hình ảnh Răng - Hàm - Mặt 3,1,0
650814,Bệnh học miệng và hàm mặt 4,1,0
650815,Phẫu thuật răng miệng 1,1,0
650816,Cấy ghép nha khoa 1,2,0
650817,Phẫu thuật hàm mặt 3,1,0
650818,Điều trị nha chu 2,1,0
650819,Phục hình tháo lắp 4,1,0
65082,Dược học,2,0
650820,Phục hình cố định 4,1,0
650821,Chỉnh hình răng mặt 1,2,30
650822,Nha khoa công cộng 1,2,0
650823,Nha khoa trẻ em 2,2,15
650824,Chẩn đoán bệnh lý miệng,2,0
650825,Phẫu thuật răng miệng 2,1,0
650826,Cấy ghép nha khoa 2,1,0
650827,Phẫu thuật hàm mặt 4,1,0
650828,Nội nha 3,1,0
650829,Phục hình tháo lắp 5,1,0
65083,Điều dưỡng cơ bản-CC ban đầu,3,0
650830,Phục hình cố định 5,1,0
650831,Nha khoa trẻ em 3,2,0
650832,Nha khoa công cộng 2,1,0
650833,Nha khoa dự phòng,1,15
650834,Lão nha,1,15
650835,Nha khoa tổng quát 1,3,0
650836,Chỉnh hình răng mặt 2,1,0
650837,Nha khoa công cộng 3,2,0
650838,Nha khoa tổng quát 2,3,0
650839,Nha khoa tổng quát 3,3,0
65084,Huyết học cơ sở,3,30
650840,Thi tốt nghiệp,7,0
650841,Thực tập cộng đồng 1,1,0
650842,Khóa luận tốt nghiệp,7,0
650843,Phẫu thuật miệng 2,2,0
650844,Phục hình 3 (PHTL toàn hàm),5,0
650845,Nha chu 2,4,0
650846,Phục hình 5,3,0
650847,Nha khoa dự phòng,3,0
650848,Phương pháp nghiên cứu khoa học trong y học,2,30
650849,Thực hành nhà thuốc,2,0
65085,Huyết học tế bào,3,0
650850,Giải phẫu 1 (Đại cương - Tứ chi - Đầu Mặt Cổ),3,0
650851,Điều dưỡng cơ bản,3,15
650852,Huấn luyện kỹ năng 1,1,0
650853,Nội cơ sở 1,4,30
650854,Ngoại cơ sở 1,4,30
650855,Chứng chỉ chuyên ngành I Đại cương về chuyên khoa Vật lý trị liệu - Phục hồi chức năng,4,0
650856,Chứng chỉ chuyên ngành II Các phương pháp điều trị trong Vật lý trị liệu - Phục hồi chức năng,5,0
650857,Chứng chỉ chuyên ngành III Bệnh lý nhi khoa và Vật lý trị liệu - Phục hồi chức năng,4,0
650858,Sinh lý bệnh và Miễn dịch,2,30
650859,Anh văn chuyên ngành,2,30
65086,Ngoại ngữ chuyên ngành (XN),5,0
650860,Chẩn đoán hình ảnh,3,30
650861,Nội cơ sở 2,4,30
650862,Ngoại cơ sở 2,4,30
650863,Dinh dưỡng và an toàn vệ sinh thực phẩm - Sức khỏe môi trường và Sức khỏe nghề nghiệp,3,30
650864,Nội bệnh lý 1,4,30
650865,Ngoại bệnh lý 1,4,30
650866,Nội bệnh lý 2,4,30
650867,Huấn luyện kỹ năng 2,1,0
650868,Tin học ứng dụng trong y khoa,2,15
650869,Huấn luyện kỹ năng 3,1,0
65087,Hoá sinh 2 (XN),4,0
650870,Dược lý lâm sàng,1,0
650871,Phụ sản 1,4,30
650872,Nhi khoa 1,4,30
650873,Ngoại bệnh lý 2,4,30
650874,Phụ sản 2,4,30
650875,Nhi khoa 2,4,30
650876,Nội bệnh lý 3,4,30
650877,Tổ chức và quản lý y tế,1,15
650878,Phương pháp nghiên cứu khoa học trong y học,1,0
650879,Thực tập cộng đồng 1,1,0
65088,Vi sinh 2 (XN),5,0
650880,Lao,2,15
650881,Truyền nhiễm,4,30
650882,Y học gia đình,2,15
650883,Thực tập cộng đồng 2,1,0
650884,Gây mê hồi sức,2,15
650885,Tâm thần,2,15
650886,Ung thư,2,15
650887,Cấp cứu,3,15
650888,Răng hàm mặt,2,15
650889,Pháp Y,2,30
65089,Ký sinh trùng 2,4,0
650890,Các chương trình hỗ trợ có mục tiêu về y tế,1,0
650891,Nội bệnh lý 4,4,30
650892,Ngoại bệnh lý 3,4,30
650893,Phụ sản 3,4,30
650894,Nhi khoa 3,4,30
650895,Định hướng cơ bản chuyên khoa nội tổng quát,7,0
650896,Định hướng cơ bản chuyên khoa ngoại tổng quát,7,0
650897,Định hướng cơ bản chuyên khoa phụ sản,7,0
650898,Định hướng cơ bản chuyên khoa nhi,7,0
650899,Định hướng cơ bản chuyên Nhiễm,7,30
65090,Giải phẫu bệnh,3,0
650900,Cơ sở ngành: lý thuyết tổng hợp Nội - Ngoại - Sản - Nhi - Nhiễm,3,0
650901,Chuyên ngành: Thực hành lâm sàng Nội - Ngoại - Sản - Nhi - Nhiễm,4,0
650902,Y học hạt nhân,1,15
650903,Chứng chỉ chuyên ngành IV Bệnh lý nội khoa và Vật lý trị liệu - Phục hồi chức năng,6,0
650904,"Chứng chỉ chuyên ngành V Bệnh lý ngoại khoa, chấn thương chỉnh hình và Vật lý trị liệu - Phục hồi chức năng",7,0
650905,Chứng chỉ chuyên ngành VI Vật lý trị liệu - Phục hồi chức năng trong y học thể dục thể thao,2,0
650906,Tiếng Anh chuyên ngành Vật lý trị liệu,3,45
650907,Thực tập lâm sàng Vật lý trị liệu Thần kinh - cơ,4,0
650908,Thực tập lâm sàng Vật lý trị liệu Tim mạch - hô hấp,4,0
650909,Thực tập lâm sàng Vật lý trị liệu Cơ xương,4,0
65091,Kỹ năng tiếp cận và PTNN,2,15
650910,Thực tập lâm sàng Vật lý trị liệu Da - Tiết niệu - Nội tiết - Sinh dục,4,0
650911,Lâm sàng Phục hồi chức năng khớp học chuyên biệt,3,0
650912,Lâm sàng Phục hồi chức năng thần kinh chuyên biệt,3,0
650913,Lâm sàng Phục hồi chức năng bệnh lý hô hấp - Tim mạch lão khoa chuyên biệt,3,0
650914,Lâm sàng Phục hồi chức năng người bệnh lý nội tiết,3,0
650915,Lâm sàng Phục hồi chức năng Sản - Nhi,3,15
650916,Phục hồi chức năng dựa vào cộng đồng,4,0
650917,"Tổ chức và quản lý Khoa vật lý trị liệu - Phục hồi chức năng, kỹ năng giao tiếp chuyên ngành Vật lý trị liệu - Phục hồi chức năng",2,0
650918,Bệnh học miệng và hàm mặt 1,2,30
650919,Giải phẫu răng,4,30
65092,Tổ chức YT-CTYTQG-GDNCSK,2,0
650920,Bệnh học nha chu,2,30
650921,Phục hình cố định 1,3,0
650922,Nhổ răng 1,2,30
650923,Chăm sóc sức khỏe người lớn bệnh Nội khoa,2,0
650924,Chăm sóc sức khỏe người lớn bệnh Ngoại khoa,2,0
650925,Chăm sóc bệnh nhân ung thư phụ khoa,2,0
650926,Sinh học di truyền - Lý sinh,2,0
650927,Pháp luật chuyên ngành - Tổ chức y tế - Chương trình mục tiêu y tế quốc gia,2,30
650928,Kỹ thuật xét nghiệm cơ bản,3,0
650929,Điều dưỡng cơ sở 1,3,30
65093,Huyết học đông máu,2,0
650930,Sinh học di truyền - Lý sinh,2,0
650931,Giải phẫu - Sinh lý,2,0
650932,Giải phẫu - mô - sinh lý,2,30
650933,Nội nha 1,2,0
650934,Nhổ răng 2,1,0
650935,Chẩn đoán hình ảnh Răng - Hàm - Mặt 2,2,0
650936,Bệnh học miệng và hàm mặt 2,3,30
650937,Phục hình tháo lắp 3,1,0
650938,Phục hình cố định 2,2,0
650939,Nha khoa trẻ em 1,2,30
65094,Dinh dưỡng - Vệ sinh ATTP,2,0
650940,"Cơ sở ngành và chuyên ngành (Hóa phân tích, bào chế, dược lý, dược liệu, pháp chế và kinh doanh dược)",3,0
650941,"Chuyên ngành (thực hành bào chế, dược liệu, dược lý)",4,0
650942,Hóa vô cơ,3,30
650943,Bệnh học miệng và hàm mặt 3,1,0
650944,Phẫu thuật hàm mặt 3,3,0
650945,Phục hình cố định 3,1,0
650946,Nha khoa trẻ em 2,2,0
650947,Kiểm soát lây nhiễm Răng - Hàm - Mặt,1,15
650948,Phục hình tháo lắp 1,2,15
650949,Chẩn đoán hình ảnh Răng - Hàm - Mặt 1,2,30
65095,Dịch tễ học,2,0
650950,Cấp cứu Răng - Hàm - Mặt,2,15
650951,Giải phẫu ứng dụng Răng - Hàm - Mặt,2,0
650952,Các yếu tố ảnh hưởng đến sức khỏe,2,30
650953,Đảm bảo chất lượng thuốc đại cương,2,30
650954,Truyền thông giáo dục sức khoẻ,2,0
650955,Nội nha 2,1,0
650956,Hóa học,2,15
650957,Kiểm soát nhiễm khuẩn,2,30
650958,Chăm sóc trẻ em dưới 5 tuổi,3,0
650959,Bệnh học miệng - hàm mặt 3,1,0
65096,Kỹ thuật xét nghiệm cơ bản 2,5,30
650960,Định hướng cơ bản chuyên khoa nội tổng quát,3,0
650961,Định hướng cơ bản chuyên khoa ngoại tổng quát,3,0
650962,Định hướng cơ bản chuyên khoa phụ sản,3,15
650963,Định hướng cơ bản chuyên khoa nhi,3,15
650964,Cơ sở ngành,3,0
650965,Chuyên ngành,4,0
650966,Bệnh học miệng - hàm mặt 4,1,0
650967,Kiểm soát lây nhiễm Răng Hàm Mặt,1,15
650968,Chẩn đoán hình ảnh Răng Hàm Mặt 1,2,30
650969,Giải phẫu ứng dụng Răng Hàm Mặt,2,0
65097,Huyết học truyền máu,3,0
650970,Cấp cứu Răng Hàm Mặt,2,0
650971,Phẫu thuật hàm mặt 1,2,30
650972,Nghiên cứu khoa học Răng Hàm Mặt,2,30
650973,Chẩn đoán hình ảnh Răng Hàm Mặt 2,2,0
650974,Phẫu thuật hàm mặt 2,1,0
650975,Chẩn đoán hình ảnh Răng Hàm Mặt 3,1,0
650976,Tổ chức hành nghề Răng Hàm Mặt,1,0
650977,Anh văn chuyên ngành Răng Hàm Mặt,3,45
650978,Sức khỏe môi trường -  Sức khỏe nghề nghiệp,2,15
650979,Y học gia đình cơ bản,2,15
65098,Hoá sinh 3,4,0
650980,Miễn dịch và vắc xin,3,0
650981,Các xét nghiệm y học dự phòng cơ bản,3,0
650982,Nhân học và xã hội học sức khỏe,3,0
650983,Dinh dưỡng học cơ bản và xây dựng khẩu phần dinh dưỡng,3,0
650984,Lập kế hoạch và các phương pháp đánh giá tình trạng dinh dưỡng,3,0
650985,Bệnh truyền qua thực phẩm và phân tích nguy cơ an toàn thực phẩm,3,0
650986,Quản lý an toàn thực phẩm,3,0
650987,Đại cương về Nâng cao sức khỏe,3,0
650988,Lập kế hoạch chương trình Nâng cao sức khỏe,3,0
650989,Truyền thông sức khỏe và tiếp thị xã hội,3,0
65099,Vi sinh 3,3,0
650990,Vận động trong thực hành nâng cao sức khỏe,3,0
650991,Thống kê dân số y tế,3,0
650992,Kinh tế dân số y tế,3,0
650993,Chính sách dân số,3,0
650994,Nghiên cứu định tính,3,0
650995,Thống kê y sinh học thực hành,3,0
650996,Thiết kế đánh giá chương trình y tế,3,0
650997,Vệ sinh học đại cương môi trường - nghề nghiệp,3,0
650998,Đánh giá nguy cơ sức khỏe môi trường - Nghề nghiệp,3,0
650999,Điều tra một vụ dịch,2,0
65100,Ký sinh trùng 3,3,15
651000,Quản lý nguy cơ sinh học,3,30
651001,Thực tập cộng đồng 3,2,0
651002,Vi sinh học,2,15
651003,Dược lý,3,45
651004,Nguyên lý các phương pháp tạo hình ảnh y học,4,45
651005,Kỹ thuật xét nghiệm cơ bản,2,0
651006,Khoa học hành vi và nâng cao sức khỏe,2,0
651007,Phục hồi chức năng,2,0
651008,Tin học ứng dụng chuyên ngành,2,15
651009,Kỹ thuật chụp X - quang thông thường 1,4,0
65101,Bảo đảm và KTCL xét nghiệm,2,0
651010,Kỹ thuật chụp X - quang thông thường 2,3,0
651011,Giải phẫu X - quang,3,30
651012,An toàn bức xạ,2,30
651013,Sinh học phân tử,2,15
651014,Tổ chức Y tế,2,0
651015,Kỹ thuật chụp X - quang đặc biệt 1,2,0
651016,Kỹ thuật chụp X - quang đặc biệt 2,2,0
651017,Triệu chứng học hình ảnh X - quang,3,0
651018,Thực hành bệnh viện 1,4,0
651019,Bệnh học nội 1 (Nội - Nhi),3,0
65102,Thực hành xét nghiệm 1,4,0
651020,Bệnh học nội 2 (Ngoại -Sản),3,0
651021,Triệu chứng học hình ảnh cắt lớp vi tính (CT),2,30
651022,Kỹ thuật chụp cắt lớp vi tính 1,4,30
651023,Kỹ thuật chụp cắt lớp vi tính 2,3,15
651024,Giải phẫu hình ảnh cắt lớp vi tính (CT - scan),2,30
651025,Hình ảnh học can thiệp (DSA),2,15
651026,Giải phẫu hình ảnh MRI,2,15
651027,Y học hạt nhân,2,0
651028,Xạ trị,2,0
651029,Thực hành bệnh viện 3,4,0
65103,Thực hành xét nghiệm 2,4,0
651030,Kỹ thuật chụp cộng hưởng từ MRI 1,4,30
651031,Kỹ thuật chụp cộng hưởng từ MRI 2,2,15
651032,Kỹ thuật ghi nhận và lưu giữ hình ảnh,2,15
651033,Triệu chứng học hình ảnh cộng hưởng từ MRI,2,15
651034,Kỹ thuật siêu âm,2,15
651035,Thực hành bệnh viện 4,4,0
651036,Kỹ thuật chụp cắt lớp vi tính nâng cao,4,0
651037,Kỹ thuật chụp cộng hưởng từ MRI nâng cao,3,0
651038,Chuyên đề: Chăm sóc người bệnh hồi sức tích cực - chống độc,4,0
651039,Định hướng cơ bản chuyên khoa nội tổng quát,3,15
65104,Độc chất lâm sàng,2,0
651040,Định hướng cơ bản chuyên khoa ngoại tổng quát,3,15
651041,Định hướng cơ bản chuyên khoa phụ sản,3,15
651042,Định hướng cơ bản chuyên khoa nhi,3,15
651043,Dịch tễ học - Nghiên cứu khoa học,2,0
651044,Chăm sóc sức khỏe người lớn bệnh Nội khoa,3,15
651045,Chăm sóc sức khỏe người lớn bệnh Ngoại khoa,3,0
651046,Chăm sóc bà mẹ thai nghén có nguy cơ,3,0
651047,Chăm sóc chuyển dạ đẻ khó và sau đẻ khó,3,0
651048,Chăm sóc sơ sinh,2,0
651049,Chăm sóc trẻ dưới 5 tuổi,2,0
65105,Thực tế cộng đồng,5,0
651050,Chăm sóc giảm nhẹ,2,0
651051,Chăm sóc trong phẫu thuật sản phụ khoa,2,0
651052,Chăm sóc người bệnh cấp cứu và chăm sóc tích cực,3,0
651053,Chuyên đề: Chăm sóc người bệnh lao và bệnh phổi,3,0
651054,Phẫu thuật răng miệng 2,1,0
651055,Cấy ghép nha khoa 2,3,30
651056,Phẫu thuật hàm mặt 4,1,0
651057,Chỉnh hình răng mặt 2,1,0
651058,Nha khoa công cộng 2,3,0
651059,Chẩn đoán hình ảnh Răng Hàm Mặt 2,3,15
65106,Thực tập tốt nghiệp (XN),5,0
651060,Bệnh học miệng và hàm mặt 2,3,30
651061,Phẫu thuật hàm mặt 2,2,0
651062,Phục hình cố định 2,2,15
651063,Nội nha 1,2,0
651064,Bệnh học miệng và hàm mặt 3,1,0
651065,Phẫu thuật hàm mặt 3,4,30
651066,Phẫu thuật răng miệng,2,15
651067,Cấy ghép nha khoa,3,30
651068,Điều trị nha chu 2,1,0
651069,Điều dưỡng cơ bản,2,15
65107,"Ôn và thi tốt nghiệp (XN,D)",10,75
651070,Giải phẫu răng,4,0
651071,Cấp cứu Răng Hàm Mặt,2,15
651072,Mô phỏng lâm sàng nha khoa,3,0
651073,Cắn khớp 2,2,0
651074,Chữa răng 1,2,0
651075,Phục hình tháo lắp 1,2,15
651076,Phục hình tháo lắp 2,2,15
651077,Phục hình cố định 1,3,30
651078,Giải phẫu ứng dụng Răng Hàm Mặt,2,0
651079,Phẫu thuật hàm mặt 2,1,0
65108,Ngoại ngữ 2,3,45
651080,Phục hình tháo lắp 3,1,0
651081,Bệnh học 1 (Nội - Nhi),2,0
651082,Dinh dưỡng cơ bản và khoa học thực phẩm,2,0
651083,Hóa sinh dinh dưỡng,2,0
651084,Bệnh học 2 (Ngoại - Sản),2,0
651085,Lý thuyết dinh dưỡng lâm sàng 1,2,0
651086,Thực tập dinh dưỡng cộng đồng 1,2,0
651087,Cơ sở ngành (Giải phẫu + Sinh lý) - Lý thuyết,0,0
651088,Cơ sở ngành (Giải phẫu + Sinh lý) - Thực hành,0,0
651089,Chuyên ngành (Nội - Ngoại - Sản - Nhi) - Lý thuyết,0,0
65109,Ngoại ngữ 3,3,0
651090,Chuyên ngành (Nội - Ngoại - Sản - Nhi) - Thực hành,0,0
651091,Cấy ghép nha khoa 2,1,0
651092,Thi tốt nghiệp: Thi lý thuyết + Bệnh án + Thi thực hành,7,0
651093,Bệnh học 1 (Nội - Nhi),3,0
651094,Bệnh học 2 (Ngoại - Sản),3,45
651095,Mô phỏng nha khoa 1,1,0
651096,Mô phỏng nha khoa 2,1,0
651097,Mô phỏng nha khoa 3,1,0
651098,Kiểm nghiệm thực phẩm cơ bản,2,0
651099,Các phương pháp đánh giá tình trạng dinh dưỡng,2,0
65110,Vi sinh 1,3,0
651100,Xây dựng và đánh giá khẩu phần,2,0
651101,Dinh dưỡng lứa tuổi và nghề nghiệp,2,0
651102,Truyền thông giáo dục dinh dưỡng,2,15
651103,Ẩm thực Việt Nam,2,30
651104,Lý thuyết dinh dưỡng lâm sàng 2,2,0
651105,Anh văn thực hành trong Y tế,2,0
651106,Tiếp thị xã hội,2,0
651107,Quản lý chất lượng,2,0
651108,Điều tra và giám sát ngộ độc thực phẩm,2,0
651109,"Tổ chức, quản lý đơn vị dinh dưỡng bệnh viện và cơ sở dịch vụ",2,0
65111,Mô phôi,3,0
651110,Anh văn chuyên ngành (Dinh dưỡng),2,0
651111,Thực hành dinh dưỡng lâm sàng 1,2,0
651112,Thực hành dinh dưỡng lâm sàng 2,2,0
651113,Bệnh học truyền nhiễm,2,0
651114,Thuốc và thực phẩm,2,0
651115,Can thiệp dinh dưỡng cộng đồng,2,0
651116,Thực tập dinh dưỡng cộng đồng 2,2,0
651117,Thực phẩm chức năng và vi chất dinh dưỡng,2,0
651118,Thực phẩm biến đổi gen,2,0
651119,Công nghệ chế biến thực phẩm,2,0
65112,Dược học,3,30
651120,Kỹ thuật chế biến món ăn,2,0
651121,Tư vấn dinh dưỡng,2,0
651122,Kinh tế hộ gia đình và dinh dưỡng,2,0
651123,Dinh dưỡng thực phẩm và văn hóa xã hội,2,0
651124,Dinh dưỡng và phát triển bền vững,2,30
651125,Dinh dưỡng học đường,2,30
651126,Dinh dưỡng trong thể thao,2,0
651127,Dinh dưỡng trong trường hợp khẩn cấp,2,0
651128,Dinh dưỡng cho người cao tuổi,2,0
651129,Dinh dưỡng cho phụ nữ mang thai và sau sinh,2,0
65113,Dân số - KHHGĐ - sức khoẻ SS,2,0
651130,Dinh dưỡng cho người bệnh ung thư,2,30
651131,Dinh dưỡng tiết chế,3,0
651132,Dinh dưỡng cộng đồng,2,0
651133,Dinh dưỡng và vệ sinh thực phẩm,2,0
651134,Nha khoa công cộng 2,2,0
651135,Nha khoa công cộng 3,1,0
651136,Giải phẫu răng,4,30
651137,Thi tốt nghiệp ,7,0
651138,Cơ sở ngành (Giải phẫu - Sinh lý),2,30
651139,Chuyên ngành (Lý thuyết + Thực hành),5,30
65114,Ký sinh trùng 1,2,0
651140,Cơ sở ngành (RHM),2,0
651141,Chuyên ngành (RHM),5,0
651142,Toán xác suất và thống kê,3,30
651143,Logic học đại cương,3,30
651144,Pháp luật và sở hữu trí tuệ,2,15
651145,Bào chế và sinh dược học 1,2,0
651146,Bào chế và sinh dược học 2,2,0
651147,Phương pháp nghiên cứu khoa học trong Dược học,4,0
651148,Kiểm soát nhiễm khuẩn,1,15
651149,Thực hành nhà thuốc,3,0
65115,Sinh lý bệnh - Miễn dịch,3,0
651150,Kiểm nghiệm bằng phương pháp sinh học,2,30
651151,Dược liệu và chất chống oxy hóa nguồn gốc tự nhiên,2,30
651152,Phương pháp nghiên cứu dược liệu,3,30
651153,Tài nguyên cây thuốc,2,30
651154,Dược lý dược liệu,2,30
651155,Công nghệ bào chế dược phẩm,3,30
651156,Đảm bảo chất lượng thuốc ứng dụng,2,15
651157,Sinh dược học,2,30
651158,Thực tập cuối khóa,4,0
651159,Khóa luận tốt nghiệp,7,0
65116,Ngoại ngữ 4 (Chuyên ngành XN),5,75
651160,Đồ án tốt nghiệp (Capstone project),7,0
651161,Giải phẫu 1 (đại cương - tứ chi- ngực bụng),2,15
651162,Y học quân sự,2,15
651163,Sinh lý 2,2,15
651164,Sinh học miệng,2,30
651165,Bệnh học nội khoa,2,15
651166,Bệnh học ngoại khoa,2,15
651167,Giải phẫu ứng dụng Răng Hàm Mặt,3,15
651168,Phục hình răng cơ bản,1,15
651169,Giải phẫu ứng dụng và phẫu thuật thực hành hàm mặt,3,15
65117,Giải phẫu bệnh 1,2,0
651170,Chữa răng 1,3,15
651171,Nội nha 1,3,15
651172,Điều trị nha chu 1,2,15
651173,Nha khoa trẻ em 2,2,0
651174,Nha khoa công cộng 1,4,60
651175,Điều trị nha chu 3,1,0
651176,Đào tạo thực địa và thực tập cộng đồng,2,0
651177,Phẫu thuật tạo hình nha chu,3,0
651178,Các khí cụ và kỹ thuật chỉnh hình răng mặt,2,30
651179,Chỉnh hình răng mặt 2,2,0
65118,Dụng cụ & PTXN(SH+HH+ VS+ MD&GPB),4,0
651180,Nha khoa phục hồi tổng quát,3,0
651181,Nhổ răng 1,3,30
651182,Xác suất - Thống kê,2,15
651183,Tâm lý y học - Đạo đức y học,2,15
651184,Dịch tễ học cơ bản,3,30
651185,Nội cơ sở,2,15
651186,Ngoại cơ sở,2,15
651187,Các bệnh thường gặp 1,2,0
651188,Các chương trình và chiến lược quốc gia về y tế,2,0
651189,Các bệnh thường gặp 2,2,0
65119,Nội cơ sở,3,0
651190,Tin học ứng dụng trong Y học,3,15
651191,Quản lý dịch vụ y tế ,2,15
651192,Y học thảm họa,2,15
651193,Một sức khỏe và sức khỏe sinh thái,2,15
651194,Chuyên đề bệnh lý huyết học,3,30
651195,Chăm sóc sức khỏe người cao tuổi,2,15
651196,Quy trình điều dưỡng - Đánh giá thể chất,2,15
651197,Chuyên đề: Chăm sóc giảm nhẹ,2,0
651198,Chuyên đề: Chăm sóc người bệnh cấp cứu,3,0
651199,Định hướng nghề nghiệp và Lý thuyết điều dưỡng,2,0
65120,Ngoại cơ sở,2,0
651201,Định hướng nghề nghiệp - Lý thuyết điều dưỡng,2,15
651202,Thực hành bệnh viện 2,4,0
651203,Quy trình điều dưỡng và Đánh giá thể chất,2,15
651204,Nghiên cứu điều dưỡng và thực hành dựa trên chứng cứ,2,15
651205,Quản lý chất lượng bệnh viện,2,15
651206,Thực hành Chăm sóc sức khỏe người bệnh chuyên khoa hệ Nội (Da liễu - Lao),2,0
651207,Chuyên đề: Chăm sóc hồi sức tích cực Nhi khoa,4,0
651208,Nhân học y học,2,15
651209,Chuyên đề: Chăm sóc sức khỏe người bệnh lao và bệnh phổi,2,0
65121,Kỹ thuật XNCB 1(HH+KST&GPB),5,0
651210,Chuyên đề: Chăm sóc người bệnh Ngoại thần kinh,3,15
651211,Chăm sóc bà mẹ thai kỳ nguy cơ,4,0
651212,Chăm sóc bà mẹ chuyển dạ và sinh khó,1,0
651213,Thực hành bà mẹ chuyển dạ và sinh khó,2,0
651214,Chuyên đề: Chăm sóc sức khỏe người hiếm muộn,4,0
651215,*Chuyên đề:Chuyên đề: Chăm sóc người bệnh hồi sức và chăm sóc tích cực sản phụ khoa,4,0
651216,Chuyên đề: Chăm sóc bệnh nhân ung thư phụ khoa ,3,0
651217,Chăm sóc sức khỏe phụ nữ - Kế hoạch hóa gia đình,4,0
651218,"Chăm sóc bà mẹ trước, trong và sau phẫu thuật sản phụ khoa",2,0
651219,Phá thai an toàn và toàn diện,2,0
65122,Bảo đảm & KTCL xét nghiệm,3,0
651220,Chăm sóc bà mẹ chuyển dạ và sinh thường,2,0
651221,Thực hành bà mẹ chuyển dạ và sinh thường,2,0
651222,"Thực hành bệnh viện cuối khóa: Hóa sinh, Huyết học, Vi sinh, Ký sinh trùng",4,0
651223,Thực tập tốt nghiệp,7,0
651224,Quy trình điều dưỡng và đánh giá thể chất,2,15
651225,Kiểm soát nhiễm khuẩn,2,15
651226,Anh văn chuyên ngành kỹ thuật hình ảnh y học,2,30
651227,Y học hạt nhân,2,15
651228,Xạ trị,2,15
651229,Kỹ thuật ghi nhận và lưu giữ hình ảnh,2,15
65123,Hoá sinh 2 (XN),5,0
651230,Kỹ thuật siêu âm,2,0
651231,Vi sinh y học - Ký sinh trùng,3,0
651232,Y đức - xã hội học,2,15
651233,Giải phẫu 2,3,30
651234,Điều dưỡng cơ sở 2,3,15
651235,Dinh dưỡng và an toàn thực phẩm,2,15
651236,Điều dưỡng cơ sở 1,2,15
651237,Đánh giá tình trạng dinh dưỡng,2,15
651238,Tư vấn dinh dưỡng tiết chế,2,15
651239,Chuyên đề: Chăm sóc sức khỏe người bệnh da liễu,2,15
65124,Huyết học cơ sở,2,0
651240,Anh văn chuyên ngành y học dự phòng,2,30
651241,Ung thư,2,15
651242,Công tác xã hội trong bệnh viện,2,15
651243,Các xét nghiệm y học dự phòng cơ bản,2,15
651244,Nội bệnh lý,4,0
651245,Dịch tễ học cơ bản,2,15
651246,Ngoại bệnh lý,4,0
651247,Miễn dịch và vắc xin,2,15
651248,Chuyên đề: Chăm sóc sức khỏe người bệnh lao và bệnh phổi,2,15
651249,Chuyên đề: Chăm sóc sức khỏe người bệnh Tai Mũi Họng,2,15
65125,Giải phẩu bệnh 2,2,15
651250,Chuyên đề: Chăm sóc sức khỏe người bệnh Răng Hàm Mặt,2,15
651251,Chuyên đề: Chăm sóc sức khỏe người bệnh Mắt,2,15
651252,Chăm sóc người bệnh cần được phục hồi chức năng,2,15
651253,Chuyên đề: Chăm sóc người bệnh cấp cứu,3,15
651254,Chuyên đề: Chăm sóc hồi sức tích cực Nhi khoa,4,30
651255,Chuyên đề: Chăm sóc người bệnh Ngoại thần kinh,3,15
651256,Thực hành chăm sóc sức khỏe người lớn bệnh Nội khoa 1,2,0
651257,Chứng chỉ chuyên ngành II: Các phương pháp điều trị trong VLTL - PHCN,5,0
651258,Chứng chỉ chuyên ngành III: Bệnh lý Nhi khoa và VLTL - PHCN,4,0
651259,Chứng chỉ chuyên ngành IV: Bệnh lý nội khoa và VLTL - PHCN,6,0
65126,Hoá sinh 3,5,0
651260,"Chứng chỉ chuyên ngành V: Bệnh lý nội khoa, chấn thương chỉnh hình và VLTL - PHCN",7,0
651261,Chứng chỉ chuyên ngành VI: VLTL - PHCN trong y học thể dục thể thao,2,0
651262,Phục hồi chức năng dựa vào cộng đồng,4,0
651263,Tổ chức và quản lý Khoa vật lý trị liệu - Phục hồi chức năng ,2,30
651264,Nội cơ sở,2,0
651265,Bệnh học nội khoa,2,0
651266,Phẫu thuật tạo hình nha chu,3,30
651267,Thực tập thực tế,3,0
651268,Thực tập cuối khóa,5,0
651269,Chăm sóc sức khỏe phụ nữ  - Kế hoạch hóa gia đình,4,0
65127,Hoá sinh 4,5,0
651270,"Chăm sóc bà mẹ trước, trong và sau phẫu thuật sản phụ khoa",2,15
651271,Phá thai an toàn và toàn diện,2,0
651272,Chăm sóc sơ sinh,2,0
651273,Chăm sóc bà mẹ thai kỳ nguy cơ ,4,0
651274,Thực hành chăm sóc bà mẹ chuyển dạ và sinh thường,2,0
651275,Thực hành chăm sóc bà mẹ chuyển dạ và sinh khó,2,0
651276,Chuyên đề: Chăm sóc sức khỏe người hiếm muộn,4,30
651277,Chuyên đề: Chăm sóc người bệnh hồi sức và chăm sóc tích cực sản phụ khoa,4,0
651278,Chuyên đề: Chăm sóc bệnh nhân ung thư phụ khoa ,3,0
651279,Định hướng cơ bản chuyên khoa Lao,3,15
65128,Đông máu,3,0
651280,Định hướng cơ bản chuyên khoa Nhiễm,3,0
651281,Cơ sở ngành (Giải phẫu - sinh lý),3,30
651282,Chuyên ngành (Nội - Ngoại - Sản - Nhi),4,30
651283,Điều dưỡng cơ ban - Cấp cứu ban đầu,2,0
651284,Dinh dưỡng theo lứa tuổi và nghề nghiệp,2,30
651285,An toàn và vệ sinh thực phẩm,2,0
651286,Đảm bảo chất lượng thuốc ứng dụng,2,30
651287,Dự án tốt nghiệp (Capstone project),7,0
651288,Phương pháp nghiên cứu khoa học,3,30
651289,Hóa phân tích: cơ sở các phương pháp phân tích trong dược phẩm,2,30
65129,Truyền máu,3,0
651290,Hóa dược: thuốc hóa trị liệu,2,30
651291,Dược liệu: các hợp chất glycosid,3,30
651292,Đại cương về chuyên khoa vật lý trị liệu - Phục hồi chức năng,4,60
651293,Các phương pháp điều trị trong vật lý trị liệu - Phục hồi chức năng,2,30
651294,Thực hành các phương pháp điều trị trong vật lý trị liệu - Phục hồi chức năng,3,0
651295,Vật lý trị liệu - Phục hồi chức năng trong bệnh lý nhi khoa,2,30
651296,Thực hành vật lý trị liệu - Phục hồi chức năng trong bệnh lý nhi khoa,2,0
651297,Vật lý trị liệu - Phục hồi chức năng trong bệnh lý nội khoa,3,45
651298,Thực hành vật lý trị liệu - Phục hồi chức năng trong bệnh lý nội khoa,3,0
651299,"Vật lý trị liệu - Phục hồi chức năng trong bệnh lý ngoại khoa, chấn thương chỉnh hình",3,45
65130,Huyết học lâm sàng,2,0
651300,"Thực hành VLTL - PHCN trong bệnh lý ngoại khoa, chấn thương chỉnh hình",4,0
651301,Vật lý trị liệu - Phục hồi chức năng trong y học thể dục thể thao,1,15
651302,Thực hành VLTL - PHCN trong y học thể dục thể thao,1,0
651303,Hóa phân tích: các phương pháp phân tích dụng cụ trong dược phẩm,3,30
651304,Hóa dược: thuốc tác động lên các hệ cơ quan,3,30
651305,"Dược liệu: alkaloid, tinh dầu và chất béo",2,15
651306,Bào chế và sinh dược học các dạng thuốc lỏng,2,15
651307,Dược lý đại cương và hóa trị liệu,2,30
651308,Bào chế và sinh dược học các dạng thuốc rắn và bán rắn,2,15
651309,Quản lý dược,3,45
65131,Vi sinh 2 (XN),4,0
651310,Dược lý thuốc tác động lên các hệ cơ quan,3,30
651311,Dược lâm sàng đại cương,3,45
651312,Dược lâm sàng và điều trị,3,30
651313,Thực phẩm chức năng - Mỹ phẩm,2,30
651314,"Thực hành vật lý trị liệu - PHCN trong bệnh lý ngoại khoa, chấn thương chỉnh hình",4,0
651315,Thực hành vật lý trị liệu - PHCN trong y học thể dục thể thao,1,0
651316,Cơ sở ngành: Giải phẫu - Sinh lý,2,0
651317,Chuyên ngành: Lý thuyết + Thực hành,5,0
651318,"Chứng chỉ chuyên ngành V Bệnh lý ngoại khoa, chấn thương chỉnh hình và Vật lý trị liệu - Phục hồi chức năng",7,0
651319,Dinh dưỡng tiết chế,3,0
65132,Thực tế cộng đồng 1,2,0
651320,Dinh dưỡng cộng đồng,2,0
651321,An toàn và vệ sinh thực phẩm,2,0
651322,"Chứng chỉ chuyên ngành V: Bệnh lý ngoại khoa, chấn thương chỉnh hình và VLTL - PHCN",7,0
651323,Quy trình điều dưỡng - đánh giá thể chất,2,0
651324,Sức khỏe lứa tuổi,2,15
651325,Vi sinh y học - Ký sinh trùng,2,15
651326,Giải phẫu - Mô phôi,3,30
651327,Hóa lượng tử đại cương,1,0
651328,Mô phỏng nha khoa,2,0
651329,Nội nha 2,2,0
65133,Ký sinh trùng 2,3,30
651330,Bệnh học 1,2,15
651331,Bệnh học 2,2,15
651332,Dịch tễ học thực địa,2,15
651333,Thực tập cộng đồng 1,2,0
651334,Thực tập cộng đồng 2,2,0
651335,Thực tập cộng đồng 3,2,0
651336,Tiếp thị xã hội trong dịch vụ y tế,3,30
651337,Hóa sinh 1 (Hóa sinh cơ sở),3,30
651338,Vi sinh 1 (Vi sinh đại cương),3,30
651339,Ký sinh trùng 1 (Giun sán),3,30
65134,Vi sinh 3 (XN),4,30
651340,Bệnh học ngoại khoa,1,15
651341,Hóa sinh 2 (Rối loạn chuyển hóa các chất cơ bản),2,15
651342,Vi sinh 2 (Cầu khẩn gây bệnh),2,15
651343,Ký sinh trùng 2 (Đơn bào),2,15
651344,Ký sinh trùng 3 (Vi nấm y học),2,15
651345,"Hóa sinh 3 (Chức năng gan, thận, tim)",2,0
651346,Vi sinh 3 (Trực khuẩn gây bệnh),2,0
651347,Độc chất học,1,15
651348,Thực hành bệnh viện xét nghiệm tế bào,2,0
651349,Hóa sinh 4 (Chỉ dấu ung thư và các dịch cơ thể),2,15
65135,Vi sinh 4 (XN),4,0
651350,Vi sinh 4 (Virus và miễn dịch học),2,15
651351,Thực hành bệnh viện vi sinh,3,0
651352,Thực hành bệnh viện ký sinh trùng,3,0
651353,Ký sinh trùng 4 (Tiết túc),2,15
651354,Hóa sinh 5 (Chức năng nội tiết),3,30
651355,Chuyên đề bệnh lý huyết học,2,15
651356,Thực tập thực tế,2,0
651357,Kỹ thuật tổng hợp chuyên ngành xét nghiệm,5,45
651358,Kỹ thuật chụp X - quang thông thông thường 1,3,30
651359,Kỹ thuật chụp X - quang đặc biệt ,3,30
65136,Thực hành xét nghiệm 1(HS+VS),10,0
651360,Triệu chứng học hình ảnh X - quang,2,15
651361,Kỹ thuật chụp cắt lớp vi tính 1,3,30
651362,Kỹ thuật chụp cắt lớp vi tính nâng cao,2,15
651363,Kỹ thuật chụp cộng hưởng từ nâng cao ,2,15
651364,Thực tế tốt nghiệp,3,0
651365,Bệnh học các bệnh thường gặp,4,60
651366,Sức khỏe học đường,2,15
651367,Dược lý - Dược lý lâm sàng,4,60
651368,Điều dưỡng cơ bản cấp cứu ban đầu,3,15
651369,Bệnh học và điều trị nội khoa,4,30
65137,Ký sinh trùng 4,3,0
651370,Bệnh học và điều trị ngoại khoa,4,0
651371,Tâm thần và quản lý các chương trình tâm thần,2,15
651372,Tiếp thị xã hội trong dịch vụ y tế,2,15
651373,Kinh tế y tế,2,15
651374,Lao và quản lý các chương trình lao,2,15
651375,Thi lý thuyết chuyên ngành,4,0
651376,Thi thực hành chuyên ngành,3,0
651377,Tiểu luận tốt nghiệp (RHM),4,0
651378,Lượng giá chức năng,2,15
651379,Đại cương về chuyên khoa vật lý trị liệu - Phục hồi chức năng,2,30
65138,Thực hành xét nghiệm 2(HH+KST),10,0
651380,Thực hành các phương pháp điều trị trong vật lý trị liệu - Phục hồi chức năng,3,0
651381,Thực hành vật lý trị liệu - Phục hồi chức năng trong bệnh lý nhi khoa,2,0
651382,Thực hành vật lý trị liệu - Phục hồi chức năng trong bệnh lý nội khoa,3,0
651383,Thực tập lâm sàng vật lý trị liệu Tim mạch - Hô hấp,4,0
651384,Thực tập lâm sàng vật lý trị liệu Thần kinh - Cơ,4,0
651385,"Thực hành vật lý trị liệu - Phục hồi chức năng trong bệnh lý ngoại khoa, chấn thương chỉnh hình",4,0
651386,Thực hành vật lý trị liệu - Phục hồi chức năng trong y học thể dục thể thao,1,0
651387,Thực tập lâm sàng Vật lý trị liệu cơ xương,4,0
651388,Thực tập lâm sàng Da - Tiết niệu - Nội tiết - Sinh dục,4,0
651389,Lâm sàng phục hồi chức năng khớp học chuyên biệt,3,15
65139,Thực tế cộng đồng 2,2,0
651390,Lâm sàng phục hồi chức năng thần kinh chuyên biệt,3,15
651391,Lam sàng phục hồi chức năng bệnh ký hô hấp - Tim mạch lão khoa chuyên biệt ,3,15
651392,Lam sàng phục hồi chức năng bệnh lý nội tiết,3,15
651393,Lâm sàng phục hồi chức năng Sản - Nhi,3,15
651394,Phục hồi chức năng dựa vào cộng đồng,4,30
651395,Dược lý lâm sàng,1,0
651396,Nhân học và xã hội học sức khỏe,2,30
651397,Định hướng cơ bản chuyên khoa truyền nhiễm,3,15
651398,Kỹ thuật chụp X - quang thông thường 2,3,15
65140,Sinh lý học,4,45
65141,Vi sinh vật,3,0
65142,Kí sinh trùng,2,0
65143,Dược lý học,4,45
65144,Dịch tễ học,3,0
65145,Nhật ngữ 3 (Ngoại ngữ 3),4,0
65146,Tổ chức y tế - CTYTQG,2,0
65147,Ngoại ngữ 4 (Chuyên ngành DD),3,0
65148,Giáo dục sức khoẻ & KNGT,3,0
65149,Lý thuyết điều dưỡng cơ bản 1,4,60
65150,Thực hành điều dưỡng cơ bản 1,2,0
65151,Lý thuyết điều dưỡng cơ bản 2,4,0
65152,Thực hành điều dưỡng cơ bản 2,4,0
65153,Nội bệnh lý,3,0
65154,Ngoại bệnh lý,3,0
65155,Sản bệnh lý,3,45
65156,Nhi bệnh lý,3,0
65157,Quản lý điều dưỡng,4,45
65158,Điều dưỡng truyền nhiễm 1 (LT),3,0
65159,Điều dưỡng truyền nhiễm 2 (TH),3,0
65160,Thực tập Điều dưỡng CĐ 1,2,0
65161,Điều dưỡng cấp cứu hồi sức,2,0
65162,Thực tập điều dưỡng CĐ 2,2,0
65163,Điều dưỡng CK hệ nội (TT+DL+L),6,0
65164,Đ.Dưỡng CK hệ ngoại(RHM+TMH+M),6,45
65165,Phục hồi chức năng,2,0
65166,Điều dưỡng ngoại 1 (LT),3,0
65167,Điều dưỡng ngoại 2 (LT),3,0
65168,Điều dưỡng ngoại 3 (TT),4,0
65169,Điều dưỡng Phụ Sản 1 (LT),4,0
65170,Điều dưỡng Phụ Sản 2 (TH),4,0
65171,Điều dưỡng Nội 1 (LT),3,45
65172,Điều dưỡng Nội 2 (LT),3,45
65173,Điều dưỡng Nội 3 (TH),4,0
65174,Điều dưỡng Nhi 1 (LT),3,0
65175,Điều dưỡng Nhi 2 (TH),3,0
65176,Thi tốt nghiệp (DD),10,0
65177,Ngoại ngữ (tiếng Anh) CN,3,0
65178,Vi sinh - Ký sinh trùng,3,0
65179,Thiết bị & ATLĐ trong phòng TN,3,0
65180,Hoá sinh (D),3,0
65181,Thực vật (D),4,0
65182,Hoá dược 1,5,60
65183,Hoá dược 2,2,15
65184,"Kỹ năng giao tiếp, bán hàng",2,15
65185,Dược liệu 1,5,45
65186,Dược liệu 2,2,0
65187,Dược lý 1,5,0
65188,Dược lý 2,2,0
65189,Y học cổ truyền,3,0
65190,Kinh tế Dược,3,0
651901,Cấy ghép nha khoa 2,1,0
651902,Sinh học phân tử,2,30
651903,Y học tái tạo,2,30
65191,Marketing Dược,2,0
65192,Bệnh học cơ sở,5,0
65193,Bào chế 1,5,0
65194,Bào chế 2,2,0
65195,Dược lâm sàng,4,0
65196,Kiểm nghiệm,5,0
65197,Đảm bảo chất lượng thuốc,5,0
65198,Quản lý tồn trữ thuốc,5,0
65199,Thực tế ngành 1,5,0
65200,Thực tế ngành 2,5,0
65201,Ngoại ngữ 2,5,0
65202,Anh văn không chuyên 1,4,0
65203,Hoá học,5,60
65204,Giải phẩu 1,3,0
65205,Tin học ứng dụng,2,15
65206,Anh văn không chuyên 2,3,0
65207,Sinh học và di truyền,5,0
65208,Lý sinh,4,0
65209,Truyền thông và giáo dục SK,2,30
65210,Giải phẫu 2,3,30
65211,Nhà nước và pháp luật,2,30
65212,Di truyền,2,0
65213,Vật lý đại cương,2,0
65214,Giải phẫu 2,5,0
65215,Mô phôi,4,0
65216,Anh văn chuyên ngành (YDK),4,0
65217,Xác suất thống kê y học,3,0
65218,Tâm lý y học - Đạo đức Y học,3,0
65219,Vi sinh,4,0
65220,Ký sinh trùng,4,45
65221,Sinh lý,5,0
65222,Hoá sinh,5,0
65223,Dược lý,5,0
65224,Dinh dưỡng & vệ sinh ATTP,3,0
65225,Sức khoẻ môi trường & SK NN,3,0
65226,Điều dưỡng cơ bản,3,30
65227,Y học thảm hoạ,2,0
65228,Sinh lý bệnh - miễn dịch,4,45
65229,Phẫu thuật thực hành,3,0
65230,Nội cơ sở 1,4,0
65231,Nội cơ sở 2,4,0
65232,Ngoại cơ sở 1,4,0
65233,Ngoại cơ sở 2,4,0
65234,Nội bệnh lý 1,4,0
65235,Pháp y,3,0
65236,Hoá sinh lâm sàng (hoá sinh 2),3,30
65237,Dược lý lâm sàng (Dược lý 2),3,0
65238,Nội bệnh lý 2,4,0
65239,Nhi khoa 1,4,30
65240,Tiền lâm sàng,4,0
65241,Y học lâm sàng,2,0
65242,Thăm dò chức năng,3,0
65243,Huyết học,3,0
65244,Vi sinh 2,3,0
65245,Sinh lý bệnh 2,3,30
65246,Chẩn đoán hình ảnh,3,0
65247,Tổ chức và quản lý y tế,2,0
65248,Dị ứng,2,0
65249,Y học biển,2,30
65250,Ngoại bệnh lý 1,4,0
65251,Phụ sản 1,4,0
65252,Gây mê hồi sức,3,0
65253,Hồi sức cấp cứu,3,30
65254,Thực tập cộng đồng 1,2,0
65255,Lao,3,0
65256,Răng hàm mặt,3,0
65257,Tai mũi họng,3,0
65258,Mắt,3,0
65259,Da liễu,3,30
65260,Thần kinh,3,0
65261,Quản trị bệnh viện,2,0
65262,Thực tập cộng đồng 2,2,0
65263,Dân số học,2,0
65264,Truyền nhiễm,5,45
65265,Y học cổ truyền,4,30
65266,Phục hồi chức năng,3,0
65267,Tâm thần,3,0
65268,Ung thư,3,0
65269,Chương trình y tế quốc gia,2,0
65270,Kinh tế y tế,2,30
65271,Nội bệnh lý 3,4,0
65272,Ngoại bệnh lý 2,4,0
65273,Phụ sản 2,4,0
65274,Nhi khoa 2,4,0
65275,Chấn thương chỉnh hình,3,0
65276,Y học gia đình,2,15
65277,Nội bệnh lý 4,4,0
65278,Ngoại bệnh lý 3,4,0
65279,Phụ sản 3,4,0
65280,Nhi khoa 3,4,0
65281,Thực tế tốt nghiệp,4,0
65282,Thi tốt nghiệp,15,0
65283,Dược liệu,2,0
65284,Dược liệu,5,0
65285,Dược lý,5,45
65286,Quản lý tồn trữ thuốc,3,15
65287,Đảm bảo chất lượng thuốc,2,0
65288,Thực tế ngành,5,0
65289,Hóa dược,5,60
65290,Bào chế,5,0
65291,Điều dưỡng cơ bản-CC ban đầu,2,0
65292,Chăm sóc SKNL b.nội khoa I,4,0
65293,Chăm sóc SKNL b.nội khoa II,5,0
65294,Dinh dưỡng - Tiết chế,3,0
65295,"Chăm sóc sức khoẻ P.Nữ,BM&GD I",4,0
65296,"Chăm sóc sức khoẻ P.Nữ,BM&GDII",4,0
65297,Chăm sóc sức khoẻ trẻ em I,4,30
65298,Chăm sóc sức khoẻ trẻ em II,4,0
65299,Dịch tễ & các bệnh tr.nhiễm,2,0
65300,Chăm sóc SKNL b.ngoại khoa I,4,0
65301,Chăm sóc SKNL b.ngoại khoa II,5,0
65302,Hoá sinh 1,4,0
65303,Sinh lý 1,3,0
65304,Sinh lý 2,4,45
65305,"Cơ sở ngành (TV, HPT)",2,0
65306,"Chuyên ngành (PLTCQLD,DLS,DL,)",8,0
65307,Cơ sở ngành (Hoá PT),2,0
65308,"Chuyên ngành (HD,DL,DL,BC,..)",8,0
65309,Cơ sở ngành (CĐ XN),2,0
65310,Chuyên ngành (Bệnh TN),5,0
65311,Huyết học tế bào,3,0
65312,Thực tập tốt nghiệp,3,0
65313,Ký sinh trùng 3,3,0
65314,Cơ sở ngành,3,0
65315,"Chuyên ngành (Dược liệu, dược lý, BC, PL..)",7,0
65316,Cơ sở ngành (Hóa hữu cơ),2,0
65317,Y học cổ truyền,3,0
65318,Cơ sở ngành (Hóa hữu cơ),3,0
65319,"Chuyên ngành(Hoá dược, dược liệu, dược lý, BC)",7,0
65320,Y học hạt nhân,2,0
65321,Dược lý lâm sàng (Dược lý 2),3,0
65322,Tiền lâm sàng 1,2,0
65323,Nội cơ sở 2,4,0
65324,Tiền lâm sàng 2,2,0
65325,Chuyên ngành,4,0
65326,"Chuyên ngành (dược liệu, dược lý, bào chế)",7,0
65327,Điều dưỡng nhi 2 (Thực hành),2,0
65328,Điều dưỡng phụ sản 2 (Thực hành),2,0
65329,Thực tập tốt nghiệp,6,0
65330,Chăm sóc người bệnh cấp cứu,2,0
65331,Chăm sóc người bệnh Hồi sức tích cực - Chống độc,3,0
65332,Thực tập cuối khóa,4,0
65333,Y học hạt nhân,1,0
65334,Pháp Y,2,0
65335,Nhi khoa 1,5,0
65336,Phụ sản 1,5,0
65337,Lao,3,0
65338,Răng hàm mặt,3,0
65339,Tai mũi họng,3,0
65340,Mắt,3,0
65341,Da liễu,3,0
65342,Thần kinh,3,0
65343,Gây mê hồi sức,3,0
65344,Hồi sức cấp cứu,3,0
65345,Thực tập cộng đồng 2,2,0
65346,Truyền nhiễm,5,0
65347,Y học cổ truyền,4,30
65348,Phục hồi chức năng,3,30
65349,Tâm thần,3,0
65350,Ung thư,3,30
65351,Y học gia đình,2,15
65352,Chấn thương chỉnh hình,3,0
65353,Nội bệnh lý 3,4,30
65354,Nội bệnh lý 4,4,0
65355,Phụ sản 2,4,0
65356,Phụ sản 3,4,0
65357,Ngoại bệnh lý 3,4,0
65358,Nhi khoa 2,4,0
65359,Nhi khoa 3,4,0
65360,Thực tế tốt nghiệp,4,0
65361,Cơ sở ngành và chuyên ngành,3,0
65362,Chuyên ngành (Thực hành),4,0
65363,Những nguyên lý cơ bản của chủ nghĩa Mác Lênin (tốt nghiệp),5,0
65364,"Cơ sở ngành (Giải phẫu, sinh lý)",3,0
65365,Chuyên ngành,7,0
660001,Biểu diễn nhạc cụ truyền thống Khmer 1,2,15
660002,Thanh nhạc 1,2,0
660003,Nhạc khí học,2,0
660004,Dân tộc học,2,0
660005,Lịch sử âm nhạc thế giới,2,30
660006,Ngôn ngữ Khmer,3,0
660007,Hòa âm,2,0
660008,Organ 1,2,0
660009,Sáng tác 1,2,15
660010,Organ 2,2,0
660011,Sáng tác 2,2,15
660012,Hòa tấu nhạc cụ truyền thống Khmer 1,2,0
660013,Phối khí 1,2,15
660014,Phân tích tác phẩm âm nhạc 1,2,15
660015,Nghệ thuật Khmer Nam Bộ,3,0
660016,Biểu diễn nhạc cụ truyền thống Khmer 2,3,15
660017,Sáng tác 3,2,0
660018,Organ 3,3,15
660019,Phối khí 2,2,15
660020,Hòa tấu nhạc cụ truyền thống Khmer 2,2,0
660021,Phân tích tác phẩm âm nhạc 2,2,15
660022,Lịch sử âm nhạc Việt Nam,2,15
660023,Phương pháp nghiên cứu khoa học,3,15
660024,Phương pháp dàn dựng tác phẩm âm nhạc,3,0
660025,Biểu diễn nhạc cụ truyền thống Khmer 3,3,15
660026,Dân ca Khmer,2,0
660027,Âm nhạc cổ truyền Việt Nam,2,0
660028,Thực tế,3,0
660029,Đệm đàn Organ,3,15
660030,Thanh nhạc 2,2,0
660031,Ký – Xướng âm 3,2,0
660032,Hòa tấu nhạc cụ truyền thống Khmer 3,2,0
660033,Thực tập nghề nghiệp,3,0
660034,Dàn dựng và biểu diễn một chương trình văn nghệ,7,0
660035,Hình thức và thể loại âm nhạc,2,0
660036,Âm nhạc cổ truyền Việt Nam,2,30
660037,Thanh nhạc 1,2,0
660038,Phương pháp sử dụng phần mềm âm nhạc,2,0
660039,Âm nhạc và múa Khmer Nam Bộ,2,0
660040,Hòa tấu nhạc truyền thống,2,0
660041,Kí - Xướng âm 3,2,0
660042,Hòa tấu nhạc cụ truyền thống Khmer 2,2,0
660043,Lịch sử âm nhạc Việt Nam,2,0
660044,Sáng tác 2,2,0
660045,Hòa tấu nhạc cụ truyền thống Khmer 3,3,0
660046,Dân ca Khmer,2,0
660047,Biên tập và dàn dựng chương trình nghệ thuật,2,15
660048,Đệm đàn Organ,2,0
660049,Phối khí 2,2,0
660050,Sáng tác 3,2,0
660051,Phân tích tác phẩm âm nhạc 3,2,15
660052,Biểu diễn nhạc cụ truyền thống Khmer 2,2,0
660053,Thực tế 2,1,0
660054,Tổ chức các sự kiện văn hóa,2,15
660055,Dân tộc nhạc học đại cương,2,0
660056,Khưm,2,0
660057,Thanh nhạc 1,3,15
660058,Organ 2,2,0
660059,Hòa âm 1,2,15
660060,Thanh nhạc 2,2,0
660061,Hòa âm 2,2,15
685492,Chuyên đề: Chăm sóc giảm nhẹ,2,0
840848,Nha khoa bệnh lý và phẫu thuật,4,0
850946,Nha khoa trẻ em 2,2,0
ACC201,Tin học ứng dụng,2,0
ACC202,Nguyên lý kế toán,3,0
ACC301,Kế toán tài chính 1,3,0
ACC302,Kế toán tài chính 2,2,0
ACC304,Kế toán quản trị,3,0
ACC401,Thuế,2,0
ACC403,Kiểm toán căn bản,3,0
ACC503,Tổ chức công tác kế toán,2,0
ACC504,Kế toán hành chính sự nghiệp,2,0
ACC506,Kiểm toán nội bộ,3,0
ACC508,Phân tích báo cáo tài chính,3,0
ACC509,Kiểm toán tài chính,3,0
ACC510,Kế toán doanh nghiệp,3,0
ACC603,Môn 1 (Kế toán tổng hợp),5,0
ACC606,Kế toán thương mại dịch vụ,5,0
ACC607,Kiểm toán nâng cao,5,0
AV0001,Ôn tập thi CCQG A,0,0
AV0002,Anh văn TOEIC (AV1),0,90
AV0003,Anh văn TOEIC (AV2),0,0
AV0004,Anh văn TOEIC (AV3),0,0
AV0005,Anh văn TOEIC (AV4),0,0
AV0006,Anh văn TOEIC (AV5),0,90
AV0007,Anh văn,3,0
AVCC01,Ôn tập thi tiếng Anh CCQG,0,0
BS0001,Hệ thống nông nghiệp,2,0
BS0002,Văn hóa nông thôn,2,30
BS0003,Kinh tế học đại cương,3,45
BS0004,Toán học,8,0
BS0005,Toán học,4,60
BS0006,Vật lý,4,60
BS0007,Hoá  học,4,0
BS0008,Sinh học,4,0
BS0009,Ngữ văn,8,0
BS0010,Ngữ văn,4,0
BS0011,Lịch sử,4,0
BS0012,Địa lý,4,60
BS0013,Tiếng Anh,8,0
BSNN01,Kinh tế vi mô,3,30
CH0001,Triết học,0,0
CS101,Cấu trúc dữ liệu và giải thuật,4,0
DB0001,Toán học,0,0
DB0002,Vật lý,0,0
DB0003,Tin học,0,21
DB0004,"Văn (khối A, B)",0,0
DB0005,Văn (khối C),0,0
DB0006,Thể dục,0,0
DB0007,Hoá học,0,0
DB0008,Sinh học,0,70
DB0009,Anh văn,0,0
DB0010,Địa lý,0,0
DB0011,Giáo dục công dân,0,0
DB0012,Lịch sử,0,0
DB0013,Tin học,1,0
DB0014,Tin học,0,20
DB0015,Văn (khối C),0,0
DB0016,Hoá học,0,0
DB0017,Sinh học,0,0
DB0018,Tiếng Anh,1,0
DB0019,Lịch sử,0,0
DB0020,"Văn (khối A,B)",0,0
DB0021,Giáo dục công dân,0,0
DB0022,Tin học,1,20
DB0023,Thể dục,0,0
DB0024,"Hoá học (khối A,B)",0,0
DB0025,Giáo dục công dân,0,0
DB0026,Vật lý,0,0
DB0027,Thể dục,0,0
DB0028,Toán,0,0
DB0029,Hoá học,0,0
DB0030,Sinh,0,0
DB0031,Hoá học,0,0
DB0032,Sinh,0,0
DB0033,Hóa học,0,0
DB0034,Thể dục,0,0
DB0035,Hóa học,0,0
DB0036,Rèn luyện sức khỏe và giáo dục kỹ năng,0,0
DB0037,Lý,0,0
DB0038,Rèn luyện sức khỏe và giáo dục kỹ năng,0,0
DB0040,"Bảng chữ cái, hệ thống nguyên âm, phụ âm",1,0
DB0041,Giao tiếp cơ bản,2,0
DB0042,Toán học,1,0
DB0043,Rèn luyện sức khỏe và hoạt động giáo dục,1,0
DB0044,Hóa học,1,0
DB0045,Sinh học,1,0
DB0046,Tiếng Việt 1,5,0
DB0047,Tiếng Việt 2,5,0
DB0048,Tiếng Việt 3,5,0
DB0049,Tiếng Việt 4,5,45
DB0050,Tiếng Việt 5,5,0
DB0051,Tiếng Việt 6,5,45
DB0052,Tiếng Việt 7,5,0
DB0053,Tiếng Việt 8,5,45
DB0054,Toán (BSKT1),4,0
DB0055,Vật lý (BSKT2),0,0
DB0056,Hóa (BSKT3),4,0
DB0057,Sinh (BSKT4),4,0
DB0058,Tiếng Anh,0,0
DB0059,Văn,0,0
DWS104,K.năng s.thảo VB kinh tế &QLDN,2,0
DWS105,K.năng s.thảo VB kinh tế &QLDN,3,0
EBA201,Anh văn thương mại,3,0
ECO101,Kinh tế vi mô,3,0
ECO102,Kinh tế vĩ mô,3,0
EFI204,Anh văn chuyên ngành TCKT,3,0
EIT201,Tiếng Anh chuyên ngành,3,0
ENG101,Tiếng Anh cơ bản 1,3,0
ENG102,Tiếng Anh cơ bản 2,3,0
ENG103,Tiếng Anh cơ bản 3,3,0
FIN101,Lý thuyết tài chính tiền tệ,3,0
FIN102,Tài chính doanh nghiệp,3,0
FIN103,Nguyên lý kế toán,3,0
FIN301,Thị trường chứng khoán,3,0
FIN304,Marketing ngân hàng,2,0
FIN401,Tài chính quốc tế,3,0
FIN402,Quản trị ngân hàng thương mại,3,0
FIN404,Tài chính quốc tế,3,0
FIN504,Ngân hàng thương mại,3,0
FIN505,Thanh toán quốc tế,2,0
FIN508,Kế toán ngân hàng,3,0
FIN601,Môn 1 (Lý thuyết tài chính tiền tệ),5,0
FIN604,Môn 2 (NV ngân hàng TM),5,0
HGV101,LS Nhà nước & Pháp luật VN,3,0
HGW101,Lịch sử NN và Pháp luật TG,2,0
HL0001,,4,30
HL0002,,4,0
HL0003,,4,0
HL1001,Đại số tuyến tính,4,0
HL1002,Giáo dục thể chất 1,1,0
HL1003,Giáo dục thể chất 2,1,0
HL1004,Giáo dục thể chất 3,1,0
HL1005,Giáo dục thể chất 4,1,0
HL1006,Hoá học đại cương,4,0
HL1007,Tiếng việt thực hành,4,0
HL1008,Toán cao cấp,6,0
HL1009,Toán cao cấp A1,5,0
HL1010,Toán cao cấp A2,4,0
HL1011,Vật lý đại cương A1,3,0
HL1012,Vật lý đại cương A2,3,0
HL1014,Xác suất thống kê,4,0
HL1015,Giáo dục thể chất 5,2,0
HL1016,Vi tích phân A1,5,5
HL1017,Lý thuyết XS & thống kê toán,4,60
HL1018,Tiếng việt thực hành,2,0
HL1020,Cơ sở văn hóa Việt Nam,2,0
HL2001,Đồ án kỹ thuật thi công,1,0
HL2002,Đồ hoạ ứng dụng,5,0
HL2003,Điện tử công suất,3,45
HL2004,Điện tử cơ bản,3,45
HL2005,Điều khiển tự động 1,3,45
HL2006,AV chuyên ngành (Điện tử),3,0
HL2007,Anh văn chuyên ngành (CNTT),3,0
HL2008,Công nghệ phần mềm,4,0
HL2009,Cơ lý thuyết,2,0
HL2010,Cơ sở dữ liệu (Đại học),5,0
HL2011,Cài đặt và xử lý sự cố MT 1,3,30
HL2012,Cấu trúc dữ liệu & giải thuật,4,0
HL2013,Cấu trúc dữ liệu &giải thuật 1,4,45
HL2014,Cấu trúc dữ liệu &giải thuật 2,4,0
HL2015,Hàm phức toán tử,3,0
HL2016,Hệ điều hành,6,0
HL2017,Kiến trúc máy tính,3,45
HL2018,Kết cấu bê tông cốt thép 1,3,0
HL2019,Kỹ thuật lập trình,4,0
HL2020,Kỹ thuật sử dụng phím,2,0
HL2021,Kỹ thuật xung - số,4,0
HL2022,Lập trình hướng đối tượng,5,45
HL2023,Lập trình PLC,5,0
HL2024,Lý thuyết đồ thị,4,0
HL2025,Lý thuyết mạch,4,0
HL2026,Mạch điện tử,3,0
HL2027,Mạng máy tính,4,0
HL2028,Nhập môn lập trình,5,0
HL2029,Niên luận,4,0
HL2030,Phân tích thiết kế HTTT,4,45
HL2031,Sức bền vật liệu 1,2,0
HL2032,TH Điện tử công suất,2,0
HL2033,TH Vi điều khiển,2,0
HL2034,TH Vi xử lý,2,0
HL2035,Tự động hoá với PLC,2,30
HL2036,Thiết kế web,3,0
HL2037,Tin học đại cương,4,0
HL2038,Tin học UD(AutoCAD+SAP 2000),4,0
HL2039,Toán rời rạc,3,0
HL2040,Trắc địa,2,0
HL2041,Trang bị điện,3,0
HL2042,Trí tuệ nhân tạo,4,0
HL2043,Vi điều khiển,4,0
HL2044,Vẽ kỹ thuật điện với CAD,4,0
HL2045,Vi xử lý,2,0
HL2046,Xử lý tín hiệu số,3,0
HL2047,Hệ quản trị Cơ sở dữ liệu,4,0
HL2048,Lập trình trên Windows,4,0
HL2049,Cơ sở dữ liệu,2,0
HL2050,Quản trị mạng,5,0
HL2051,Đo lường và điều khiển bằng MT,3,0
HL2052,Cơ sở điều khiển tự động,4,0
HL2053,Lập trình web,5,0
HL2054,Vẽ kỹ thuật xây dựng,2,0
HL2055,Xây dựng phần mềm hướng ĐT,4,0
HL2056,Cơ kết cấu 1,2,15
HL2057,Dự toán,3,30
HL2058,Kết cấu bê tông cốt thép 1,2,0
HL2059,Đồ án kết cấu bê tông cốt thép,1,0
HL2060,Kỹ thuật thi công,4,0
HL2061,Mạch điện tử,3,0
HL2062,TH lập trình PLC cơ bản,3,0
HL2063,Thiết kế & lập trình web 1,5,0
HL2064,Thiết kế & lập trình web 2,4,0
HL2065,"Thực hành ZEN, LOGO!",3,0
HL2066,Tin học UD (AutoCAD),3,0
HL2067,Hệ điều hành (ĐH),4,0
HL2068,Trang bị điện,2,0
HL2069,Cơ kỹ thuật,3,0
HL2070,Cấu tạo kiến trúc,3,0
HL2071,Khí cụ điện,2,0
HL2072,Kỹ thuật XD & ban hành VB,2,15
HL2073,Lập trình Java,3,0
HL2074,Pháp luật xây dựng,2,0
HL2075,Thực hành điện tử căn bản,2,0
HL4001,Đọc hiểu 2,3,45
HL4002,Dẫn luận ngôn ngữ học,4,0
HL4003,Kế toán tài chính,4,0
HL4004,Kế toán quản trị chi phí,4,0
HL4005,Kinh tế học đại cương,3,0
HL4006,Kinh tế lượng,4,0
HL4007,Kinh tế vi mô,4,0
HL4008,Kinh tế vĩ mô,3,0
HL4009,Kế toán tài chính 1,4,0
HL4010,Kế toán tài chính 2,4,0
HL4011,Nguyên lý kế toán,3,0
HL4012,Pháp luật,2,0
HL4013,Pháp luật đại cương,3,0
HL4014,Phân tích hoạt động kinh doanh,3,0
HL4015,Quản trị tài chính,4,0
HL4016,Sử dụng PM SPSS trong NCDL TK,2,0
HL4017,Tâm lý học đại cương,3,0
HL4018,Tài chính - Tiền tệ,3,0
HL4019,Thanh toán quốc tế,3,45
HL4020,Thị trường tài chính,3,0
HL4021,Thực hành kế toán 1,3,0
HL4022,Tài chính doanh nghiệp,3,0
HL4104,Pháp luật kinh tế,3,0
HL4105,Lý thuyết XS và Thống kê toán,4,60
HL4106,Viết 5,3,0
HL4107,Luật dân sự 1,2,0
HL4108,Luật hiến pháp 1,2,0
HL4109,Luật tố tụng hình sự,3,30
HL4110,Phân tích hoạt động kinh doanh,2,0
HL4111,Quản trị rủi ro,2,0
HL4112,Sử dụng phần mềm Access,4,30
HL4113,Thực hành kế toán 2,3,0
HL4114,Chuyên đề HD TH khai báo thuế,2,0
HL4115,Quản trị doanh nghiệp,3,45
HL4116,Quản trị tài chính,2,0
HL4117,Anh văn 1,4,0
HL4118,Anh văn 2,4,0
HL4119,Anh văn 3,3,0
HL4120,Tin học UD trong kinh doanh,3,0
HL4121,Chuyên đề KT - TC - Ngân hàng,1,0
HL4122,Chuyên đề luật tố tụng hình sự,2,0
HL4123,Luật dân sự 2,2,0
HL4124,Luật dân sự 3,2,0
HL4125,Luật hôn nhân & gia đình,3,0
HL4126,Luật hiến pháp 2,2,0
HL4127,Luật thương mại 1,2,30
HL4128,Xã hội học đại cương,0,15
HL4129,Logic học đại cương,2,0
HL5001,Chính trị,6,0
HL5002,Những nguyên lý CB của CNML,5,0
HL5003,Đường lối CM ĐCS Việt Nam,3,0
HL5004,Tư tưởng Hồ Chí Minh,2,0
HL5005,Chuyên đề BD các môn LL ctrị,5,0
HL7001,AV chuyên ngành 4 (Hóa Học),4,0
HL7002,Các phương pháp PT điện hóa,5,0
HL8001,Phương pháp nghiên cứu KH,4,0
HWC101,Lịch sử văn minh thế giới,2,0
ICT101,Nhập môn Internet và Elearning,3,0
ICT102,Tin học đại cương,3,0
ICT201,Xây dựng tài liệu kỹ thuật,2,0
ICT401,Thương mại điện tử,3,0
ICV101,Đại cương văn hóa Việt Nam,2,0
IPS101,Tâm lý học đại cương,2,0
ISC101,Xã hội học đại cương,2,0
IT101,Nhập môn hệ điều hành,3,0
IT102,Cơ bản về mạng máy tính,3,0
IT201,An ninh mạng,2,0
IT202,Kỹ thuật đồ họa,3,0
IT204,T.tác giữa người sử dụng và ƯD,4,0
IT205,Kiến trúc ƯD trong D.nghiệp,3,0
IT206,ERP-Hệ thống QL doanh nghiệp,2,0
IT209,Hệ quản trị CSDL SQL sever,3,0
IVC101,Đại cương văn hóa Việt Nam,2,0
LAW101,Pháp luật đại cương,2,0
LAW103,Luật hiến pháp 1,3,0
LAW104,Luật hành chính 1,3,0
LAW105,Luật hình sự 1,3,0
LAW106,Luật dân sự 1,3,0
LAW107,Luật hôn nhân và gia đình,2,0
LAW108,Luật thương mại 1,3,0
LAW109,Luật lao động,3,0
LAW110,Luật tài chính,3,0
LAW111,Luật ngân hàng,2,0
LAW112,Luật đất đai,2,0
LAW113,Luật môi trường,2,0
LAW114,Công pháp quốc tế 1,3,0
LAW115,Tư pháp quốc tế 1,3,0
LAW122,K.năng s.thảo VB kinh tế &QLDN,3,0
LAW201,Luật kinh tế,3,0
LAW202,Luật học so sánh,2,0
LAW203,Luật hiến pháp 2,2,0
LAW204,Luật hành chính 2,2,0
LAW205,Luật hình sự 2,3,0
LAW206,Luật dân sự 2,3,0
LAW208,Luật thương mại 2,3,0
LAW210,Luật Đầu tư- Cạnh tranh,3,0
LAW214,Công pháp quốc tế 2,2,0
LAW215,Tư pháp quốc tế 2,2,0
LAW304,Luật tố tụng hành chính,3,0
LAW305,Luật tố tụng hình sự 1,3,0
LAW306,Luật tố tụng dân sự 1,3,0
LAW605,Môn 2 (Luật hình sự),5,0
LAW606,Môn 2 (Luật dân sự),5,0
LAW607,Pháp luật về an sinh xã hội,3,0
LAW608,Luật bảo vệ quyền lợi người tiêu dùng,3,0
LAW609,Luật sở hữu trí tuệ,2,0
LAW610,Quyền công dân và quyền con người,2,30
LOG101,Logic học,2,0
LT0001,Nhập môn lập trình,0,0
LT0002,Kỹ thuật lập trình,0,0
LT0003,Nguyên lý kế toán,0,0
LT0004,Kinh tế vi mô,0,0
LT0005,Lý luận Nhà nước và pháp luật,0,0
LT0006,Kỹ thuật điện,0,0
LT0007,Hệ thống viễn thông,0,0
LT0008,Mạch điện tử,0,0
LT0009,Quản trị văn phòng,0,0
LT0010,"KTsản xuất giống tôm,cá",0,0
LT0011,Quản trị học,0,0
LT0012,Hệ thống nông nghiệp,0,0
LT0013,Sức bền vật liệu,0,30
LT0014,Kết cấu bê tông cốt thép,0,30
LT0015,Quản trị hành chánh VP,0,0
LT0016,Chính sách phát triển NT,0,30
LT0017,Cung cấp điện,0,0
LT0018,Bệnh truyền nhiễm,0,0
LT0019,Dịch viết,0,0
LT0020,Nói,0,30
LT0021,Quản trị nguồn nhân lực,0,30
LT0022,Văn hóa học,0,0
LT0023,Tiếng Khmer,0,0
LT0024,Cơ sở văn hoá Việt Nam,0,0
LT0025,Giải phẫu - Sinh lý,0,30
LT0026,Chuyên ngành (Y đa khoa),0,0
LT0027,Chuyên ngành (Dược học),0,0
LT0028,Hoá phân tích,0,0
LT0029,Chuyên ngành (Điều dưỡng),0,0
LT0030,Chuyên ngành (Xét nghiệm YH),0,0
LT0031,Chuyên ngành (QTVP),2,0
LT0032,Tâm lý học,2,0
LT0033,PP phát triển NN cho trẻ,2,0
LT0034,Cơ sở ngành (Academic Reading),2,30
LT0035,Chuyên ngành (Academic Writing),2,0
LT0036,Máy điện,2,0
LT0037,CSSK bệnh nội - ngoại - sản - nhi,2,0
LT0038,Nội - ngoại - sản - nhi,2,0
LT0039,Nha khoa cơ sở,2,0
LT0040,Kế toán tài chính,2,0
LT0041,Văn hóa công sở và đạo đức công vụ,2,0
LT0042,Quản trị hành chính - văn phòng,2,0
LT0043,Dược lý - Dược liệu - Hoá dược - Bào chế - Quản lý dược,2,0
LTCB01,Toán rời rạc,0,0
LTCB02,Ngữ văn,0,0
LTCB03,Toán,0,0
LTCB04,Sinh,0,0
LTCB05,Tiếng Anh,0,0
LTCB06,Lịch sử,0,30
LTCB07,Vật lý,0,0
LTCB08,Địa lý,1,0
LTCB09,Hoá học,0,30
LTCB10,Tin học ứng dụng,2,0
MAN301,Quản trị học,3,0
MAN303,Tâm lý học quản trị kinh doanh,3,0
MAN304,Quản trị marketing,3,0
MAN305,Quản trị nguồn nhân lực,3,0
MAN306,Quản trị dự án đầu tư,3,0
MAN307,Khởi tạo doanh nghiệp,3,0
MAN308,Quản trị chiến lược,3,0
MAN309,Quản trị sản xuất,3,0
MAN310,Phân tích hoạt động kinh doanh,3,0
MAN401,Quản trị bán hàng,3,0
MAN402,Hệ thống thông tin quản lý,3,0
MAN403,Hành vi tổ chức,3,0
MAN413,Quản trị kinh doanh,3,0
MAN606,Quản trị kinh doanh quốc tế,3,0
MAN607,Quản trị doanh nghiệp,4,0
MAN608,Quản trị thương hiệu,3,0
MAN610,Môn 2 (Phân tích hoạt động KD),5,0
MAN613,Môn 1 (Quản trị kinh doanh),5,0
MAR201,Marketing căn bản,2,0
MAT101,Toán cao cấp 1,3,0
MAT102,Toán cao cấp 2,2,0
MAT104,Toán rời rạc,3,0
MAT604,Môn 1 (Toán rời rạc),5,0
PHH101,Tư tưởng Hồ Chí Minh,2,0
PHM101,Những NLCB của CN Mác_Lênin 1,2,0
PHM102,Những NLCB của CN Mác-Lênin 2,3,0
PHP101,Đường lối CM ĐCS Việt Nam,3,0
PLĐC,Pháp luật đại cương,0,0
PSD101,Phát triển kỹ năng cá nhân 1,3,0
PSD102,Phát triển kỹ năng cá nhân 2,2,0
SE101,Nhập môn lập trình (C),3,0
SE201,Kỹ thuật xây dựng web,3,0
SE202,Cơ sở dữ liệu,3,0
SE203,L.trình ƯD cho MT cá nhân C#,4,0
SE204,Lập trình hướng đối tượng,4,0
SE205,Lập trình Web,4,0
SE206,Phân tích & Thiết kế HTTT,4,0
SE301,Quản lý chất lượng PM,3,0
SE302,Quản lý dự án phần mềm,3,0
SE303,Dự án phần mềm,2,0
SE401,L.trình mã nguồn mở PHP&MySQL,4,0
SE403,Phát triển ƯD Web với Java,3,0
SE405,Dự án mã nguồn mở,2,0
SE606,Môn 2 (Phân tích và Thiết kế HTTT),5,0
SE607,Lập trình ứng dụng và phân tán đối tượng,5,0
SE608,Lập trình thiết bị di động,5,0
STA201,Lý thuyết SX và TK toán,3,0
STA301,Kinh tế lượng,3,0
STA302,Nguyên lý thống kê kinh tế,2,0
STA305,Thống kê cho khoa học xã hội,2,0
TGL101,Lý luận Nhà nước & pháp luật,3,0
TGL601,Môn 1 (Lý luận nhà nước và Pháp luật),5,0
TH901,Lập trình ứng dụng,4,0
TH902,Công nghệ phần mềm ứng dụng,4,0
THĐC,Tin học đại cương,0,0
TSR101,PP Nghiên cứu khoa học,3,0
TX0001,Cơ sở ngành (CĐ - QTVP),2,0
TX0002,Chuyên ngành (CĐ - QTVP),3,0
TX0003,Môn 1 (Tốt nghiệp),5,0
TX0004,Môn 2 (Tốt nghiệp),5,0
TX0005,Môn 1 (LLNN&PL),5,0
TX0006,Môn 2 (Luật TM),5,0
TX0007,Môn 1 (KTH),5,0
TX0008,Môn 2 (QTDN),5,0
TX0009,Môn 2 (LDS),5,0
TX0010,Môn 1 (CTDLGT&KTLT),5,0
TX0011,Môn 2 (HQTCSDL&XDPMHĐT),5,0
TX0012,Môn 2 (MMT&QTM),5,0
TX0013,Môn 1 (LLDH),3,0
TX0014,Môn 2 (Viết Khmer&PPGDNVKhmer),4,0
TX0015,Môn 2 (KTTC),5,0
TX0016,Môn 1 (KTH),3,0
TX0017,Môn 2 (KTTC),4,0
TX0018,Môn 1 (TLHTE2&GDHMN2),4,0
TX0019,Môn 2 (LL&PPPTNNCT),3,0
TX0020,Môn 2 (QTDN),4,0
TX0021,Môn 1 (TLHTE2&GDHMN2),3,0
TX0022,Môn 2 (LL&PPPTNNCT;LL&PPTCHĐTHCT),4,0
TX0023,Môn 1 (Lý luận dạy học),2,0
TX0024,Môn 2 (Múa&PPDMOTMN),3,0
TX0025,Môn 1 (LLNN&PL),3,0
TX0026,Môn 2 (LDS),4,0
TX0027,Môn 1 (Quản trị học & Marketing căn bản),3,0
TX0028,Môn 2 (LTM),4,0
TX0029,Môn 1 (Cấu trúc DL và GT & Kỹ thuật LT),3,0
TX0030,Môn 2 (Luật Hình sự),4,0
TX0031,Môn 1 (Lý luận và phương pháp giảng dạy Ngữ văn Khmer),3,0
TX0032,Môn 2 (Quản trị chiến lược & Quản trị thương hiệu),4,0
TX0034,Môn 2 (Kế toán tài chính tổng hợp),4,0
TX0036,Môn 2 (Luật hình sự),5,0
TX0038,Môn 2 (Hệ quản trị CSDL & XDPMHĐT),4,0
TX0040,Môn 2 (Ngữ pháp Khmer),4,0
TX0042,Môn 2 ( Nghiệp vụ ngân hàng),4,0
TX0044,Môn 2 (Lý luận và phương pháp phát triển ngôn ngữ cho trẻ),4,0
TX0046,Môn 2 (Quản trị kinh doanh),4,0
TX1001,Vi tích phân A1,3,0
TX1002,Cơ sở văn hóa Việt Nam,2,10
TX1003,Vật lý đại cương A1,2,10
TX1004,Đại số tuyến tính,3,0
TX1005,Vi tích phân A2,3,0
TX1006,Vật lý đại cương A2,2,0
TX1007,Toán rời rạc,3,0
TX1008,Toán cao cấp,4,0
TX1009,Lý thuyết Xs và Thống kê toán,3,60
TX1010,Tiếng việt thực hành,2,0
TX1011,Xác suất thống kê,3,0
TX1012,Tiếng việt thực hành,3,0
TX1013,Xác suất thống kê,2,12
TX1014,Tiếng Khmer căn bản 1,3,0
TX1015,Giáo dục học đại cương,2,30
TX1016,Tâm lý học đại cương,2,0
TX1017,Ngôn ngữ học đại cương,3,0
TX1018,Tiếng Khmer căn bản 2,4,0
TX1019,TLH lứa tuổi & Giao tiếp SP,2,15
TX1020,Dân tộc học đại cương,2,0
TX1021,Văn bản lưu trữ,3,0
TX1022,Văn học dân gian Việt Nam,3,0
TX1023,Tiếng Khmer căn bản 3,4,0
TX1024,Ngữ âm Khmer 1,4,0
TX1025,Từ vựng Khmer 1,4,0
TX1026,Ngữ âm Khmer 2,4,0
TX1027,Từ vựng Khmer 2,4,0
TX1028,TH tiếng Khmer trên máy tính,2,0
TX1029,Lý luận dạy học,3,30
TX1030,Phương pháp NCKH,2,0
TX1031,Ngữ pháp Khmer 1,4,0
TX1032,Viết Khmer 1,4,0
TX1033,Văn học dân gian Khmer Nam Bộ,3,0
TX1034,Ngữ pháp Paly 1,3,0
TX1035,ƯDCNTT trong GD Ngữ Văn Khmer,1,0
TX1036,Ngữ pháp Khmer 2,4,30
TX1037,Ngữ pháp Paly 2,3,0
TX1038,Viết Khmer 2,4,0
TX1039,Dịch Khmer 1,2,0
TX1040,PP giảng dạy Ngữ văn Khmer,3,0
TX1041,Tổ chức dạy học hợp tác,2,15
TX1042,Dịch Khmer 2,2,0
TX1043,Phong tục & lễ hội Khmer NB,2,30
TX1044,Phương pháp đánh giá,2,0
TX1045,Quản lý HCNN & Quản lý GDĐT,2,0
TX1046,Niên luận 1,2,0
TX1047,Niên luận 2,2,0
TX1048,Cơ sở văn hóa Việt Nam,2,0
TX1049,Tiếng việt thực hành,2,0
TX1050,Môi trường và phát triển,2,0
TX1051,Mĩ học đại cương,2,30
TX1052,Tâm lý học trẻ em 2,2,0
TX1053,Lý luận dạy học,2,0
TX1054,Ngôn ngữ học đại cương,2,0
TX1055,Giáo dục hòa nhập,2,0
TX1056,Văn học dân gian Việt Nam,2,0
TX1057,Giáo dục học mầm non 2,2,0
TX1058,Mỹ thuật,2,0
TX1059,Tâm bệnh học trẻ em,2,0
TX1060,Văn học trẻ em,2,15
TX1061,Bệnh học trẻ em,3,45
TX1062,Lịch sử văn hóa GD Việt Nam,2,0
TX1063,Ngữ âm Tiếng Việt,2,30
TX1064,Tiếng Khmer giao tiếp,3,0
TX1065,LL và PP PT ngôn ngữ cho trẻ,2,0
TX1066,Tổ chức HĐ vui chơi cho trẻ,2,15
TX1067,Toán cơ sở (nâng cao),2,0
TX1068,Tổ chức các HĐ theo hướng TH,2,0
TX1069,Giao tiếp SP ở trường mầm non,2,0
TX1070,Vệ sinh trẻ em,2,0
TX1071,PP cho trẻ làm quen với VH TN,2,0
TX1072,LL và PP tổ chức HĐAN cho TE,2,0
TX1073,PP dạy múa ở trường mầm non,3,0
TX1074,Giáo dục gia đình,2,0
TX1075,Lịch sử giáo dục mầm non,2,0
TX1076,LL và PP tổ chức HĐTH cho TE,2,0
TX1077,Đánh giá trong GD mầm non,2,0
TX1078,UD CNTT trong GD mầm non,1,0
TX1079,Quản lý giáo dục mầm non,2,30
TX1080,LL&PP cho trẻ LQBTTHSĐ cho TE,2,15
TX1081,Tâm lý học đại cương,2,0
TX1082,Sinh lý trẻ em,2,0
TX1083,Tâm lý học trẻ em 1,2,0
TX1084,Giáo dục học mầm non 1,2,0
TX1085,Âm nhạc và múa,3,0
TX1086,Mỹ thuật,3,0
TX1087,Toán cơ sở,2,0
TX1088,Dinh dưỡng trẻ em,2,0
TX1089,Chương trình giáo dục mầm non,2,0
TX1090,LL&PP hình thành BTTHSĐ cho TE,3,0
TX1091,LLvàPPHD trẻ làm quen với MTXQ,3,30
TX1092,LL và PP tổ chức HĐAN cho TE,3,0
TX1093,LL và PP PT ngôn ngữ cho trẻ,3,0
TX1094,LL và PP GD Thể chất cho TE,3,30
TX1095,LL và PP tổ chức HĐ cho TE,3,15
TX1096,PP cho trẻ làm quen với VHTN,3,0
TX1097,Phòng bệnh&đảm bảo AT cho trẻ,2,0
TX1098,Nghề giáo viên mầm non,2,0
TX1099,PT&TC thực hiện CTGD MN,3,0
TX1100,Toán cao cấp,4,0
TX1101,Lý thuyết XS và thống kê toán,4,0
TX1102,Lý thuyết XS & TK toán,3,0
TX1103,Toán tài chính,3,0
TX1104,Mỹ học,2,0
TX1105,Lịch sử văn minh thế giới,2,0
TX1106,LL&PP Tổ chức HĐTH cho TE,3,0
TX2001,Kỹ thuật sử dụng phím 1,1,0
TX2002,Xử lý văn bản 1,2,10
TX2003,Tin học đại cương,3,0
TX2004,Cơ sở dữ liệu SQL,3,0
TX2005,Nhập môn lập trình,3,0
TX2006,"Lập trình Assemby,C/C++,VC++",3,15
TX2007,Kỹ thuật sử dụng phím 2,1,0
TX2008,Xử lý văn bản 2,2,0
TX2009,Sử dụng mạng máy tính,1,5
TX2010,Xử lý bảng tính,2,0
TX2011,Cấu trúc DL và giải thuật 1,3,0
TX2012,Kiến trúc máy tính,3,0
TX2013,Tin học đại cương,4,0
TX2014,Cấu trúc DL và Giải Thuật 2,3,0
TX2015,"LT hướng ĐT, LT hướng DV",3,0
TX2016,Mạng máy tính,3,0
TX2017,Công nghệ Java,3,0
TX2018,ASP.NET,4,0
TX2019,Kiến trúc máy tính,2,0
TX2020,Phân tích thiết kế HTTT UML,3,0
TX2021,Lập trình VB.NET,4,0
TX2022,XML,3,15
TX2023,Cơ sở dữ liệu SQL,3,0
TX2024,Thiết kế trang web,1,0
TX2025,Cơ sở dữ liệu,3,0
TX2026,Lập trình hướng đối tượng,3,0
TX2027,Kỹ thuật lập trình,3,0
TX2028,Cấu trúc Dữ Liệu Và G.Thuật 1,3,0
TX2029,Hệ điều hành,3,0
TX2030,Lý thuyết đồ thị,3,0
TX2031,Cấu Trúc DL Và Giải Thuật 2,3,0
TX2032,Mạng máy tính,3,0
TX2033,Công nghệ phần mềm,3,0
TX2034,Lập trình trên windows,3,0
TX2035,Hệ quản trị Cơ sở dữ liệu,3,0
TX2036,Đồ họa ứng dụng,4,45
TX2037,Công nghệ Java,3,45
TX2038,XD Phần mềm hướng đối tượng,3,0
TX2039,Trí tuệ nhân tạo,3,0
TX2040,Thiết kế và Lập trình Web 1,4,45
TX2041,Phân tích và Thiết kế HTTT,4,0
TX2042,Thiết kế và Lập trình Web 2,4,30
TX2043,Thương mại điện tử,2,0
TX2044,Quản trị dự án CNTT,2,0
TX2045,Công nghệ Mã nguồn mở,3,0
TX2046,Lập trình ứng dụng phân tán ĐT,3,45
TX2047,Hệ điều hành,4,0
TX2048,Cơ sở dữ liệu,4,0
TX2049,Quản trị dự án CNTT,3,0
TX2050,Lập trình ứng dụng mạng,4,16
TX2051,K.Thuật mạng & T.Kế mạng MT,3,0
TX2053,Lập trình C#,4,0
TX2054,"Lập trình Assembler,C/C++,VC++",3,16
TX2055,Nhập môn Trí tuệ nhân tạo,3,12
TX2056,Lập Trình với thiết bị di động,3,0
TX2057,Nhập môn Công nghệ phần mềm,2,0
TX2058,Cơ sở dữ liệu Oracle,3,0
TX2059,Đồ hoạ ứng dụng,3,0
TX2060,Quản trị mạng,3,0
TX2061,Quản lý dự án CNTT,2,0
TX2062,Công nghệ mã nguồn mở,3,16
TX2063,LT trò chơi & L.Trình trò chơi,3,0
TX2064,"An toàn, bảo mật mạng",3,0
TX2065,Chuyên đề Java,3,0
TX2066,Xây dựng PM hướng đối tượng,3,0
TX2067,Cài đặt và xử lý sự cố MT,3,0
TX2068,Phân tích và TK giải thuật,3,0
TX2069,Tổng quan mạng máy tính,3,0
TX2070,TK và PTHT hướng đối tượng,3,0
TX2071,Quản trị mạng (LAN),3,0
TX2072,Lập trình hướng đối tượng C++,4,0
TX2073,Quản trị mạng 2 (WAN),4,0
TX2074,Cấu trúc dữ liệu,3,0
TX2075,Tin học đại cương,4,0
TX2076,Xử lý ảnh,3,0
TX2077,Thương mại điện tử,2,15
TX2078,Lập trình hướng đối tượng,4,0
TX2079,Thương mại điện tử,3,0
TX2080,An toàn HT & AN mạng,3,0
TX2081,Lập trình mạng,3,0
TX2082,Quản trị mạng trên HT Linux,3,0
TX2083,Tiếng anh chuyên ngành,2,0
TX2084,Quản trị mạng 1 (LAN),3,0
TX2085,Tổng quan Internet và E-learning,4,0
TX4001,Kinh tế vi mô,3,45
TX4002,Pháp luật đại cương,2,0
TX4003,Tâm lý học đại cương,2,0
TX4004,Kinh tế vĩ mô,3,0
TX4005,Nguyên lý kế toán,3,0
TX4006,Quản trị học,1,0
TX4007,Tài chính tiền tệ,2,30
TX4008,Quản trị hành chánh 1,2,0
TX4009,Luật lao động,3,0
TX4010,Thị trường tài chính,1,0
TX4011,Marketing căn bản,3,0
TX4012,Quản trị học,3,0
TX4013,Pháp luật kinh tế,3,0
TX4014,Tài chính tiền tệ,3,0
TX4015,Kế toán tài chính 1,3,0
TX4016,Chuyên đề Marketing,1,0
TX4017,Nguyên lý thống kê kinh tế,3,0
TX4018,PP nghiên cứu khoa học,1,30
TX4019,Quản trị chiến lược,3,0
TX4020,Kinh tế lượng,3,0
TX4021,Thanh toán quốc tế,1,5
TX4022,Quản trị doanh nghiệp,1,5
TX4023,Thống kê kinh tế,3,0
TX4024,SDPM SPSS trong NC dữ liệu TK,1,0
TX4025,Quản trị doanh nghiệp,2,0
TX4026,Quản trị hành chính 2,2,0
TX4027,Luật hành chính,3,0
TX4028,Kế toán tài chính 2,3,0
TX4029,CĐ Thị trường chứng khoán,1,0
TX4030,CĐ Kế toán tài chính,1,0
TX4031,Quản trị tài chính,2,0
TX4032,CĐ Kinh tế-Tài chính-Ngân hàng,1,0
TX4033,SDPM SPSS trong NC dữ liệu TK,2,0
TX4034,Quản trị học,2,0
TX4035,Thị trường tài chính,2,0
TX4036,CĐ hoạch định CL trong KD,1,0
TX4037,Pháp luật về Kinh tế TM,3,0
TX4038,Nghệ thuật lãnh đạo,1,0
TX4039,Đàm phán trong kinh doanh,1,0
TX4040,Kế toán tài chính,2,10
TX4041,Quản trị Marketing,2,0
TX4043,Luật Thuế,2,0
TX4044,Luật lao động 1,2,0
TX4045,Luật tài chính,2,30
TX4046,Luật thương mại 2,2,0
TX4047,Lịch sử Nhà Nước và P.Luật TG,2,15
TX4048,Hôn nhân Gia Đình chuyên sâu,2,15
TX4049,Quản lý Hộ tịch- Công chứng CT,2,15
TX4050,Luật cạnh tranh,2,0
TX4051,Văn thư lưu trữ,2,0
TX4052,Luật tố tụng hình sự 1,2,0
TX4053,Luật tố tụng dân sự 1,2,0
TX4054,Tư pháp quốc tế 1,2,30
TX4055,Công pháp quốc tế,2,0
TX4056,Luật hiến pháp 1,2,0
TX4057,Luật hiến pháp 2,2,0
TX4058,Luật dân sự 1,2,0
TX4059,Luật dân sự 2,2,0
TX4060,Luật dân sự 3,2,0
TX4061,Luật hình sự 1,2,30
TX4062,Luật hình sự 2,2,0
TX4063,Luật hình sự 3,2,0
TX4064,Luật hành chính 1,2,0
TX4065,Luật hành chính 2,2,15
TX4066,Lý luận NN và pháp luật 1,2,30
TX4067,Lý luận NN và Pháp luật 2,2,30
TX4068,Luật thương mại 1,2,0
TX4069,Luật thuế,2,0
TX4070,Luật tài chính,2,12
TX4071,Luật đất đai,2,0
TX4072,Luật so sánh,2,15
TX4073,Luật hôn nhân và gia đình,3,30
TX4074,Phương pháp NCKH,2,0
TX4075,Xây dựng văn bản pháp luật,2,0
TX4076,Xã hội học đại cương,2,0
TX4077,Logic học đại cương,2,30
TX4078,Lịch sử NN và PL Việt Nam,2,0
TX4079,Thực tập tốt nghiệp,3,0
TX4080,Phân tích hoạt động kinh doanh,2,12
TX4081,"CĐ ƯDKN phỏng vấn, xin việc",1,0
TX4082,Kế toán quốc tế ( KT Mỹ),2,0
TX4083,CĐ Nghiên cứu dữ liệu TK,1,0
TX4084,Thanh toán quốc tế,2,15
TX4085,Quản trị chất lượng sản phẩm,2,0
TX4086,Thương mại điện tử,1,0
TX4087,CĐ Lập và thẩm định dự án,1,8
TX4088,Chuyên để tổ chức sự kiện,1,0
TX4089,Quản trị rủi ro,1,0
TX4090,Phân tích hoạt động kinh doanh,2,0
TX4091,Kế toán quốc tế (Kế toán Mỹ),2,45
TX4100,Nghiên cứu KH trong Kinh doanh,1,0
TX4101,Chuyên đề kinh tế phát triển,1,0
TX4102,Quản trị tài chính,3,0
TX4103,Nghệ thuật lãnh đạo,2,0
TX4104,Đàm phán trong kinh doanh,2,0
TX4105,Quản trị văn phòng,2,0
TX4106,Pháp luật đại cương,3,16
TX4107,Tâm lý học đại cương,3,0
TX4108,Quản trị doanh nghiệp,3,0
TX4109,Lý luận NN và Pháp luật,3,16
TX4110,Luật hiến pháp,2,0
TX4111,Luật dân sự,2,0
TX4112,Luật sở hữu trí tuệ,2,0
TX4113,Luật thương mại,2,0
TX4114,Luật tố tụng dân sự,2,0
TX4115,Luật hình sự,3,0
TX4116,Luật lao động,2,0
TX4117,Luật tố tụng hình sự,2,0
TX4118,Luật hành chính,2,0
TX4119,Luật thương mại quốc tế,2,0
TX4120,Hoạt động xuất nhập khẩu,2,0
TX4121,Logic học,2,0
TX4122,Hành vi tổ chức,2,0
TX4123,Hành vi khách hàng,2,0
TX4124,Văn hoá Việt Nam,2,0
TX4125,Văn hoá và ĐĐ trong kinh doanh,2,0
TX4126,Thực tập tốt nghiệp,4,0
TX4127,Anh văn chuyên ngành,2,0
TX4128,Nguyên lý kế toán,2,0
TX4129,Nguyên lý thống kê kinh tế,3,0
TX4130,Tội phạm học,2,15
TX4131,Luật sở hữu trí tuệ,2,0
TX4132,Luật đất đai,2,0
TX4133,Quản trị doanh nghiệp,1,0
TX4134,Nghệ thuật lãnh đạo,2,15
TX4135,Đàm phán trong kinh doanh,2,0
TX4136,Kế toán tài chính,2,0
TX4137,Quản trị Marketing,2,0
TX4138,Quản trị văn phòng,2,0
TX4139,Quản trị tài chính,3,45
TX4140,Logic học đại cương,2,0
TX4141,Pháp luật đại cương,2,0
TX4142,Quản trị học,3,0
TX4143,Kinh tế vi mô,2,0
TX4144,Chuyên đề marketing,2,0
TX4145,Kinh tế vĩ mô,2,0
TX4146,Nguyên lý thống kê kinh tế,3,0
TX4147,Quản trị tài chính 1,3,0
TX4148,Kế toán tài chính nâng cao,3,0
TX4149,Quản trị tài chính 2,2,15
TX4150,Quản trị doanh nghiệp,3,0
TX4151,Thực hành kế toán nâng cao,3,0
TX4152,V.hóa & đạo đức trong KD,2,0
TX4153,Hành vi tổ chức,2,0
TX4154,Luật lao động,2,0
TX4155,Kế toán quản trị,2,0
TX4156,Kế toán ngân hàng & KT kho bạc,3,0
TX4157,Kế toán hành chính sự nghiệp,2,15
TX4158,Kiểm toán căn bản,2,0
TX4159,Phân tích hoạt động kinh doanh,2,15
TX4160,Kế toán kho bạc & KT ngân sách,2,15
TX4161,Luật kinh tế,3,0
TX4162,Kế toán tài chính,3,30
TX4163,Quản trị danh mục đầu tư,2,0
TX4164,Quản lý quỹ đầu tư,2,0
TX4165,Tài chính doanh nghiệp,3,0
TX4166,Thị trường chứng khoán,3,0
TX4167,Thanh toán quốc tế,3,0
TX4168,Nghiệp vụ ngân hàng TM 1,3,0
TX4169,Nghiệp vụ ngân hàng TM 2,3,0
TX4170,Tài chính quốc tế,3,0
TX4171,Thiết lập &thẩm định DA đầu tư,3,0
TX4172,Marketing ngân hàng,3,0
TX4173,Nghiệp vụ ngân hàng TƯ,2,0
TX4174,Kế toán ngân hàng,4,0
TX4175,Quản trị ngân hàng,3,0
TX4176,Đầu tư tài chính,2,15
TX4177,Thị trường giao sau & q.chọn,2,0
TX4178,Nghiệp vụ ngân hàng quốc tế,2,0
TX4179,Pháp luật đại cương,2,0
TX4180,Lịch sử NN và Pháp luật VN,2,0
TX4181,Kinh tế lượng,3,0
TX4182,Quản trị tài chính,3,0
TX4183,Kế toán ngân sách & KT kho bạc,3,0
TX4184,Kế toán quốc tế (kế toán Mỹ),3,0
TX4185,Quản trị chiến lược,2,0
TX4186,SDPM SPSS trong kinh doanh,2,0
TX4187,Tin học ứng dụng trong kinh doanh,2,0
TX4188,Nghiên cứu Marketing,2,0
TX4189,Quản trị sự thay đổi,2,0
TX4190,Quản trị sản xuất,2,15
TX4191,Thiết lập và thẩm định DAĐT,2,15
TX4192,Kỹ năng làm việc nhóm,2,15
TX4193,Kỹ năng giao tiếp,2,15
TX4194,Kinh tế phát triển,2,0
TX4195,Quản trị Marketing,2,0
TX4196,Quản trị thương hiệu,2,0
TX4197,Pháp luật kinh tế,2,0
TX4198,Quan hệ công chúng,2,15
TX4199,Văn hoá và đạo đức trong KD,2,0
TX4200,Hành vi khách hàng,2,0
TX4201,Phương pháp Nghiên cứu khoa học trong kinh tế,2,15
TX4202,Hệ thống thông tin kế toán,2,0
TX4203,Quản trị tài chính 1,2,0
TX4204,Tổ chức công tác kế toán,3,0
TX4205,Kế toán nhà nước,2,0
TX4206,Thực hành phần mềm kế toán,2,0
TX4207,Kế toán quốc tế (Kế toán Mỹ),2,0
TX4208,Phân tích chuẩn mực kế toán quốc tế,2,0
TX4209,Kế toán doanh nghiệp xây lắp và đơn vị chủ đầu tư,2,0
TX4210,Lập báo cáo tài chính,2,0
TX4211,Lý luận Nhà nước và Pháp Luật 2,2,0
TX4212,Luật Dân sự 1,2,0
TX4213,Luật Hình sự 1,2,0
TX4214,Luật Thương Mại 1,2,0
TX4215,Luật Hiến Pháp,3,45
TX4216,Luật học so sánh,2,0
TX4217,Luật Hành chính,3,0
TX4218,Luật tố tụng hành chính,2,0
TX4219,Luật cạnh tranh,1,0
TX4220,Kỹ năng đàm phán hợp đồng,1,0
TX4221,Phương pháp nghiên cứu khoa học luật,3,30
TX4222,Tư Pháp Quốc Tế,2,15
TX4223,Pháp luật về tài chính nhà nước,3,0
TX4224,Pháp luật về thanh tra khiếu nại tố cáo,1,0
TX4225,Soạn thảo văn bản pháp luật,3,0
TX4226,Hòa giải tuyên truyền pháp luật,2,0
TX4227,Trách nhiệm dân sự ngoài hợp đồng,2,0
TX4228,Pháp luật về phòng chống tham nhũng,2,0
TX4229,Kinh tế học,2,0
TX4230,Pháp luật về hoạt động xuất nhập khẩu,1,0
TX4231,Luật Thương mại điện tử,2,0
TX4232,Pháp luật về An sinh xã hội,2,0
TX4233,Tâm lý học tội phạm,2,0
TX4234,Pháp luật về Chứng khoán,2,0
TX4235,Luật Đầu tư,2,30
TX4236,Luật hôn nhân và gia đình,2,0
TX4237,Khoa học điều tra hình sự,1,0
TX4556,Luật thương mại 3,2,0
TX4557,Luật lao động 2,2,0
TX4558,Luật tố tụng hình sự 2,2,0
TX4559,Luật tố tụng dân sự 2,2,15
TX4560,Tư pháp quốc tế 2,2,0
TX4561,Luật môi trường,2,0
TX4562,Niên luận,2,0
TX4563,Thanh tra khiếu tố,2,0
TX4564,Luật tố tụng hành chính,2,0
TX4565,Công tác hòa Giải - TT P.Luật,2,0
TX4566,Đường lối CM của ĐCS Việt Nam,3,0
TX4567,Luật ngân hàng,2,0
TX4568,Nghiệp vụ tòa án,2,0
TX4569,Luật thương mại quốc tế,2,0
TX4570,Hoạt động xuất nhập khẩu,2,15
TX4571,Luất sở hữu trí tuệ,2,0
TX4572,Quản trị học,2,15
TX4573,Kinh tế vi mô,3,0
TX4574,Nguyên lý kế toán,3,0
TX4575,Kinh tế vĩ mô,3,0
TX4576,Tài chính tiền tệ,3,0
TX4577,Kế toán tài chính 1,3,0
TX4578,Marketing Căn bản,3,0
TX4579,Chuyên đề Maketing,1,0
TX4580,Thị trường tài chính,2,0
TX4582,Kế toán tài chính 2,3,0
TX4583,CĐ Thị trường chứng khoán,1,0
TX4584,CĐ kế toán tài chính,1,0
TX4585,Quản trị tài chính,2,0
TX4586,CĐ Kinh tế tài chính Ng.Hàng,1,0
TX4587,Hành vi tổ chức,1,0
TX4588,Thực hành kế toán 1,2,15
TX4589,Thuế,2,30
TX4590,Kế toán quản trị chi phí,3,0
TX4591,CĐ Thực hành khai báo thuế,1,0
TX4592,CĐ Giải quyết VĐ trong K.Toán,1,0
TX4593,SD Phần mềm Access trong CT KT,2,0
TX4594,SD Phần mềm SPSS trong CT NC,1,0
TX4595,Thực hành kế toán 2,2,15
TX4596,Kế toán ngân hàng thương mại,2,45
TX4597,CĐ VH Và ĐĐ trong kinh doanh,1,0
TX4598,Tin học kế toán,2,0
TX4599,Nghiệp vụ ngoại thương,2,0
TX4600,Tin học ứng dụng trong KD,2,0
TX4601,Kiểm toán căn bản,3,60
TX4602,Tín dụng ngân hàng,2,0
TX4603,Kế toán quốc tế,2,0
TX4605,CĐ Luật lao động,1,15
TX4606,Quản trị dự án,3,0
TX4607,Quản trị chất lượng,2,0
TX4608,Quản trị sản xuất,3,0
TX4609,CĐ Phát triển sản phẩm mới,1,0
TX4610,CĐ TC hội thảo hội nghị và SK,1,0
TX4611,Quản trị rủi ro,2,0
TX4612,Kế toán quản trị chi phí,2,30
TX4613,Sử dụng phần mềm Access,3,0
TX4614,CĐ quản trị thương hiệu,1,0
TX4615,CĐ Quảng cáo,1,0
TX4616,Cơ Sở Ngành,1,0
TX4617,Chuyên Ngành,1,0
TX4618,Tâm lý học đại cương,2,0
TX4619,Anh văn chuyên ngành,3,0
TX4620,Luật HN và gia đình chuyên sâu,2,0
TX4621,Markerting căn bản,2,0
TX4622,Tiểu luận tốt nghiệp,0,0
TX4623,Chuyên đề Lý luận NN và PL,2,0
TX4624,Anh văn chuyên ngành,2,0
TX4625,Chuyên đề Luật hiến pháp,2,30
TX4626,Chuyên đề Luật hiến pháp,2,0
TX4627,Chuyên đề Luật dân sự,3,0
TX4628,Chuyên đề Luật hình sự,3,0
TX4629,Chuyên đề Luật thương mại,3,0
TX4630,Luật công pháp quốc tế,2,15
TX4631,Chuyên đề Luật Tố tụng hình sự,2,0
TX4632,Chuyên đề Luật Tố tụng dân sự,2,0
TX4633,Chuyên đề Luật lao động,2,0
TX4634,Tư pháp quốc tế,4,45
TX4635,Tín dụng ngân hàng,3,0
TX4636,Nghiệp vụ ngoại thương,2,0
TX4637,Kế toán ngân hàng thương mại,2,15
TX4638,Thuế,2,0
TX4639,Luật ngân hàng,2,15
TX4640,Chuyên đề Luật hành chính,2,30
TX4641,Luật Hôn nhân - gia đình,2,15
TX4642,Luật Tài chính 1,2,0
TX4643,Luật tố tụng hành chính,1,0
TX4644,Pháp luật về quản lý hộ tịch,1,0
TX4645,Trách nhiệm dân sự ngoài HĐ,2,0
TX4646,Giám định pháp y,2,0
TX4647,Kỹ thuật XD văn bản pháp luật,2,15
TX4648,Lịch sử NN và PL Thế giới,2,0
TX4649,"Hòa giải, tuyên truyền PL",1,0
TX4650,Pháp luật về KD bảo hiểm,1,0
TX4651,Luật dân sự 2,2,0
TX4652,Luật hình sự 2,2,0
TX4653,Luật thương mại 2,2,0
TX4654,Pháp luật về công chứng CT,1,0
TX4655,Khoa học điều tra hình sự,2,15
TX4656,Luật hành chính đô thị,2,30
TX4657,"Pháp luật về thanh tra KN,TC",1,0
TX4658,Luật tố tụng hình sự 1,2,0
TX4659,Luật Tố tụng dân sự 1,2,30
TX4660,Công pháp quốc tế,2,0
TX4661,Luật Tài chính 2,2,0
TX4662,Hoạt động xuất nhập khẩu,1,0
TX4663,Luật thương mại quốc tế,2,0
TX4664,Pháp luật về KD chứng khoán,2,0
TX4665,Luật cạnh tranh,1,0
TX4666,Luật môi trường,2,0
TX4667,Tội phạm học,2,0
TX4668,"Quyền con người,quyền công dân",2,30
TX4669,Nghề luật sư và TV pháp luật,1,0
TX4670,Nghiệp vụ tòa án,1,0
TX4671,Lý luận NN và Pháp luật,4,0
TX4672,Chuyên đề Luật hành chính,2,0
TX4673,Kế toán tài chính 1,3,0
TX4674,Marketing căn bản,3,0
TX4675,Kinh tế lượng,3,0
TX4676,Pháp luật kinh tế,3,0
TX4677,Kế toán tài chính 2,3,0
TX4678,Kế toán quốc tế,3,0
TX4679,Hệ thống thông tin kế toán,2,0
TX4680,Thực hành kế toán 2,3,0
TX4681,Tín dụng ngân hàng,3,45
TX4682,Kế toán hoạt động đầu tư XDCB,2,0
TX4683,Tin học kế toán,2,0
TX4684,Kế toán ngân sách và nghiệp vụ kho bạc,3,0
TX4685,Thực hành khai báo thuế,2,0
TX4686,Lịch sử nhà nước và pháp luật Việt Nam,3,0
TX4687,Thực hành ghi số kế toán,3,15
TX4688,Thực hành phần mềm kế toán,3,0
TX4689,Kế toán Mỹ,2,0
TX4690,Phân tích chuẩn mực kế toán,2,0
TX4691,Tài chính - Tiền tệ,3,0
TX4700,Thực hành kế toán 1,3,0
TX5001,Chủ nghĩa Xã hội Khoa học,2,0
TX5002,Chủ nghĩa Xã hội Khoa học,3,0
TX5003,Những NLCB của CN Mác-Lênin,5,75
TX5004,Lịch sử Đảng Cộng sản VN,3,0
TX5005,Lịch sử Đảng Cộng Sản VN,2,0
TX5301,Triết học Mác - Lênin,3,0
TX5302,Kinh tế Chính trị Mác - Lê Nin,3,0
TX5401,Triết học Mác - Lê Nin,4,0
TX5502,Kinh tế Chính trị Mác - Lê Nin,5,25
TX5503,Tư tưởng Hồ Chí Minh,2,0
TX5504,Đường lối CM của ĐCSVN,3,0
TX5505,Lịch sử Việt Nam,2,0
TX6001,Kỹ năng chăm sóc khách hàng,1,0
TX6002,Kỹ năng phục vụ khách hàng,2,0
TX6003,Tâm lý ứng xử trong công sở,3,0
TX6004,Văn hóa quốc tế,2,0
TX6005,Soạn thảo văn bản,2,0
TX6006,Nghi thức nhà nước,1,0
TX6007,Thực tập thực tế,2,0
TX6008,Thực hành soạn thảo văn bản,1,0
TX6012,Lễ tân văn phòng,2,0
TX6013,Văn thư lưu trữ,1,0
TX6014,PP nghiên cứu khoa học,1,0
TX6015,Hành vi tổ chức,1,30
TX6016,Nghệ thuật giao tiếp,1,0
TX6017,Văn thư lưu trữ,2,0
TX6018,Nghiệp vụ kế toán văn phòng,3,15
TX6019,Quản trị nguồn nhân lực,2,0
TX6020,Xử lý thư và công văn,2,0
TX6021,Tổ chức hội thảo,1,0
TX6022,Quản trị nguồn nhân lực,3,0
TX6023,Quản trị văn phòng,1,0
TX6024,Kỹ năng nghề nghiệp,1,0
TX6025,Thực tập tốt nghiệp,5,0
TX6026,Kỹ năng chăm sóc khách hàng,2,0
TX6027,Kỹ thuật XD và Ban hành VB,2,0
TX6028,Quản trị văn phòng,1,0
TX6029,Quản trị nguồn nhân lực,3,0
TX6030,Kỹ năng chăm sóc khách hàng,2,0
TX6031,Kỹ thuật XD và ban hành VB,2,0
TX6032,Soạn thảo văn bản,2,0
VH0001,Toán học,0,0
VH0002,Văn - Tiếng Việt,0,0
VH0003,Lịch sử,0,0
VH001,Tiếng Việt 1,4,0
VH002,Tiếng Việt 2,4,30
VH003,Tiếng Việt 3,4,0
VH004,Tiếng Việt 4,4,0
VH005,Tiếng Việt 5,4,0
VH006,Tiếng Việt 6,4,30
VH007,Văn hoá giao tiếp,2,15
VH008,Đất nước học,2,0
VH009,Ngữ pháp tiếng Việt,2,0
VH010,Dịch,2,0
VH011,"Phong tục, TN và LH Khmer NB",2,0
VH012,Tiếng Việt chuyên ngành,2,0
VH013,Tiếng Việt chuyên ngành,3,0
VLD101,Xây dựng văn bản pháp luật,2,0
